id,chapter,model,sourceOrigin,sourceAngles,sourceScale,sourcePoseMismatch,mapping,status,nativeAnchor,nativeRenderPivot,sourceOrientationRetained,cardinalBlockApproximation,visibilitySampleFraction,originalConflict,conflictResolution,displayParts,ownerReviewDisposition,actualMcChunkLoaded,actualMcLightSample,actualMcBlockLight,actualMcSkyLight,actualMcBlockState,actualMcAccessibleDisplays,actualMcExpectedDisplays
lost:staticprop:0,lost,models/props/cs_militia/ladderwood.mdl,"[-2276.68994140625, 277.6289978027344, -383.6960144042969]","[15.5, 180.0, 0.0]",1.0,[],,unmapped,,,False,False,,,,0,owner-reviewed: access/structural or breakable geometry; preserve verified native NAV and passage layout; Source collision/damage model absent,True,"-95, 65, -12",11,3,Block{minecraft:air},0,0
lost:staticprop:1,lost,models/props/de_inferno/bed.mdl,"[-2320.68994140625, 325.0, -339.70599365234375]","[0.0, 90.5, 0.0]",1.0,[],bed,placed_display,"[-97, 66, -14]","[0.0, 0.154416, 0.0]",True,False,1.0,protected_navigation_or_gameplay,zero-hitbox Source-pose display,9,,True,"-97, 67, -14",13,2,Block{minecraft:air},0,9
lost:staticprop:2,lost,models/props/de_inferno/bed.mdl,"[-2320.68994140625, 231.0, -339.70599365234375]","[0.0, 90.5, 0.0]",1.0,[],bed,placed_display,"[-97, 66, -10]","[0.0, 0.154416, 0.0]",True,False,1.0,protected_navigation_or_gameplay,zero-hitbox Source-pose display,9,,True,"-97, 67, -10",13,0,Block{minecraft:air},0,9
lost:staticprop:3,lost,models/props/de_inferno/bed.mdl,"[-2078.68994140625, 326.0, -339.70599365234375]","[0.0, 90.5, 0.0]",1.0,[],bed,placed,"[-87, 66, -14]",0,False,True,,,,0,,True,"-87, 67, -14",13,5,Block{minecraft:air},0,0
lost:staticprop:4,lost,models/props/de_inferno/bed.mdl,"[-2078.68994140625, 232.0, -339.70599365234375]","[0.0, 90.5, 0.0]",1.0,[],bed,placed,"[-87, 66, -10]",0,False,True,,,,0,,True,"-87, 67, -10",14,1,"Block{minecraft:light}[level=14,waterlogged=false]",0,0
lost:staticprop:5,lost,models/props_downtown/metal_window01_8.mdl,"[-2160.010009765625, 503.0, -374.3630065917969]","[0.0, 180.0, 0.0]",1.0,[],,unmapped,,,False,False,,,,0,owner-reviewed: separate opening/control geometry; preserve native room/checkpoint door behaviour; no static fake closed doors,True,"-90, 66, -21",12,13,Block{minecraft:air},0,0
lost:staticprop:6,lost,models/props_downtown/metal_window01_8.mdl,"[-2258.010009765625, 503.0, -374.3630065917969]","[0.0, 180.0, 0.0]",1.0,[],,unmapped,,,False,False,,,,0,owner-reviewed: separate opening/control geometry; preserve native room/checkpoint door behaviour; no static fake closed doors,True,"-94, 66, -21",11,13,Block{minecraft:air},0,0
lost:staticprop:7,lost,models/props_interiors/bathroomsink01.mdl,"[-2097.010009765625, 420.0, -366.70599365234375]","[0.0, 180.0, 0.0]",1.0,[],bathroom_sink,placed_display,"[-87, 65, -17]","[0.0, 0.279416, 0.0]",True,False,1.0,reviewed_accessory_requires_pose_preserving_display,zero-hitbox Source-pose display,4,,True,"-87, 66, -17",12,9,Block{minecraft:air},4,4
lost:staticprop:8,lost,models/props/de_nuke/window01.mdl,"[-2312.010009765625, 509.0, -340.3630065917969]","[0.0, 89.0, 0.0]",1.0,[],,unmapped,,,False,False,,,,0,owner-reviewed: separate opening/control geometry; preserve native room/checkpoint door behaviour; no static fake closed doors,True,"-96, 67, -21",8,11,Block{minecraft:air},0,0
lost:staticprop:9,lost,models/props/cs_militia/ladderwood.mdl,"[-2120.68994140625, 277.6289978027344, -383.6960144042969]","[15.5, 0.0, 0.0]",1.0,[],,unmapped,,,False,False,,,,0,owner-reviewed: access/structural or breakable geometry; preserve verified native NAV and passage layout; Source collision/damage model absent,True,"-88, 65, -12",0,0,Block{minecraft:spruce_planks},0,0
lost:staticprop:10,lost,models/props_urban/hotel_bathroom_showerhead001.mdl,"[-2346.010009765625, 468.0, -326.70599365234375]","[0.0, 0.0, 0.0]",1.0,[],showerhead,placed_display,"[-97, 66, -19]","[0.5, 0.0, 0.0]",True,False,1.0,reviewed_accessory_requires_pose_preserving_display,zero-hitbox Source-pose display,3,,True,"-97, 67, -19",9,10,Block{minecraft:air},0,3
lost:staticprop:11,lost,models/props_interiors/toilet_d.mdl,"[-2318.010009765625, 386.0, -416.70599365234375]","[0.0, 90.0, 0.0]",1.0,[],toilet,placed_display,"[-97, 63, -17]","[-0.0, 0.36275, -0.75]",True,False,1.0,reviewed_accessory_requires_pose_preserving_display,zero-hitbox Source-pose display,4,,True,"-97, 64, -17",9,8,Block{minecraft:air},0,4
lost:staticprop:12,lost,models/props/cs_office/light_inset.mdl,"[-2309.010009765625, 446.0, -247.70599365234375]","[0.0, 180.0, 0.0]",1.0,[],fixture,placed_display,"[-96, 68, -19]","[0.0, -0.75, 0.0]",True,False,0.8,existing_geometry_or_prior_prop,zero-hitbox Source-pose display,2,,True,"-96, 69, -19",0,0,Block{minecraft:white_concrete},2,2
lost:staticprop:13,lost,models/props/de_nuke/wall_light.mdl,"[-2218.590087890625, 375.0, -245.70599365234375]","[60.0, 270.0, 180.0]",1.0,[],fixture,placed_display,"[-92, 67, -16]","[0.0, -2.0, 0.0]",True,False,1.0,tilted_or_scaled_model,zero-hitbox Source-pose display,2,,True,"-92, 68, -16",0,0,Block{minecraft:white_concrete},2,2
lost:staticprop:14,lost,models/props/cs_militia/ladderwood.mdl,"[-1287.68994140625, 277.6289978027344, -383.6960144042969]","[15.5, 180.0, 0.0]",1.0,[],,unmapped,,,False,False,,,,0,owner-reviewed: access/structural or breakable geometry; preserve verified native NAV and passage layout; Source collision/damage model absent,True,"-54, 65, -12",11,3,Block{minecraft:air},0,0
lost:staticprop:15,lost,models/props/de_inferno/bed.mdl,"[-1331.68994140625, 325.0, -339.70599365234375]","[0.0, 90.5, 0.0]",1.0,[],bed,placed_display,"[-55, 66, -14]","[0.0, 0.25, 0.0]",True,False,1.0,protected_navigation_or_gameplay,zero-hitbox Source-pose display,9,,True,"-55, 67, -14",14,3,Block{minecraft:air},9,9
lost:staticprop:16,lost,models/props/de_inferno/bed.mdl,"[-1331.68994140625, 231.0, -339.70599365234375]","[0.0, 90.5, 0.0]",1.0,[],bed,placed_display,"[-55, 66, -10]","[0.0, 0.25, 0.0]",True,False,1.0,protected_navigation_or_gameplay,zero-hitbox Source-pose display,9,,True,"-55, 67, -10",14,0,"Block{minecraft:light}[level=14,waterlogged=false]",9,9
lost:staticprop:17,lost,models/props/de_inferno/bed.mdl,"[-1089.68994140625, 326.0, -339.70599365234375]","[0.0, 90.5, 0.0]",1.0,[],bed,placed_display,"[-46, 66, -12]","[-0.739063, 0.154416, 1.256497]",True,False,1.0,no_support_at_source_xz,zero-hitbox Source-pose display,9,,True,"-46, 67, -12",13,3,Block{minecraft:air},9,9
lost:staticprop:18,lost,models/props/de_inferno/bed.mdl,"[-1089.68994140625, 232.0, -339.70599365234375]","[0.0, 90.5, 0.0]",1.0,[],bed,placed_display,"[-46, 66, -10]","[-0.749971, 0.154416, 0.006545]",True,False,1.0,no_support_at_source_xz,zero-hitbox Source-pose display,9,,True,"-46, 67, -10",14,1,"Block{minecraft:light}[level=14,waterlogged=false]",9,9
lost:staticprop:19,lost,models/props_downtown/metal_window01_8.mdl,"[-1171.010009765625, 503.0, -374.3630065917969]","[0.0, 180.0, 0.0]",1.0,[],,unmapped,,,False,False,,,,0,owner-reviewed: separate opening/control geometry; preserve native room/checkpoint door behaviour; no static fake closed doors,True,"-49, 66, -21",12,13,Block{minecraft:air},0,0
lost:staticprop:20,lost,models/props_downtown/metal_window01_8.mdl,"[-1269.010009765625, 503.0, -374.3630065917969]","[0.0, 180.0, 0.0]",1.0,[],,unmapped,,,False,False,,,,0,owner-reviewed: separate opening/control geometry; preserve native room/checkpoint door behaviour; no static fake closed doors,True,"-53, 66, -21",11,13,Block{minecraft:air},0,0
lost:staticprop:21,lost,models/props_interiors/bathroomsink01.mdl,"[-1108.010009765625, 420.0, -366.70599365234375]","[0.0, 180.0, 0.0]",1.0,[],bathroom_sink,placed_display,"[-46, 65, -17]","[0.0, 0.279416, 0.0]",True,False,1.0,reviewed_accessory_requires_pose_preserving_display,zero-hitbox Source-pose display,4,,True,"-46, 66, -17",12,9,Block{minecraft:air},4,4
lost:staticprop:22,lost,models/props/de_nuke/window01.mdl,"[-1323.010009765625, 509.0, -340.3630065917969]","[0.0, 89.0, 0.0]",1.0,[],,unmapped,,,False,False,,,,0,owner-reviewed: separate opening/control geometry; preserve native room/checkpoint door behaviour; no static fake closed doors,True,"-55, 67, -21",8,12,Block{minecraft:air},0,0
lost:staticprop:23,lost,models/props/cs_militia/ladderwood.mdl,"[-1131.68994140625, 277.6289978027344, -383.6960144042969]","[15.5, 0.0, 0.0]",1.0,[],,unmapped,,,False,False,,,,0,owner-reviewed: access/structural or breakable geometry; preserve verified native NAV and passage layout; Source collision/damage model absent,True,"-47, 65, -12",0,0,Block{minecraft:spruce_planks},0,0
lost:staticprop:24,lost,models/props_urban/hotel_bathroom_showerhead001.mdl,"[-1357.010009765625, 468.0, -326.70599365234375]","[0.0, 0.0, 0.0]",1.0,[],showerhead,placed_display,"[-56, 66, -19]","[0.25, 0.0, 0.0]",True,False,1.0,reviewed_accessory_requires_pose_preserving_display,zero-hitbox Source-pose display,3,,True,"-56, 67, -19",9,10,Block{minecraft:air},3,3
lost:staticprop:25,lost,models/props_interiors/toilet_d.mdl,"[-1329.010009765625, 386.0, -416.70599365234375]","[0.0, 90.0, 0.0]",1.0,[],toilet,placed_display,"[-55, 63, -17]","[-0.0, 0.36275, -0.75]",True,False,1.0,reviewed_accessory_requires_pose_preserving_display,zero-hitbox Source-pose display,4,,True,"-55, 64, -17",10,8,Block{minecraft:air},4,4
lost:staticprop:26,lost,models/props/cs_office/light_inset.mdl,"[-1320.010009765625, 446.0, -247.70599365234375]","[0.0, 180.0, 0.0]",1.0,[],fixture,placed_display,"[-55, 68, -19]","[0.0, -0.75, 0.0]",True,False,0.7,existing_geometry_or_prior_prop,zero-hitbox Source-pose display,2,,True,"-55, 69, -19",0,0,Block{minecraft:white_concrete},2,2
lost:staticprop:27,lost,models/props/de_nuke/wall_light.mdl,"[-1229.5899658203125, 375.0, -245.70599365234375]","[60.0, 270.0, -180.0]",1.0,[],fixture,placed_display,"[-51, 67, -16]","[0.0, -2.0, 0.0]",True,False,1.0,tilted_or_scaled_model,zero-hitbox Source-pose display,2,,True,"-51, 68, -16",0,0,Block{minecraft:white_concrete},2,2
lost:staticprop:28,lost,models/props/cs_militia/ladderwood.mdl,"[-419.30999755859375, -146.62899780273438, -383.6960144042969]","[15.5, 0.0, 0.0]",1.0,[],,unmapped,,,False,False,,,,0,owner-reviewed: access/structural or breakable geometry; preserve verified native NAV and passage layout; Source collision/damage model absent,True,"-17, 65, 6",0,0,Block{minecraft:spruce_planks},0,0
lost:staticprop:29,lost,models/props/de_inferno/bed.mdl,"[-375.30999755859375, -194.0, -339.70599365234375]","[0.0, 270.5, 0.0]",1.0,[],bed,placed,"[-16, 66, 8]",0,False,True,,,,0,,True,"-16, 67, 8",13,2,Block{minecraft:air},0,0
lost:staticprop:30,lost,models/props/de_inferno/bed.mdl,"[-375.30999755859375, -100.0, -339.70599365234375]","[0.0, 270.5, 0.0]",1.0,[],bed,placed_display,"[-16, 66, 4]","[-0.499981, 0.154416, 0.004363]",True,False,1.0,bed_head_unsupported,zero-hitbox Source-pose display,9,,True,"-16, 67, 4",13,0,Block{minecraft:air},9,9
lost:staticprop:31,lost,models/props/de_inferno/bed.mdl,"[-617.3099975585938, -195.0, -339.70599365234375]","[0.0, 270.5, 0.0]",1.0,[],bed,placed_display,"[-26, 66, 7]","[-0.006545, 0.154416, -0.749971]",True,False,1.0,protected_navigation_or_gameplay,zero-hitbox Source-pose display,9,,True,"-26, 67, 7",14,5,"Block{minecraft:light}[level=14,waterlogged=false]",9,9
lost:staticprop:32,lost,models/props/de_inferno/bed.mdl,"[-617.3099975585938, -101.0, -339.70599365234375]","[0.0, 270.5, 0.0]",1.0,[],bed,placed_display,"[-26, 66, 4]","[0.0, 0.154416, 0.0]",True,False,1.0,bed_head_unsupported,zero-hitbox Source-pose display,9,,True,"-26, 67, 4",14,2,"Block{minecraft:light}[level=14,waterlogged=false]",9,9
lost:staticprop:33,lost,models/props_downtown/metal_window01_8.mdl,"[-535.989990234375, -372.0, -374.3630065917969]","[0.0, 0.0, 0.0]",1.0,[],,unmapped,,,False,False,,,,0,owner-reviewed: separate opening/control geometry; preserve native room/checkpoint door behaviour; no static fake closed doors,True,"-22, 66, 16",10,15,Block{minecraft:air},0,0
lost:staticprop:34,lost,models/props_downtown/metal_window01_8.mdl,"[-437.989990234375, -372.0, -374.3630065917969]","[0.0, 0.0, 0.0]",1.0,[],,unmapped,,,False,False,,,,0,owner-reviewed: separate opening/control geometry; preserve native room/checkpoint door behaviour; no static fake closed doors,True,"-18, 66, 16",9,15,Block{minecraft:air},0,0
lost:staticprop:35,lost,models/props_interiors/bathroomsink01.mdl,"[-598.989990234375, -289.0, -366.70599365234375]","[0.0, 0.0, 0.0]",1.0,[],bathroom_sink,placed_display,"[-25, 65, 12]","[0.0, 0.279416, 0.0]",True,False,1.0,reviewed_accessory_requires_pose_preserving_display,zero-hitbox Source-pose display,4,,True,"-25, 66, 12",11,11,Block{minecraft:air},4,4
lost:staticprop:36,lost,models/props/de_nuke/window01.mdl,"[-383.989990234375, -378.0, -340.3630065917969]","[0.0, 269.0, 0.0]",1.0,[],,unmapped,,,False,False,,,,0,owner-reviewed: separate opening/control geometry; preserve native room/checkpoint door behaviour; no static fake closed doors,True,"-16, 67, 16",10,15,Block{minecraft:air},0,0
lost:staticprop:37,lost,models/props/cs_militia/ladderwood.mdl,"[-575.3099975585938, -146.62899780273438, -383.6960144042969]","[15.5, 180.0, 0.0]",1.0,[],,unmapped,,,False,False,,,,0,owner-reviewed: access/structural or breakable geometry; preserve verified native NAV and passage layout; Source collision/damage model absent,True,"-24, 65, 6",12,3,Block{minecraft:air},0,0
lost:staticprop:38,lost,models/props_interiors/toilet_d.mdl,"[-377.989990234375, -255.0, -416.70599365234375]","[0.0, 270.0, 0.0]",1.0,[],toilet,placed_display,"[-16, 63, 11]","[-0.5, 0.36275, 0.5]",True,False,1.0,reviewed_accessory_requires_pose_preserving_display,zero-hitbox Source-pose display,4,,True,"-16, 64, 11",9,9,Block{minecraft:air},4,4
lost:staticprop:39,lost,models/props/cs_office/light_inset.mdl,"[-386.989990234375, -315.0, -247.70599365234375]","[0.0, 0.0, 0.0]",1.0,[],fixture,placed_display,"[-16, 68, 13]","[0.0, -0.75, 0.0]",True,False,0.7,existing_geometry_or_prior_prop,zero-hitbox Source-pose display,2,,True,"-16, 69, 13",0,0,Block{minecraft:white_concrete},2,2
lost:staticprop:40,lost,models/props/de_nuke/wall_light.mdl,"[-477.4100036621094, -244.0, -245.70599365234375]","[60.0, 90.0, 180.0]",1.0,[],fixture,placed_display,"[-20, 67, 10]","[0.0, -2.0, 0.0]",True,False,1.0,tilted_or_scaled_model,zero-hitbox Source-pose display,2,,True,"-20, 68, 10",0,0,Block{minecraft:white_concrete},2,2
lost:staticprop:41,lost,models/props/cs_militia/ladderwood.mdl,"[-87.30999755859375, -146.62899780273438, -383.6960144042969]","[15.5, 0.0, 0.0]",1.0,[],,unmapped,,,False,False,,,,0,owner-reviewed: access/structural or breakable geometry; preserve verified native NAV and passage layout; Source collision/damage model absent,True,"-4, 65, 6",13,3,Block{minecraft:air},0,0
lost:staticprop:42,lost,models/props/de_inferno/bed.mdl,"[-43.31010055541992, -194.0, -339.70599365234375]","[0.0, 270.5, 0.0]",1.0,[],bed,placed,"[-2, 66, 8]",0,False,True,,,,0,,True,"-2, 67, 8",12,2,Block{minecraft:air},0,0
lost:staticprop:43,lost,models/props/de_inferno/bed.mdl,"[-43.31010055541992, -100.0, -339.70599365234375]","[0.0, 270.5, 0.0]",1.0,[],bed,placed_display,"[-2, 66, 4]","[-0.24999, 0.154416, 0.002182]",True,False,1.0,bed_head_unsupported,zero-hitbox Source-pose display,9,,True,"-2, 67, 4",12,0,Block{minecraft:air},9,9
lost:staticprop:44,lost,models/props/de_inferno/bed.mdl,"[-285.30999755859375, -195.0, -339.70599365234375]","[0.0, 270.5, 0.0]",1.0,[],bed,placed_display,"[-12, 66, 7]","[-0.006545, 0.154416, -0.749971]",True,False,1.0,protected_navigation_or_gameplay,zero-hitbox Source-pose display,9,,True,"-12, 67, 7",13,5,Block{minecraft:air},9,9
lost:staticprop:45,lost,models/props/de_inferno/bed.mdl,"[-285.30999755859375, -101.0, -339.70599365234375]","[0.0, 270.5, 0.0]",1.0,[],bed,placed_display,"[-12, 66, 4]","[0.0, 0.25, 0.0]",True,False,1.0,existing_geometry_or_prior_prop,zero-hitbox Source-pose display,9,,True,"-12, 67, 4",12,2,Block{minecraft:air},9,9
lost:staticprop:46,lost,models/props_downtown/metal_window01_8.mdl,"[-203.99000549316406, -372.0, -374.3630065917969]","[0.0, 0.0, 0.0]",1.0,[],,unmapped,,,False,False,,,,0,owner-reviewed: separate opening/control geometry; preserve native room/checkpoint door behaviour; no static fake closed doors,True,"-8, 66, 16",10,15,Block{minecraft:air},0,0
lost:staticprop:47,lost,models/props_downtown/metal_window01_8.mdl,"[-105.98999786376953, -372.0, -374.3630065917969]","[0.0, 0.0, 0.0]",1.0,[],,unmapped,,,False,False,,,,0,owner-reviewed: separate opening/control geometry; preserve native room/checkpoint door behaviour; no static fake closed doors,True,"-4, 66, 16",8,15,Block{minecraft:air},0,0
lost:staticprop:48,lost,models/props_interiors/bathroomsink01.mdl,"[-266.989990234375, -289.0, -366.70599365234375]","[0.0, 0.0, 0.0]",1.0,[],bathroom_sink,placed_display,"[-11, 65, 12]","[0.0, 0.279416, 0.0]",True,False,1.0,reviewed_accessory_requires_pose_preserving_display,zero-hitbox Source-pose display,4,,True,"-11, 66, 12",12,11,Block{minecraft:air},4,4
lost:staticprop:49,lost,models/props/de_nuke/window01.mdl,"[-51.9900016784668, -378.0, -340.3630065917969]","[0.0, 269.0, 0.0]",1.0,[],,unmapped,,,False,False,,,,0,owner-reviewed: separate opening/control geometry; preserve native room/checkpoint door behaviour; no static fake closed doors,True,"-2, 67, 16",5,15,Block{minecraft:air},0,0
lost:staticprop:50,lost,models/props/cs_militia/ladderwood.mdl,"[-243.30999755859375, -146.62899780273438, -383.6960144042969]","[15.5, 180.0, 0.0]",1.0,[],,unmapped,,,False,False,,,,0,owner-reviewed: access/structural or breakable geometry; preserve verified native NAV and passage layout; Source collision/damage model absent,True,"-10, 65, 6",12,3,Block{minecraft:air},0,0
lost:staticprop:51,lost,models/props_urban/hotel_bathroom_showerhead001.mdl,"[-17.989999771118164, -337.0, -326.70599365234375]","[0.0, 180.0, 0.0]",1.0,[],showerhead,placed_display,"[-2, 66, 14]","[-1.0, 0.0, -0.0]",True,False,1.0,reviewed_accessory_requires_pose_preserving_display,zero-hitbox Source-pose display,3,,True,"-2, 67, 14",7,12,Block{minecraft:air},3,3
lost:staticprop:52,lost,models/props_interiors/toilet_d.mdl,"[-45.9900016784668, -255.0, -416.70599365234375]","[0.0, 270.0, 0.0]",1.0,[],toilet,placed_display,"[-2, 63, 11]","[-0.5, 0.36275, 0.5]",True,False,1.0,reviewed_accessory_requires_pose_preserving_display,zero-hitbox Source-pose display,4,,True,"-2, 64, 11",8,9,Block{minecraft:air},4,4
lost:staticprop:53,lost,models/props/cs_office/light_inset.mdl,"[-54.9900016784668, -315.0, -247.70599365234375]","[0.0, 0.0, 0.0]",1.0,[],fixture,placed_display,"[-2, 68, 13]","[0.0, -0.75, 0.0]",True,False,0.95,existing_geometry_or_prior_prop,zero-hitbox Source-pose display,2,,True,"-2, 69, 13",0,0,Block{minecraft:white_concrete},2,2
lost:staticprop:54,lost,models/props/de_nuke/wall_light.mdl,"[-145.41000366210938, -244.0, -245.70599365234375]","[60.0, 90.0, 180.0]",1.0,[],fixture,placed_display,"[-6, 67, 10]","[0.0, -2.0, 0.0]",True,False,1.0,tilted_or_scaled_model,zero-hitbox Source-pose display,2,,True,"-6, 68, 10",0,0,Block{minecraft:white_concrete},2,2
lost:staticprop:55,lost,models/props/de_inferno/bed.mdl,"[1143.1500244140625, -226.11199951171875, -359.968994140625]","[0.32027000188827515, 268.1659851074219, 71.11039733886719]",1.0,[],bed,placed_display,"[48, 65, 9]","[0.0, 0.5, 0.0]",True,False,1.0,tilted_or_scaled_model,zero-hitbox Source-pose display,9,,True,"48, 66, 9",13,8,Block{minecraft:air},9,9
lost:staticprop:56,lost,models/props/de_inferno/bed.mdl,"[1142.0, -132.17799377441406, -377.0]","[1.6217299699783325, 270.91400146484375, -179.3719940185547]",1.0,[],bed,placed_display,"[48, 65, 6]","[0.0, 1.5, 0.0]",True,False,0.9889,tilted_or_scaled_model,zero-hitbox Source-pose display,9,,True,"48, 66, 6",13,5,Block{minecraft:air},9,9
lost:staticprop:57,lost,models/props/de_inferno/bed.mdl,"[1035.68994140625, -195.0, -339.70599365234375]","[0.0, 270.5, 0.0]",1.0,[],bed,placed,"[43, 65, 8]",0,False,True,,,,0,,True,"43, 66, 8",11,5,Block{minecraft:air},0,0
lost:staticprop:58,lost,models/props/de_inferno/bed.mdl,"[1035.68994140625, -101.0, -339.70599365234375]","[0.0, 270.5, 0.0]",1.0,[],bed,placed_display,"[43, 66, 4]","[0.0, 0.25, 0.0]",True,False,1.0,bed_head_unsupported,zero-hitbox Source-pose display,9,,True,"43, 67, 4",12,2,Block{minecraft:air},9,9
lost:staticprop:59,lost,models/props_downtown/metal_window01_8.mdl,"[1117.010009765625, -372.0, -374.3630065917969]","[0.0, 0.0, 0.0]",1.0,[],,unmapped,,,False,False,,,,0,owner-reviewed: separate opening/control geometry; preserve native room/checkpoint door behaviour; no static fake closed doors,True,"47, 66, 16",10,15,Block{minecraft:air},0,0
lost:staticprop:60,lost,models/props_downtown/metal_window01_8.mdl,"[1215.010009765625, -372.0, -374.3630065917969]","[0.0, 0.0, 0.0]",1.0,[],,unmapped,,,False,False,,,,0,owner-reviewed: separate opening/control geometry; preserve native room/checkpoint door behaviour; no static fake closed doors,True,"51, 66, 16",8,15,Block{minecraft:air},0,0
lost:staticprop:61,lost,models/props_interiors/bathroomsink01.mdl,"[1054.010009765625, -289.0, -366.70599365234375]","[0.0, 0.0, 0.0]",1.0,[],bathroom_sink,placed_display,"[44, 65, 12]","[0.0, 0.279416, 0.0]",True,False,1.0,reviewed_accessory_requires_pose_preserving_display,zero-hitbox Source-pose display,4,,True,"44, 66, 12",12,11,Block{minecraft:air},4,4
lost:staticprop:62,lost,models/props/de_nuke/window01.mdl,"[1269.010009765625, -378.0, -340.3630065917969]","[0.0, 269.0, 0.0]",1.0,[],,unmapped,,,False,False,,,,0,owner-reviewed: separate opening/control geometry; preserve native room/checkpoint door behaviour; no static fake closed doors,True,"53, 67, 16",5,15,Block{minecraft:air},0,0
lost:staticprop:63,lost,models/props/cs_militia/ladderwood.mdl,"[1077.68994140625, -146.62899780273438, -383.6960144042969]","[15.5, 180.0, 0.0]",1.0,[],,unmapped,,,False,False,,,,0,owner-reviewed: access/structural or breakable geometry; preserve verified native NAV and passage layout; Source collision/damage model absent,True,"45, 65, 6",12,3,Block{minecraft:air},0,0
lost:staticprop:64,lost,models/props_urban/hotel_bathroom_showerhead001.mdl,"[1303.010009765625, -337.0, -326.70599365234375]","[0.0, 180.0, 0.0]",1.0,[],showerhead,placed_display,"[55, 66, 14]","[0.75, 0.0, 0.0]",True,False,1.0,reviewed_accessory_requires_pose_preserving_display,zero-hitbox Source-pose display,3,,True,"55, 67, 14",8,0,Block{minecraft:air},3,3
lost:staticprop:65,lost,models/props/cs_office/light_inset.mdl,"[1266.010009765625, -315.0, -247.70599365234375]","[0.0, 0.0, 0.0]",1.0,[],fixture,placed_display,"[53, 68, 13]","[0.0, -0.75, 0.0]",True,False,0.95,existing_geometry_or_prior_prop,zero-hitbox Source-pose display,2,,True,"53, 69, 13",0,0,Block{minecraft:white_concrete},2,2
lost:staticprop:66,lost,models/props/de_nuke/wall_light.mdl,"[1175.5899658203125, -244.0, -245.70599365234375]","[60.0, 90.0, 180.0]",1.0,[],fixture,placed_display,"[49, 67, 10]","[0.0, -2.0, 0.0]",True,False,1.0,tilted_or_scaled_model,zero-hitbox Source-pose display,2,,True,"49, 68, 10",0,0,Block{minecraft:white_concrete},2,2
lost:staticprop:67,lost,models/props/cs_militia/ladderwood.mdl,"[901.6900024414062, -146.62899780273438, -383.6960144042969]","[15.5, 0.0, 0.0]",1.0,[],,unmapped,,,False,False,,,,0,owner-reviewed: access/structural or breakable geometry; preserve verified native NAV and passage layout; Source collision/damage model absent,True,"38, 65, 6",0,0,Block{minecraft:spruce_planks},0,0
lost:staticprop:68,lost,models/props/de_inferno/bed.mdl,"[945.6900024414062, -194.0, -339.70599365234375]","[0.0, 270.5, 0.0]",1.0,[],bed,placed_display,"[39, 66, 7]","[-0.508707, 0.154416, -0.995599]",True,False,1.0,protected_navigation_or_gameplay,zero-hitbox Source-pose display,9,,True,"39, 67, 7",14,2,Block{minecraft:air},9,9
lost:staticprop:69,lost,models/props/de_inferno/bed.mdl,"[945.6900024414062, -100.0, -339.70599365234375]","[0.0, 270.5, 0.0]",1.0,[],bed,placed_display,"[39, 66, 4]","[-0.499981, 0.154416, 0.004363]",True,False,1.0,bed_head_unsupported,zero-hitbox Source-pose display,9,,True,"39, 67, 4",13,0,Block{minecraft:air},9,9
lost:staticprop:70,lost,models/props/de_inferno/bed.mdl,"[703.6900024414062, -195.0, -339.70599365234375]","[0.0, 270.5, 0.0]",1.0,[],bed,placed_display,"[29, 66, 7]","[-0.006545, 0.154416, -0.749971]",True,False,1.0,protected_navigation_or_gameplay,zero-hitbox Source-pose display,9,,True,"29, 67, 7",14,5,"Block{minecraft:light}[level=14,waterlogged=false]",9,9
lost:staticprop:71,lost,models/props/de_inferno/bed.mdl,"[703.6900024414062, -101.0, -339.70599365234375]","[0.0, 270.5, 0.0]",1.0,[],bed,placed_display,"[29, 66, 4]","[0.0, 0.154416, 0.0]",True,False,1.0,bed_head_unsupported,zero-hitbox Source-pose display,9,,True,"29, 67, 4",14,2,"Block{minecraft:light}[level=14,waterlogged=false]",9,9
lost:staticprop:72,lost,models/props_downtown/metal_window01_8.mdl,"[785.010009765625, -372.0, -374.3630065917969]","[0.0, 0.0, 0.0]",1.0,[],,unmapped,,,False,False,,,,0,owner-reviewed: separate opening/control geometry; preserve native room/checkpoint door behaviour; no static fake closed doors,True,"33, 66, 16",10,15,Block{minecraft:air},0,0
lost:staticprop:73,lost,models/props_downtown/metal_window01_8.mdl,"[883.010009765625, -372.0, -374.3630065917969]","[0.0, 0.0, 0.0]",1.0,[],,unmapped,,,False,False,,,,0,owner-reviewed: separate opening/control geometry; preserve native room/checkpoint door behaviour; no static fake closed doors,True,"37, 66, 16",9,15,Block{minecraft:air},0,0
lost:staticprop:74,lost,models/props_interiors/bathroomsink01.mdl,"[722.010009765625, -289.0, -366.70599365234375]","[0.0, 0.0, 0.0]",1.0,[],bathroom_sink,placed_display,"[30, 65, 12]","[0.0, 0.279416, 0.0]",True,False,1.0,reviewed_accessory_requires_pose_preserving_display,zero-hitbox Source-pose display,4,,True,"30, 66, 12",11,11,Block{minecraft:air},4,4
lost:staticprop:75,lost,models/props/de_nuke/window01.mdl,"[937.010009765625, -378.0, -340.3630065917969]","[0.0, 269.0, 0.0]",1.0,[],,unmapped,,,False,False,,,,0,owner-reviewed: separate opening/control geometry; preserve native room/checkpoint door behaviour; no static fake closed doors,True,"39, 67, 16",6,15,Block{minecraft:air},0,0
lost:staticprop:76,lost,models/props/cs_militia/ladderwood.mdl,"[745.6900024414062, -146.62899780273438, -383.6960144042969]","[15.5, 180.0, 0.0]",1.0,[],,unmapped,,,False,False,,,,0,owner-reviewed: access/structural or breakable geometry; preserve verified native NAV and passage layout; Source collision/damage model absent,True,"31, 65, 6",12,3,Block{minecraft:air},0,0
lost:staticprop:77,lost,models/props_urban/hotel_bathroom_showerhead001.mdl,"[971.010009765625, -337.0, -326.70599365234375]","[0.0, 180.0, 0.0]",1.0,[],showerhead,placed_display,"[39, 66, 14]","[-1.0, 0.0, -0.0]",True,False,1.0,reviewed_accessory_requires_pose_preserving_display,zero-hitbox Source-pose display,3,,True,"39, 67, 14",8,12,Block{minecraft:air},3,3
lost:staticprop:78,lost,models/props_interiors/toilet_d.mdl,"[943.010009765625, -255.0, -416.70599365234375]","[0.0, 270.0, 0.0]",1.0,[],toilet,placed_display,"[39, 63, 11]","[-0.5, 0.36275, 0.5]",True,False,1.0,reviewed_accessory_requires_pose_preserving_display,zero-hitbox Source-pose display,4,,True,"39, 64, 11",9,9,Block{minecraft:air},4,4
lost:staticprop:79,lost,models/props/cs_office/light_inset.mdl,"[934.010009765625, -315.0, -247.70599365234375]","[0.0, 0.0, 0.0]",1.0,[],fixture,placed_display,"[39, 68, 13]","[0.0, -0.75, 0.0]",True,False,0.7,existing_geometry_or_prior_prop,zero-hitbox Source-pose display,2,,True,"39, 69, 13",0,0,Block{minecraft:white_concrete},2,2
lost:staticprop:80,lost,models/props/de_nuke/wall_light.mdl,"[843.5900268554688, -244.0, -245.70599365234375]","[60.0, 90.0, -180.0]",1.0,[],fixture,placed_display,"[35, 67, 10]","[0.0, -2.0, 0.0]",True,False,1.0,tilted_or_scaled_model,zero-hitbox Source-pose display,2,,True,"35, 68, 10",0,0,Block{minecraft:white_concrete},2,2
lost:staticprop:81,lost,models/props/cs_militia/ladderwood.mdl,"[358.30999755859375, 277.6289978027344, -383.6960144042969]","[15.5, 180.0, 0.0]",1.0,[],,unmapped,,,False,False,,,,0,owner-reviewed: access/structural or breakable geometry; preserve verified native NAV and passage layout; Source collision/damage model absent,True,"15, 65, -12",12,3,Block{minecraft:air},0,0
lost:staticprop:82,lost,models/props/de_inferno/bed.mdl,"[314.30999755859375, 325.0, -339.70599365234375]","[0.0, 90.5, 0.0]",1.0,[],bed,placed_display,"[13, 66, -14]","[0.0, 0.154416, 0.0]",True,False,1.0,protected_navigation_or_gameplay,zero-hitbox Source-pose display,9,,True,"13, 67, -14",13,2,Block{minecraft:air},9,9
lost:staticprop:83,lost,models/props/de_inferno/bed.mdl,"[314.30999755859375, 231.0, -339.70599365234375]","[0.0, 90.5, 0.0]",1.0,[],bed,placed_display,"[13, 66, -10]","[0.0, 0.154416, 0.0]",True,False,1.0,protected_navigation_or_gameplay,zero-hitbox Source-pose display,9,,True,"13, 67, -10",13,0,Block{minecraft:air},9,9
lost:staticprop:84,lost,models/props/de_inferno/bed.mdl,"[556.3099975585938, 326.0, -339.70599365234375]","[0.0, 90.5, 0.0]",1.0,[],bed,placed_display,"[22, 66, -13]","[-0.741245, 0.154416, 1.006507]",True,False,1.0,protected_navigation_or_gameplay,zero-hitbox Source-pose display,9,,True,"22, 67, -13",13,4,Block{minecraft:air},9,9
lost:staticprop:85,lost,models/props/de_inferno/bed.mdl,"[556.3099975585938, 232.0, -339.70599365234375]","[0.0, 90.5, 0.0]",1.0,[],bed,placed_display,"[23, 66, -10]","[-0.24999, 0.154416, 0.002182]",True,False,1.0,protected_navigation_or_gameplay,zero-hitbox Source-pose display,9,,True,"23, 67, -10",14,0,"Block{minecraft:light}[level=14,waterlogged=false]",9,9
lost:staticprop:86,lost,models/props_downtown/metal_window01_8.mdl,"[474.989990234375, 503.0, -374.3630065917969]","[0.0, 180.0, 0.0]",1.0,[],,unmapped,,,False,False,,,,0,owner-reviewed: separate opening/control geometry; preserve native room/checkpoint door behaviour; no static fake closed doors,True,"20, 66, -21",12,13,Block{minecraft:air},0,0
lost:staticprop:87,lost,models/props_downtown/metal_window01_8.mdl,"[376.989990234375, 503.0, -374.3630065917969]","[0.0, 180.0, 0.0]",1.0,[],,unmapped,,,False,False,,,,0,owner-reviewed: separate opening/control geometry; preserve native room/checkpoint door behaviour; no static fake closed doors,True,"16, 66, -21",11,13,Block{minecraft:air},0,0
lost:staticprop:88,lost,models/props_interiors/bathroomsink01.mdl,"[537.989990234375, 420.0, -366.70599365234375]","[0.0, 180.0, 0.0]",1.0,[],bathroom_sink,placed_display,"[22, 65, -17]","[0.0, 0.279416, 0.0]",True,False,1.0,reviewed_accessory_requires_pose_preserving_display,zero-hitbox Source-pose display,4,,True,"22, 66, -17",11,9,Block{minecraft:air},4,4
lost:staticprop:89,lost,models/props/de_nuke/window01.mdl,"[322.989990234375, 509.0, -340.3630065917969]","[0.0, 89.0, 0.0]",1.0,[],,unmapped,,,False,False,,,,0,owner-reviewed: separate opening/control geometry; preserve native room/checkpoint door behaviour; no static fake closed doors,True,"13, 67, -21",7,12,Block{minecraft:air},0,0
lost:staticprop:90,lost,models/props/cs_militia/ladderwood.mdl,"[514.3099975585938, 277.6289978027344, -383.6960144042969]","[15.5, 0.0, 0.0]",1.0,[],,unmapped,,,False,False,,,,0,owner-reviewed: access/structural or breakable geometry; preserve verified native NAV and passage layout; Source collision/damage model absent,True,"21, 65, -12",11,1,Block{minecraft:air},0,0
lost:staticprop:91,lost,models/props_urban/hotel_bathroom_showerhead001.mdl,"[288.989990234375, 468.0, -326.70599365234375]","[0.0, 0.0, 0.0]",1.0,[],showerhead,placed_display,"[12, 66, -19]","[0.0, 0.0, 0.0]",True,False,1.0,reviewed_accessory_requires_pose_preserving_display,zero-hitbox Source-pose display,3,,True,"12, 67, -19",8,9,Block{minecraft:air},3,3
lost:staticprop:92,lost,models/props_interiors/toilet_d.mdl,"[316.989990234375, 386.0, -416.70599365234375]","[0.0, 90.0, 0.0]",1.0,[],toilet,placed_display,"[13, 63, -17]","[-0.0, 0.36275, -0.75]",True,False,1.0,reviewed_accessory_requires_pose_preserving_display,zero-hitbox Source-pose display,4,,True,"13, 64, -17",9,8,Block{minecraft:air},4,4
lost:staticprop:93,lost,models/props/cs_office/light_inset.mdl,"[325.989990234375, 446.0, -247.70599365234375]","[0.0, 180.0, 0.0]",1.0,[],fixture,placed_display,"[14, 68, -19]","[0.0, -0.75, 0.0]",True,False,1.0,existing_geometry_or_prior_prop,zero-hitbox Source-pose display,2,,True,"14, 69, -19",0,0,Block{minecraft:white_concrete},2,2
lost:staticprop:94,lost,models/props/de_nuke/wall_light.mdl,"[416.4100036621094, 375.0, -245.70599365234375]","[60.0, 270.0, 180.0]",1.0,[],fixture,placed_display,"[17, 67, -16]","[0.0, -2.0, 0.0]",True,False,1.0,tilted_or_scaled_model,zero-hitbox Source-pose display,2,,True,"17, 68, -16",0,0,Block{minecraft:white_concrete},2,2
lost:staticprop:95,lost,models/props/cs_militia/ladderwood.mdl,"[2976.68994140625, -303.6289978027344, -383.6960144042969]","[15.5, 0.0, 0.0]",1.0,[],,unmapped,,,False,False,,,,0,owner-reviewed: access/structural or breakable geometry; preserve verified native NAV and passage layout; Source collision/damage model absent,True,"124, 65, 13",13,3,Block{minecraft:air},0,0
lost:staticprop:96,lost,models/props/de_inferno/bed.mdl,"[3020.68994140625, -351.0, -339.70599365234375]","[0.0, 270.5, 0.0]",1.0,[],bed,placed_display,"[126, 66, 13]","[-0.010908, 0.154416, -1.249952]",True,False,1.0,protected_navigation_or_gameplay,zero-hitbox Source-pose display,9,,True,"126, 67, 13",13,0,Block{minecraft:air},0,9
lost:staticprop:97,lost,models/props/de_inferno/bed.mdl,"[3020.68994140625, -257.0, -339.70599365234375]","[0.0, 270.5, 0.0]",1.0,[],bed,placed_display,"[126, 66, 11]","[0.0, 0.154416, 0.0]",True,False,1.0,protected_navigation_or_gameplay,zero-hitbox Source-pose display,9,,True,"126, 67, 11",11,0,Block{minecraft:air},0,9
lost:staticprop:98,lost,models/props/de_inferno/bed.mdl,"[2778.68994140625, -352.0, -339.70599365234375]","[0.0, 270.5, 0.0]",1.0,[],bed,placed_display,"[116, 66, 13]","[-0.010908, 0.154416, -1.249952]",True,False,1.0,protected_navigation_or_gameplay,zero-hitbox Source-pose display,9,,True,"116, 67, 13",13,4,Block{minecraft:air},0,9
lost:staticprop:99,lost,models/props/de_inferno/bed.mdl,"[2778.68994140625, -258.0, -339.70599365234375]","[0.0, 270.5, 0.0]",1.0,[],bed,placed,"[116, 66, 11]",0,False,True,,,,0,,True,"116, 67, 11",12,2,Block{minecraft:air},0,0
lost:staticprop:100,lost,models/props_downtown/metal_window01_8.mdl,"[2860.010009765625, -529.0, -374.3630065917969]","[0.0, 0.0, 0.0]",1.0,[],,unmapped,,,False,False,,,,0,owner-reviewed: separate opening/control geometry; preserve native room/checkpoint door behaviour; no static fake closed doors,True,"119, 66, 22",10,14,Block{minecraft:air},0,0
lost:staticprop:101,lost,models/props_downtown/metal_window01_8.mdl,"[2958.010009765625, -529.0, -374.3630065917969]","[0.0, 0.0, 0.0]",1.0,[],,unmapped,,,False,False,,,,0,owner-reviewed: separate opening/control geometry; preserve native room/checkpoint door behaviour; no static fake closed doors,True,"123, 66, 22",0,0,Block{minecraft:smooth_quartz},0,0
lost:staticprop:102,lost,models/props_interiors/bathroomsink01.mdl,"[2797.010009765625, -446.0, -366.70599365234375]","[0.0, 0.0, 0.0]",1.0,[],bathroom_sink,placed_display,"[117, 65, 19]","[0.0, 0.279416, 0.0]",True,False,1.0,reviewed_accessory_requires_pose_preserving_display,zero-hitbox Source-pose display,4,,True,"117, 66, 19",13,11,Block{minecraft:air},0,4
lost:staticprop:103,lost,models/props/de_nuke/window01.mdl,"[3012.010009765625, -535.0, -340.3630065917969]","[0.0, 269.0, 0.0]",1.0,[],,unmapped,,,False,False,,,,0,owner-reviewed: separate opening/control geometry; preserve native room/checkpoint door behaviour; no static fake closed doors,True,"126, 67, 22",0,0,Block{minecraft:smooth_quartz},0,0
lost:staticprop:104,lost,models/props/cs_militia/ladderwood.mdl,"[2820.68994140625, -303.6289978027344, -383.6960144042969]","[15.5, 180.0, 0.0]",1.0,[],,unmapped,,,False,False,,,,0,owner-reviewed: access/structural or breakable geometry; preserve verified native NAV and passage layout; Source collision/damage model absent,True,"118, 65, 13",13,3,Block{minecraft:air},0,0
lost:staticprop:105,lost,models/props_urban/hotel_bathroom_showerhead001.mdl,"[3046.010009765625, -494.0, -326.70599365234375]","[0.0, 180.0, 0.0]",1.0,[],showerhead,placed_display,"[126, 66, 21]","[-0.5, 0.0, -0.0]",True,False,1.0,reviewed_accessory_requires_pose_preserving_display,zero-hitbox Source-pose display,3,,True,"126, 67, 21",6,11,Block{minecraft:air},0,3
lost:staticprop:106,lost,models/props_interiors/toilet_d.mdl,"[3018.010009765625, -412.0, -416.70599365234375]","[0.0, 270.0, 0.0]",1.0,[],toilet,placed_display,"[126, 63, 17]","[0.0, 0.36275, 0.0]",True,False,1.0,reviewed_accessory_requires_pose_preserving_display,zero-hitbox Source-pose display,4,,True,"126, 64, 17",8,7,Block{minecraft:air},0,4
lost:staticprop:107,lost,models/props/cs_office/light_inset.mdl,"[3009.010009765625, -472.0, -247.70599365234375]","[0.0, 0.0, 0.0]",1.0,[],fixture,placed_display,"[125, 68, 20]","[0.0, -0.75, 0.0]",True,False,1.0,existing_geometry_or_prior_prop,zero-hitbox Source-pose display,2,,True,"125, 69, 20",0,0,Block{minecraft:white_concrete},0,2
lost:staticprop:108,lost,models/props/de_nuke/wall_light.mdl,"[2918.590087890625, -401.0, -245.70599365234375]","[60.0, 90.0, 180.0]",1.0,[],fixture,placed_display,"[122, 67, 17]","[0.0, -2.0, 0.0]",True,False,1.0,tilted_or_scaled_model,zero-hitbox Source-pose display,2,,True,"122, 68, 17",14,7,Block{minecraft:air},0,2
lost:staticprop:109,lost,models/props/cs_militia/ladderwood.mdl,"[1987.68994140625, -303.6289978027344, -383.6960144042969]","[15.5, 0.0, 0.0]",1.0,[],,unmapped,,,False,False,,,,0,owner-reviewed: access/structural or breakable geometry; preserve verified native NAV and passage layout; Source collision/damage model absent,True,"83, 65, 13",0,0,Block{minecraft:spruce_planks},0,0
lost:staticprop:110,lost,models/props/de_inferno/bed.mdl,"[2031.68994140625, -351.0, -339.70599365234375]","[0.0, 270.5, 0.0]",1.0,[],bed,placed_display,"[84, 65, 13]","[-0.763061, 0.0, -1.493398]",True,False,0.9222,no_support_at_source_xz,zero-hitbox Source-pose display,9,,True,"84, 66, 13",13,2,Block{minecraft:air},0,9
lost:staticprop:111,lost,models/props/de_inferno/bed.mdl,"[2031.68994140625, -257.0, -339.70599365234375]","[0.0, 270.5, 0.0]",1.0,[],bed,placed_display,"[84, 66, 11]","[-0.749971, 0.154416, 0.006545]",True,False,1.0,no_support_at_source_xz,zero-hitbox Source-pose display,9,,True,"84, 67, 11",12,0,Block{minecraft:air},0,9
lost:staticprop:112,lost,models/props/de_inferno/bed.mdl,"[1789.68994140625, -352.0, -339.70599365234375]","[0.0, 270.5, 0.0]",1.0,[],bed,placed_display,"[75, 66, 13]","[-0.010908, 0.154416, -1.249952]",True,False,1.0,existing_geometry_or_prior_prop,zero-hitbox Source-pose display,9,,True,"75, 67, 13",13,4,Block{minecraft:air},9,9
lost:staticprop:113,lost,models/props/de_inferno/bed.mdl,"[1789.68994140625, -258.0, -339.70599365234375]","[0.0, 270.5, 0.0]",1.0,[],bed,placed_display,"[75, 66, 11]","[0.0, 0.154416, 0.0]",True,False,1.0,protected_navigation_or_gameplay,zero-hitbox Source-pose display,9,,True,"75, 67, 11",12,2,Block{minecraft:air},9,9
lost:staticprop:114,lost,models/props_downtown/metal_window01_8.mdl,"[1871.010009765625, -529.0, -374.3630065917969]","[0.0, 0.0, 0.0]",1.0,[],,unmapped,,,False,False,,,,0,owner-reviewed: separate opening/control geometry; preserve native room/checkpoint door behaviour; no static fake closed doors,True,"78, 66, 22",10,14,Block{minecraft:air},0,0
lost:staticprop:115,lost,models/props_downtown/metal_window01_8.mdl,"[1969.010009765625, -529.0, -374.3630065917969]","[0.0, 0.0, 0.0]",1.0,[],,unmapped,,,False,False,,,,0,owner-reviewed: separate opening/control geometry; preserve native room/checkpoint door behaviour; no static fake closed doors,True,"82, 66, 22",0,0,Block{minecraft:smooth_quartz},0,0
lost:staticprop:116,lost,models/props_interiors/bathroomsink01.mdl,"[1808.010009765625, -446.0, -366.70599365234375]","[0.0, 0.0, 0.0]",1.0,[],bathroom_sink,placed_display,"[75, 65, 19]","[0.0, 0.279416, 0.0]",True,False,1.0,reviewed_accessory_requires_pose_preserving_display,zero-hitbox Source-pose display,4,,True,"75, 66, 19",12,11,Block{minecraft:air},4,4
lost:staticprop:117,lost,models/props/de_nuke/window01.mdl,"[2023.010009765625, -535.0, -340.3630065917969]","[0.0, 269.0, 0.0]",1.0,[],,unmapped,,,False,False,,,,0,owner-reviewed: separate opening/control geometry; preserve native room/checkpoint door behaviour; no static fake closed doors,True,"84, 67, 22",0,0,Block{minecraft:smooth_quartz},0,0
lost:staticprop:118,lost,models/props/cs_militia/ladderwood.mdl,"[1831.68994140625, -303.6289978027344, -383.6960144042969]","[15.5, 180.0, 0.0]",1.0,[],,unmapped,,,False,False,,,,0,owner-reviewed: access/structural or breakable geometry; preserve verified native NAV and passage layout; Source collision/damage model absent,True,"76, 65, 13",13,2,Block{minecraft:air},0,0
lost:staticprop:119,lost,models/props_urban/hotel_bathroom_showerhead001.mdl,"[2057.010009765625, -494.0, -326.70599365234375]","[0.0, 180.0, 0.0]",1.0,[],showerhead,placed_display,"[84, 66, 21]","[-1.25, 0.0, -0.0]",True,False,1.0,reviewed_accessory_requires_pose_preserving_display,zero-hitbox Source-pose display,3,,True,"84, 67, 21",7,12,Block{minecraft:air},0,3
lost:staticprop:120,lost,models/props_interiors/toilet_d.mdl,"[2029.010009765625, -412.0, -416.70599365234375]","[0.0, 270.0, 0.0]",1.0,[],toilet,placed_display,"[84, 63, 17]","[-0.5, 0.36275, -0.0]",True,False,1.0,reviewed_accessory_requires_pose_preserving_display,zero-hitbox Source-pose display,4,,True,"84, 64, 17",9,8,Block{minecraft:air},0,4
lost:staticprop:121,lost,models/props/cs_office/light_inset.mdl,"[2020.010009765625, -472.0, -247.70599365234375]","[0.0, 0.0, 0.0]",1.0,[],fixture,placed_display,"[84, 68, 20]","[0.0, -0.75, 0.0]",True,False,0.7,existing_geometry_or_prior_prop,zero-hitbox Source-pose display,2,,True,"84, 69, 20",0,0,Block{minecraft:white_concrete},0,2
lost:staticprop:122,lost,models/props/de_nuke/wall_light.mdl,"[1929.5899658203125, -401.0, -245.70599365234375]","[60.0, 90.0, -180.0]",1.0,[],fixture,placed_display,"[80, 67, 17]","[0.0, -2.0, 0.0]",True,False,1.0,tilted_or_scaled_model,zero-hitbox Source-pose display,2,,True,"80, 68, 17",14,7,Block{minecraft:air},0,2
lost:staticprop:123,lost,models/props/cs_militia/ladderwood.mdl,"[2803.31005859375, 111.62899780273438, -383.6960144042969]","[15.5, 180.0, 0.0]",1.0,[],,unmapped,,,False,False,,,,0,owner-reviewed: access/structural or breakable geometry; preserve verified native NAV and passage layout; Source collision/damage model absent,True,"117, 65, -5",12,3,Block{minecraft:air},0,0
lost:staticprop:124,lost,models/props/de_inferno/bed.mdl,"[2759.31005859375, 159.0, -339.70599365234375]","[0.0, 90.5, 0.0]",1.0,[],bed,placed_display,"[115, 66, -6]","[0.002182, 0.154416, 0.24999]",True,False,1.0,bed_head_unsupported,zero-hitbox Source-pose display,9,,True,"115, 67, -6",14,1,Block{minecraft:air},0,9
lost:staticprop:125,lost,models/props/de_inferno/bed.mdl,"[2759.31005859375, 65.00019836425781, -339.70599365234375]","[0.0, 90.5, 0.0]",1.0,[],bed,placed_display,"[115, 66, -3]","[0.0, 0.25, 0.0]",True,False,1.0,existing_geometry_or_prior_prop,zero-hitbox Source-pose display,9,,True,"115, 67, -3",13,0,Block{minecraft:air},0,9
lost:staticprop:126,lost,models/props/de_inferno/bed.mdl,"[3001.31005859375, 160.0, -339.70599365234375]","[0.0, 90.5, 0.0]",1.0,[],bed,placed,"[125, 66, -7]",0,False,True,,,,0,,True,"125, 67, -7",13,4,Block{minecraft:air},0,0
lost:staticprop:127,lost,models/props/de_inferno/bed.mdl,"[3001.31005859375, 66.00019836425781, -339.70599365234375]","[0.0, 90.5, 0.0]",1.0,[],bed,placed,"[125, 66, -3]",0,False,True,,,,0,,True,"125, 67, -3",14,0,"Block{minecraft:light}[level=14,waterlogged=false]",0,0
lost:staticprop:128,lost,models/props_downtown/metal_window01_8.mdl,"[2919.989990234375, 337.0, -374.3630065917969]","[0.0, 180.0, 0.0]",1.0,[],,unmapped,,,False,False,,,,0,owner-reviewed: separate opening/control geometry; preserve native room/checkpoint door behaviour; no static fake closed doors,True,"122, 66, -14",12,13,Block{minecraft:air},0,0
lost:staticprop:129,lost,models/props_downtown/metal_window01_8.mdl,"[2821.989990234375, 337.0, -374.3630065917969]","[0.0, 180.0, 0.0]",1.0,[],,unmapped,,,False,False,,,,0,owner-reviewed: separate opening/control geometry; preserve native room/checkpoint door behaviour; no static fake closed doors,True,"118, 66, -14",11,13,Block{minecraft:air},0,0
lost:staticprop:130,lost,models/props_interiors/bathroomsink01.mdl,"[2982.989990234375, 254.0, -366.70599365234375]","[0.0, 180.0, 0.0]",1.0,[],bathroom_sink,placed_display,"[124, 65, -11]","[0.0, 0.279416, 0.0]",True,False,1.0,reviewed_accessory_requires_pose_preserving_display,zero-hitbox Source-pose display,4,,True,"124, 66, -11",11,10,Block{minecraft:air},0,4
lost:staticprop:131,lost,models/props/de_nuke/window01.mdl,"[2767.989990234375, 343.0, -340.3630065917969]","[0.0, 89.0, 0.0]",1.0,[],,unmapped,,,False,False,,,,0,owner-reviewed: separate opening/control geometry; preserve native room/checkpoint door behaviour; no static fake closed doors,True,"115, 67, -14",7,12,Block{minecraft:air},0,0
lost:staticprop:132,lost,models/props/cs_militia/ladderwood.mdl,"[2959.31005859375, 111.62899780273438, -383.6960144042969]","[15.5, 0.0, 0.0]",1.0,[],,unmapped,,,False,False,,,,0,owner-reviewed: access/structural or breakable geometry; preserve verified native NAV and passage layout; Source collision/damage model absent,True,"123, 65, -5",11,1,Block{minecraft:air},0,0
lost:staticprop:133,lost,models/props_urban/hotel_bathroom_showerhead001.mdl,"[2733.989990234375, 302.0, -326.70599365234375]","[0.0, 0.0, 0.0]",1.0,[],showerhead,placed_display,"[114, 66, -13]","[0.0, 0.0, 0.0]",True,False,1.0,reviewed_accessory_requires_pose_preserving_display,zero-hitbox Source-pose display,3,,True,"114, 67, -13",7,10,Block{minecraft:air},0,3
lost:staticprop:134,lost,models/props_interiors/toilet_d.mdl,"[2761.989990234375, 220.0, -416.70599365234375]","[0.0, 90.0, 0.0]",1.0,[],toilet,placed_display,"[115, 63, -10]","[-0.5, 0.36275, -0.75]",True,False,1.0,reviewed_accessory_requires_pose_preserving_display,zero-hitbox Source-pose display,4,,True,"115, 64, -10",9,8,Block{minecraft:air},0,4
lost:staticprop:135,lost,models/props/cs_office/light_inset.mdl,"[2770.989990234375, 280.0, -247.70599365234375]","[0.0, 180.0, 0.0]",1.0,[],fixture,placed_display,"[115, 68, -12]","[0.0, -0.75, 0.0]",True,False,0.7,existing_geometry_or_prior_prop,zero-hitbox Source-pose display,2,,True,"115, 69, -12",0,0,Block{minecraft:white_concrete},0,2
lost:staticprop:136,lost,models/props/de_nuke/wall_light.mdl,"[2861.409912109375, 209.0, -245.70599365234375]","[60.0, 270.0, 180.0]",1.0,[],fixture,placed_display,"[119, 67, -9]","[0.0, -2.0, 0.0]",True,False,1.0,tilted_or_scaled_model,zero-hitbox Source-pose display,2,,True,"119, 68, -9",0,0,Block{minecraft:white_concrete},0,2
lost:staticprop:137,lost,models/props/cs_militia/ladderwood.mdl,"[1814.31005859375, 111.62899780273438, -383.6960144042969]","[15.5, 180.0, 0.0]",1.0,[],,unmapped,,,False,False,,,,0,owner-reviewed: access/structural or breakable geometry; preserve verified native NAV and passage layout; Source collision/damage model absent,True,"76, 65, -5",12,3,Block{minecraft:air},0,0
lost:staticprop:138,lost,models/props/de_inferno/bed.mdl,"[1770.31005859375, 159.0, -339.70599365234375]","[0.0, 90.5, 0.0]",1.0,[],bed,placed_display,"[74, 66, -6]","[0.002182, 0.154416, 0.24999]",True,False,1.0,bed_head_unsupported,zero-hitbox Source-pose display,9,,True,"74, 67, -6",14,1,Block{minecraft:air},9,9
lost:staticprop:139,lost,models/props/de_inferno/bed.mdl,"[1770.31005859375, 65.00029754638672, -339.70599365234375]","[0.0, 90.5, 0.0]",1.0,[],bed,placed_display,"[74, 66, -3]","[0.0, 0.25, 0.0]",True,False,1.0,existing_geometry_or_prior_prop,zero-hitbox Source-pose display,9,,True,"74, 67, -3",13,0,Block{minecraft:air},9,9
lost:staticprop:140,lost,models/props/de_inferno/bed.mdl,"[2012.31005859375, 160.0, -339.70599365234375]","[0.0, 90.5, 0.0]",1.0,[],bed,placed_display,"[83, 66, -5]","[-0.739063, 0.154416, 1.256497]",True,False,0.8667,no_support_at_source_xz,zero-hitbox Source-pose display,9,,True,"83, 67, -5",12,3,Block{minecraft:air},0,9
lost:staticprop:141,lost,models/props/de_inferno/bed.mdl,"[2012.31005859375, 66.00029754638672, -339.70599365234375]","[0.0, 90.5, 0.0]",1.0,[],bed,placed_display,"[83, 65, -3]","[-0.999962, 0.0, 0.008727]",True,False,0.9444,no_support_at_source_xz,zero-hitbox Source-pose display,9,,True,"83, 66, -3",11,0,Block{minecraft:air},0,9
lost:staticprop:142,lost,models/props_downtown/metal_window01_8.mdl,"[1930.989990234375, 337.0, -374.3630065917969]","[0.0, 180.0, 0.0]",1.0,[],,unmapped,,,False,False,,,,0,owner-reviewed: separate opening/control geometry; preserve native room/checkpoint door behaviour; no static fake closed doors,True,"80, 66, -14",11,13,Block{minecraft:air},0,0
lost:staticprop:143,lost,models/props_downtown/metal_window01_8.mdl,"[1832.989990234375, 337.0, -374.3630065917969]","[0.0, 180.0, 0.0]",1.0,[],,unmapped,,,False,False,,,,0,owner-reviewed: separate opening/control geometry; preserve native room/checkpoint door behaviour; no static fake closed doors,True,"76, 66, -14",10,12,Block{minecraft:air},0,0
lost:staticprop:144,lost,models/props_interiors/bathroomsink01.mdl,"[1993.989990234375, 254.0, -366.70599365234375]","[0.0, 180.0, 0.0]",1.0,[],bathroom_sink,placed_display,"[83, 65, -11]","[0.0, 0.279416, 0.0]",True,False,1.0,reviewed_accessory_requires_pose_preserving_display,zero-hitbox Source-pose display,4,,True,"83, 66, -11",11,10,Block{minecraft:air},0,4
lost:staticprop:145,lost,models/props/de_nuke/window01.mdl,"[1778.989990234375, 343.0, -340.3630065917969]","[0.0, 89.0, 0.0]",1.0,[],,unmapped,,,False,False,,,,0,owner-reviewed: separate opening/control geometry; preserve native room/checkpoint door behaviour; no static fake closed doors,True,"74, 67, -14",7,12,Block{minecraft:air},0,0
lost:staticprop:146,lost,models/props/cs_militia/ladderwood.mdl,"[1970.31005859375, 111.62899780273438, -383.6960144042969]","[15.5, 0.0, 0.0]",1.0,[],,unmapped,,,False,False,,,,0,owner-reviewed: access/structural or breakable geometry; preserve verified native NAV and passage layout; Source collision/damage model absent,True,"82, 65, -5",11,1,Block{minecraft:air},0,0
lost:staticprop:147,lost,models/props_urban/hotel_bathroom_showerhead001.mdl,"[1744.989990234375, 302.0, -326.70599365234375]","[0.0, 0.0, 0.0]",1.0,[],showerhead,placed_display,"[73, 66, -13]","[0.0, 0.0, 0.0]",True,False,1.0,reviewed_accessory_requires_pose_preserving_display,zero-hitbox Source-pose display,3,,True,"73, 67, -13",7,11,Block{minecraft:air},3,3
lost:staticprop:148,lost,models/props_interiors/toilet_d.mdl,"[1772.989990234375, 220.0, -416.70599365234375]","[0.0, 90.0, 0.0]",1.0,[],toilet,placed_display,"[74, 63, -10]","[-0.0, 0.36275, -0.75]",True,False,1.0,reviewed_accessory_requires_pose_preserving_display,zero-hitbox Source-pose display,4,,True,"74, 64, -10",9,8,Block{minecraft:air},4,4
lost:staticprop:149,lost,models/props/cs_office/light_inset.mdl,"[1781.989990234375, 280.0, -247.70599365234375]","[0.0, 180.0, 0.0]",1.0,[],fixture,placed_display,"[74, 68, -12]","[0.0, -0.75, 0.0]",True,False,0.7,existing_geometry_or_prior_prop,zero-hitbox Source-pose display,2,,True,"74, 69, -12",0,0,Block{minecraft:white_concrete},2,2
lost:staticprop:150,lost,models/props/de_nuke/wall_light.mdl,"[1872.4100341796875, 209.0, -245.70599365234375]","[60.0, 270.0, -180.0]",1.0,[],fixture,placed_display,"[78, 67, -9]","[0.0, -2.0, 0.0]",True,False,1.0,tilted_or_scaled_model,zero-hitbox Source-pose display,2,,True,"78, 68, -9",0,0,Block{minecraft:white_concrete},2,2
lost:staticprop:151,lost,models/props/cs_militia/ladderwood.mdl,"[1987.68994140625, -303.6289978027344, -622.6959838867188]","[15.5, 0.0, 0.0]",1.0,[],,unmapped,,,False,False,,,,0,owner-reviewed: access/structural or breakable geometry; preserve verified native NAV and passage layout; Source collision/damage model absent,True,"83, 55, 13",0,0,Block{minecraft:spruce_planks},0,0
lost:staticprop:152,lost,models/props/de_inferno/bed.mdl,"[2031.68994140625, -351.0, -578.7059936523438]","[0.0, 270.5, 0.0]",1.0,[],bed,placed_display,"[84, 55, 13]","[-0.763061, 0.0, -1.493398]",True,False,0.9333,no_support_at_source_xz,zero-hitbox Source-pose display,9,,True,"84, 56, 13",12,2,Block{minecraft:air},0,9
lost:staticprop:153,lost,models/props/de_inferno/bed.mdl,"[2031.68994140625, -257.0, -578.7059936523438]","[0.0, 270.5, 0.0]",1.0,[],bed,placed_display,"[84, 56, 11]","[-0.749971, 0.11275, 0.006545]",True,False,1.0,no_support_at_source_xz,zero-hitbox Source-pose display,9,,True,"84, 57, 11",11,0,Block{minecraft:air},0,9
lost:staticprop:154,lost,models/props/de_inferno/bed.mdl,"[1789.68994140625, -352.0, -578.7059936523438]","[0.0, 270.5, 0.0]",1.0,[],bed,placed_display,"[75, 56, 13]","[-0.010908, 0.11275, -1.249952]",True,False,1.0,existing_geometry_or_prior_prop,zero-hitbox Source-pose display,9,,True,"75, 57, 13",12,4,Block{minecraft:air},9,9
lost:staticprop:155,lost,models/props/de_inferno/bed.mdl,"[1789.68994140625, -258.0, -578.7059936523438]","[0.0, 270.5, 0.0]",1.0,[],bed,placed_display,"[75, 56, 11]","[0.0, 0.11275, 0.0]",True,False,1.0,protected_navigation_or_gameplay,zero-hitbox Source-pose display,9,,True,"75, 57, 11",11,2,Block{minecraft:air},9,9
lost:staticprop:156,lost,models/props_downtown/metal_window01_8.mdl,"[1871.010009765625, -529.0, -613.3629760742188]","[0.0, 0.0, 0.0]",1.0,[],,unmapped,,,False,False,,,,0,owner-reviewed: separate opening/control geometry; preserve native room/checkpoint door behaviour; no static fake closed doors,True,"78, 56, 22",12,14,Block{minecraft:air},0,0
lost:staticprop:157,lost,models/props_downtown/metal_window01_8.mdl,"[1969.010009765625, -529.0, -613.3629760742188]","[0.0, 0.0, 0.0]",1.0,[],,unmapped,,,False,False,,,,0,owner-reviewed: separate opening/control geometry; preserve native room/checkpoint door behaviour; no static fake closed doors,True,"82, 56, 22",0,0,Block{minecraft:smooth_quartz},0,0
lost:staticprop:158,lost,models/props_interiors/bathroomsink01.mdl,"[1808.010009765625, -446.0, -605.7059936523438]","[0.0, 0.0, 0.0]",1.0,[],bathroom_sink,placed_display,"[75, 55, 19]","[0.0, 0.23775, 0.0]",True,False,1.0,reviewed_accessory_requires_pose_preserving_display,zero-hitbox Source-pose display,4,,True,"75, 56, 19",12,11,Block{minecraft:air},4,4
lost:staticprop:159,lost,models/props/de_nuke/window01.mdl,"[2023.010009765625, -535.0, -579.3629760742188]","[0.0, 269.0, 0.0]",1.0,[],,unmapped,,,False,False,,,,0,owner-reviewed: separate opening/control geometry; preserve native room/checkpoint door behaviour; no static fake closed doors,True,"84, 57, 22",0,0,Block{minecraft:smooth_quartz},0,0
lost:staticprop:160,lost,models/props/cs_militia/ladderwood.mdl,"[1831.68994140625, -303.6289978027344, -622.6959838867188]","[15.5, 180.0, 0.0]",1.0,[],,unmapped,,,False,False,,,,0,owner-reviewed: access/structural or breakable geometry; preserve verified native NAV and passage layout; Source collision/damage model absent,True,"76, 55, 13",14,2,Block{minecraft:air},0,0
lost:staticprop:161,lost,models/props_urban/hotel_bathroom_showerhead001.mdl,"[2057.010009765625, -494.0, -565.7059936523438]","[0.0, 180.0, 0.0]",1.0,[],showerhead,placed_display,"[84, 56, 21]","[-1.25, 0.0, -0.0]",True,False,1.0,reviewed_accessory_requires_pose_preserving_display,zero-hitbox Source-pose display,3,,True,"84, 57, 21",7,12,Block{minecraft:air},0,3
lost:staticprop:162,lost,models/props_interiors/toilet_d.mdl,"[2029.010009765625, -412.0, -655.7059936523438]","[0.0, 270.0, 0.0]",1.0,[],toilet,placed_display,"[84, 53, 17]","[-0.5, 0.321083, -0.0]",True,False,1.0,reviewed_accessory_requires_pose_preserving_display,zero-hitbox Source-pose display,4,,True,"84, 54, 17",8,8,Block{minecraft:air},0,4
lost:staticprop:163,lost,models/props/cs_office/light_inset.mdl,"[2020.010009765625, -472.0, -486.70599365234375]","[0.0, 0.0, 0.0]",1.0,[],fixture,placed_display,"[84, 58, 20]","[0.0, -0.75, 0.0]",True,False,0.7,existing_geometry_or_prior_prop,zero-hitbox Source-pose display,2,,True,"84, 59, 20",0,0,Block{minecraft:white_concrete},0,2
lost:staticprop:164,lost,models/props/de_nuke/wall_light.mdl,"[1929.5899658203125, -401.0, -484.70599365234375]","[60.0, 90.0, -180.0]",1.0,[],fixture,placed_display,"[80, 57, 17]","[0.0, -2.25, 0.0]",True,False,1.0,tilted_or_scaled_model,zero-hitbox Source-pose display,2,,True,"80, 58, 17",13,7,Block{minecraft:air},0,2
lost:staticprop:165,lost,models/props_downtown/metal_window01_8.mdl,"[1832.989990234375, 337.0, -612.3629760742188]","[0.0, 180.0, 0.0]",1.0,[],,unmapped,,,False,False,,,,0,owner-reviewed: separate opening/control geometry; preserve native room/checkpoint door behaviour; no static fake closed doors,True,"76, 56, -14",6,13,Block{minecraft:air},0,0
lost:staticprop:166,lost,models/props/cs_militia/ladderwood.mdl,"[-80.32080078125, -147.62899780273438, 98.00980377197266]","[15.5, 0.0, 0.0]",1.0,[],,unmapped,,,False,False,,,,0,owner-reviewed: access/structural or breakable geometry; preserve verified native NAV and passage layout; Source collision/damage model absent,True,"-3, 85, 6",0,0,Block{minecraft:spruce_planks},0,0
lost:staticprop:167,lost,models/props/de_inferno/bed.mdl,"[-36.32080078125, -195.0, 142.0]","[0.0, 270.5, 0.0]",1.0,[],bed,placed_display,"[-2, 86, 7]","[-0.508707, 0.083333, -0.995599]",True,False,1.0,protected_navigation_or_gameplay,zero-hitbox Source-pose display,9,,True,"-2, 87, 7",14,2,Block{minecraft:air},9,9
lost:staticprop:168,lost,models/props/de_inferno/bed.mdl,"[-36.32080078125, -101.0, 142.0]","[0.0, 270.5, 0.0]",1.0,[],bed,placed_display,"[-2, 86, 4]","[-0.499981, 0.083333, 0.004363]",True,False,1.0,bed_head_unsupported,zero-hitbox Source-pose display,9,,True,"-2, 87, 4",13,0,Block{minecraft:air},9,9
lost:staticprop:169,lost,models/props/de_inferno/bed.mdl,"[-278.3210144042969, -196.0, 142.0]","[0.0, 270.5, 0.0]",1.0,[],bed,placed_display,"[-12, 86, 7]","[-0.006545, 0.083333, -0.749971]",True,False,1.0,protected_navigation_or_gameplay,zero-hitbox Source-pose display,9,,True,"-12, 87, 7",14,5,"Block{minecraft:light}[level=14,waterlogged=false]",9,9
lost:staticprop:170,lost,models/props/de_inferno/bed.mdl,"[-278.3210144042969, -102.0, 142.0]","[0.0, 270.5, 0.0]",1.0,[],bed,placed_display,"[-12, 86, 4]","[0.0, 0.083333, 0.0]",True,False,1.0,bed_head_unsupported,zero-hitbox Source-pose display,9,,True,"-12, 87, 4",14,2,"Block{minecraft:light}[level=14,waterlogged=false]",9,9
lost:staticprop:171,lost,models/props_downtown/metal_window01_8.mdl,"[-197.0, -373.0, 107.34300231933594]","[0.0, 0.0, 0.0]",1.0,[],,unmapped,,,False,False,,,,0,owner-reviewed: separate opening/control geometry; preserve native room/checkpoint door behaviour; no static fake closed doors,True,"-8, 86, 16",10,15,Block{minecraft:air},0,0
lost:staticprop:172,lost,models/props_downtown/metal_window01_8.mdl,"[-99.0, -373.0, 107.34300231933594]","[0.0, 0.0, 0.0]",1.0,[],,unmapped,,,False,False,,,,0,owner-reviewed: separate opening/control geometry; preserve native room/checkpoint door behaviour; no static fake closed doors,True,"-4, 86, 16",9,15,Block{minecraft:air},0,0
lost:staticprop:173,lost,models/props_interiors/bathroomsink01.mdl,"[-260.0, -290.0, 115.0]","[0.0, 0.0, 0.0]",1.0,[],bathroom_sink,placed_display,"[-11, 85, 12]","[0.0, 0.208333, 0.0]",True,False,1.0,reviewed_accessory_requires_pose_preserving_display,zero-hitbox Source-pose display,4,,True,"-11, 86, 12",11,11,Block{minecraft:air},4,4
lost:staticprop:174,lost,models/props/de_nuke/window01.mdl,"[-45.0, -379.0, 141.34300231933594]","[0.0, 269.0, 0.0]",1.0,[],,unmapped,,,False,False,,,,0,owner-reviewed: separate opening/control geometry; preserve native room/checkpoint door behaviour; no static fake closed doors,True,"-2, 87, 16",6,15,Block{minecraft:air},0,0
lost:staticprop:175,lost,models/props/cs_militia/ladderwood.mdl,"[-236.3209991455078, -147.62899780273438, 98.00980377197266]","[15.5, 180.0, 0.0]",1.0,[],,unmapped,,,False,False,,,,0,owner-reviewed: access/structural or breakable geometry; preserve verified native NAV and passage layout; Source collision/damage model absent,True,"-10, 85, 6",12,2,Block{minecraft:air},0,0
lost:staticprop:176,lost,models/props_urban/hotel_bathroom_showerhead001.mdl,"[-11.0, -338.0, 155.0]","[0.0, 180.0, 0.0]",1.0,[],showerhead,placed_display,"[-2, 86, 14]","[-1.25, 0.0, -0.0]",True,False,1.0,reviewed_accessory_requires_pose_preserving_display,zero-hitbox Source-pose display,3,,True,"-2, 87, 14",8,12,Block{minecraft:air},3,3
lost:staticprop:177,lost,models/props_interiors/toilet_d.mdl,"[-39.0, -256.0, 65.0]","[0.0, 270.0, 0.0]",1.0,[],toilet,placed_display,"[-2, 83, 11]","[-0.5, 0.291667, 0.5]",True,False,1.0,reviewed_accessory_requires_pose_preserving_display,zero-hitbox Source-pose display,4,,True,"-2, 84, 11",9,9,Block{minecraft:air},4,4
lost:staticprop:178,lost,models/props/cs_office/light_inset.mdl,"[-48.0, -316.0, 234.0]","[0.0, 0.0, 0.0]",1.0,[],fixture,placed_display,"[-2, 88, 13]","[0.0, -1.0, 0.0]",True,False,0.7,existing_geometry_or_prior_prop,zero-hitbox Source-pose display,2,,True,"-2, 89, 13",0,0,Block{minecraft:white_concrete},2,2
lost:staticprop:179,lost,models/props/de_nuke/wall_light.mdl,"[-138.42100524902344, -245.0, 236.0]","[60.0, 90.0, -180.0]",1.0,[],fixture,placed_display,"[-6, 87, 10]","[0.0, -2.25, 0.0]",True,False,1.0,tilted_or_scaled_model,zero-hitbox Source-pose display,2,,True,"-6, 88, 10",0,0,Block{minecraft:white_concrete},2,2
lost:staticprop:180,lost,models/props/cs_militia/ladderwood.mdl,"[-412.3210144042969, -147.62899780273438, 98.00980377197266]","[15.5, 0.0, 0.0]",1.0,[],,unmapped,,,False,False,,,,0,owner-reviewed: access/structural or breakable geometry; preserve verified native NAV and passage layout; Source collision/damage model absent,True,"-17, 85, 6",0,0,Block{minecraft:spruce_planks},0,0
lost:staticprop:181,lost,models/props/de_inferno/bed.mdl,"[-368.3210144042969, -195.0, 142.0]","[0.0, 270.5, 0.0]",1.0,[],bed,placed_display,"[-16, 86, 7]","[-0.758698, 0.083333, -0.993417]",True,False,1.0,no_support_at_source_xz,zero-hitbox Source-pose display,9,,True,"-16, 87, 7",0,2,Block{minecraft:air},9,9
lost:staticprop:182,lost,models/props/de_inferno/bed.mdl,"[-368.3210144042969, -101.0, 142.0]","[0.0, 270.5, 0.0]",1.0,[],bed,placed_display,"[-16, 87, 4]","[-0.749971, 1.083333, 0.006545]",True,False,1.0,no_support_at_source_xz,zero-hitbox Source-pose display,9,,True,"-16, 88, 4",0,0,Block{minecraft:air},9,9
lost:staticprop:183,lost,models/props/de_inferno/bed.mdl,"[-610.3209838867188, -196.0, 142.0]","[0.0, 270.5, 0.0]",1.0,[],bed,placed,"[-25, 85, 8]",0,False,True,,,,0,,True,"-25, 86, 8",0,5,Block{minecraft:air},0,0
lost:staticprop:184,lost,models/props/de_inferno/bed.mdl,"[-610.3209838867188, -102.0, 142.0]","[0.0, 270.5, 0.0]",1.0,[],bed,placed_display,"[-25, 86, 4]","[0.0, 0.25, 0.0]",True,False,1.0,existing_geometry_or_prior_prop,zero-hitbox Source-pose display,9,,True,"-25, 87, 4",0,2,Block{minecraft:air},9,9
lost:staticprop:185,lost,models/props_downtown/metal_window01_8.mdl,"[-529.0, -373.0, 107.34300231933594]","[0.0, 0.0, 0.0]",1.0,[],,unmapped,,,False,False,,,,0,owner-reviewed: separate opening/control geometry; preserve native room/checkpoint door behaviour; no static fake closed doors,True,"-22, 86, 16",1,15,Block{minecraft:air},0,0
lost:staticprop:186,lost,models/props_downtown/metal_window01_8.mdl,"[-431.0, -373.0, 107.34300231933594]","[0.0, 0.0, 0.0]",1.0,[],,unmapped,,,False,False,,,,0,owner-reviewed: separate opening/control geometry; preserve native room/checkpoint door behaviour; no static fake closed doors,True,"-18, 86, 16",4,15,Block{minecraft:air},0,0
lost:staticprop:187,lost,models/props_interiors/bathroomsink01.mdl,"[-592.0, -290.0, 115.0]","[0.0, 0.0, 0.0]",1.0,[],bathroom_sink,placed_display,"[-25, 85, 12]","[0.0, 0.208333, 0.0]",True,False,1.0,reviewed_accessory_requires_pose_preserving_display,zero-hitbox Source-pose display,4,,True,"-25, 86, 12",0,11,Block{minecraft:air},4,4
lost:staticprop:188,lost,models/props/de_nuke/window01.mdl,"[-377.0, -379.0, 141.34300231933594]","[0.0, 269.0, 0.0]",1.0,[],,unmapped,,,False,False,,,,0,owner-reviewed: separate opening/control geometry; preserve native room/checkpoint door behaviour; no static fake closed doors,True,"-16, 87, 16",5,15,Block{minecraft:air},0,0
lost:staticprop:189,lost,models/props/cs_militia/ladderwood.mdl,"[-568.3209838867188, -147.62899780273438, 98.00980377197266]","[15.5, 180.0, 0.0]",1.0,[],,unmapped,,,False,False,,,,0,owner-reviewed: access/structural or breakable geometry; preserve verified native NAV and passage layout; Source collision/damage model absent,True,"-24, 85, 6",0,2,Block{minecraft:air},0,0
lost:staticprop:190,lost,models/props_urban/hotel_bathroom_showerhead001.mdl,"[-343.0, -338.0, 155.0]","[0.0, 180.0, 0.0]",1.0,[],showerhead,placed_display,"[-16, 86, 14]","[-1.25, 0.0, -0.0]",True,False,1.0,reviewed_accessory_requires_pose_preserving_display,zero-hitbox Source-pose display,3,,True,"-16, 87, 14",3,12,Block{minecraft:air},3,3
lost:staticprop:191,lost,models/props_interiors/toilet_d.mdl,"[-371.0, -256.0, 65.0]","[0.0, 270.0, 0.0]",1.0,[],toilet,placed_display,"[-16, 83, 11]","[-0.5, 0.291667, 0.5]",True,False,1.0,reviewed_accessory_requires_pose_preserving_display,zero-hitbox Source-pose display,4,,True,"-16, 84, 11",1,9,Block{minecraft:air},4,4
lost:staticprop:192,lost,models/props/cs_office/light_inset.mdl,"[-380.0, -316.0, 234.0]","[0.0, 0.0, 0.0]",1.0,[],fixture,placed_display,"[-16, 88, 13]","[0.0, -1.0, 0.0]",True,False,0.7,existing_geometry_or_prior_prop,zero-hitbox Source-pose display,2,,True,"-16, 89, 13",0,0,Block{minecraft:white_concrete},2,2
lost:staticprop:193,lost,models/props/de_nuke/wall_light.mdl,"[-470.4209899902344, -245.0, 236.0]","[60.0, 90.0, -180.0]",1.0,[],fixture,placed_display,"[-20, 87, 10]","[0.0, -2.25, 0.0]",True,False,1.0,tilted_or_scaled_model,zero-hitbox Source-pose display,2,,True,"-20, 88, 10",0,0,Block{minecraft:white_concrete},2,2
lost:staticprop:194,lost,models/props_interiors/water_cooler.mdl,"[-81.0, -122.0, 65.0]","[0.0, 175.5, 0.0]",1.0,[],,unmapped,,,False,False,,,,0,owner-reviewed model group; outside requested bed/table/cabinet/chair/lighting scope; exact mesh or interactive state unavailable,True,"-3, 84, 5",0,0,Block{minecraft:spruce_planks},0,0
lost:staticprop:195,lost,models/props/cs_militia/ladderwood.mdl,"[1074.6300048828125, 278.6289978027344, 98.00980377197266]","[15.5, 180.0, 0.0]",1.0,[],,unmapped,,,False,False,,,,0,owner-reviewed: access/structural or breakable geometry; preserve verified native NAV and passage layout; Source collision/damage model absent,True,"45, 85, -12",12,3,Block{minecraft:air},0,0
lost:staticprop:196,lost,models/props/de_inferno/bed.mdl,"[1030.6300048828125, 326.0, 142.0]","[0.0, 90.5, 0.0]",1.0,[],bed,placed_display,"[43, 86, -13]","[0.002182, 0.083333, 0.24999]",True,False,1.0,bed_head_unsupported,zero-hitbox Source-pose display,9,,True,"43, 87, -13",14,1,Block{minecraft:air},9,9
lost:staticprop:197,lost,models/props/de_inferno/bed.mdl,"[1030.6300048828125, 232.0, 142.0]","[0.0, 90.5, 0.0]",1.0,[],bed,placed_display,"[43, 86, -10]","[0.0, 0.25, 0.0]",True,False,1.0,protected_navigation_or_gameplay,zero-hitbox Source-pose display,9,,True,"43, 87, -10",13,0,Block{minecraft:air},9,9
lost:staticprop:198,lost,models/props/de_inferno/bed.mdl,"[1272.6300048828125, 327.0, 142.0]","[0.0, 90.5, 0.0]",1.0,[],bed,placed_display,"[53, 86, -14]","[0.0, 1.0, 0.0]",True,False,0.9889,protected_navigation_or_gameplay,zero-hitbox Source-pose display,9,,True,"53, 87, -14",13,4,Block{minecraft:air},9,9
lost:staticprop:199,lost,models/props/de_inferno/bed.mdl,"[1272.6300048828125, 233.0, 142.0]","[0.0, 90.5, 0.0]",1.0,[],bed,placed_display,"[53, 86, -10]","[-0.24999, 0.083333, 0.002182]",True,False,1.0,protected_navigation_or_gameplay,zero-hitbox Source-pose display,9,,True,"53, 87, -10",14,0,"Block{minecraft:light}[level=14,waterlogged=false]",9,9
lost:staticprop:200,lost,models/props_downtown/metal_window01_8.mdl,"[1191.31005859375, 504.0, 107.34300231933594]","[0.0, 180.0, 0.0]",1.0,[],,unmapped,,,False,False,,,,0,owner-reviewed: separate opening/control geometry; preserve native room/checkpoint door behaviour; no static fake closed doors,True,"50, 86, -21",12,13,Block{minecraft:air},0,0
lost:staticprop:201,lost,models/props_downtown/metal_window01_8.mdl,"[1093.31005859375, 504.0, 107.34300231933594]","[0.0, 180.0, 0.0]",1.0,[],,unmapped,,,False,False,,,,0,owner-reviewed: separate opening/control geometry; preserve native room/checkpoint door behaviour; no static fake closed doors,True,"46, 86, -21",11,13,Block{minecraft:air},0,0
lost:staticprop:202,lost,models/props_interiors/bathroomsink01.mdl,"[1254.31005859375, 421.0, 115.0]","[0.0, 180.0, 0.0]",1.0,[],bathroom_sink,placed_display,"[52, 85, -18]","[0.0, 0.208333, 0.0]",True,False,1.0,reviewed_accessory_requires_pose_preserving_display,zero-hitbox Source-pose display,4,,True,"52, 86, -18",11,10,Block{minecraft:air},4,4
lost:staticprop:203,lost,models/props/de_nuke/window01.mdl,"[1039.31005859375, 510.0, 141.34300231933594]","[0.0, 89.0, 0.0]",1.0,[],,unmapped,,,False,False,,,,0,owner-reviewed: separate opening/control geometry; preserve native room/checkpoint door behaviour; no static fake closed doors,True,"43, 87, -21",7,12,Block{minecraft:air},0,0
lost:staticprop:204,lost,models/props/cs_militia/ladderwood.mdl,"[1230.6300048828125, 278.6289978027344, 98.00980377197266]","[15.5, 0.0, 0.0]",1.0,[],,unmapped,,,False,False,,,,0,owner-reviewed: access/structural or breakable geometry; preserve verified native NAV and passage layout; Source collision/damage model absent,True,"51, 85, -12",11,1,Block{minecraft:air},0,0
lost:staticprop:205,lost,models/props_urban/hotel_bathroom_showerhead001.mdl,"[1005.3099975585938, 469.0, 155.0]","[0.0, 0.0, 0.0]",1.0,[],showerhead,placed_display,"[42, 86, -20]","[0.0, 0.0, 0.0]",True,False,1.0,reviewed_accessory_requires_pose_preserving_display,zero-hitbox Source-pose display,3,,True,"42, 87, -20",7,11,Block{minecraft:air},3,3
lost:staticprop:206,lost,models/props_interiors/toilet_d.mdl,"[1033.31005859375, 387.0, 65.0]","[0.0, 90.0, 0.0]",1.0,[],toilet,placed_display,"[43, 83, -17]","[-0.0, 0.291667, -0.75]",True,False,1.0,reviewed_accessory_requires_pose_preserving_display,zero-hitbox Source-pose display,4,,True,"43, 84, -17",9,8,Block{minecraft:air},4,4
lost:staticprop:207,lost,models/props/cs_office/light_inset.mdl,"[1042.31005859375, 447.0, 234.0]","[0.0, 180.0, 0.0]",1.0,[],fixture,placed_display,"[43, 88, -19]","[0.0, -1.0, 0.0]",True,False,0.7,existing_geometry_or_prior_prop,zero-hitbox Source-pose display,2,,True,"43, 89, -19",0,0,Block{minecraft:white_concrete},2,2
lost:staticprop:208,lost,models/props/de_nuke/wall_light.mdl,"[1132.72998046875, 376.0, 236.0]","[60.0, 270.0, 180.0]",1.0,[],fixture,placed_display,"[47, 87, -16]","[0.0, -2.0, 0.0]",True,False,1.0,tilted_or_scaled_model,zero-hitbox Source-pose display,2,,True,"47, 88, -16",0,0,Block{minecraft:white_concrete},2,2
lost:staticprop:209,lost,models/props/cs_militia/ladderwood.mdl,"[742.4769897460938, 278.6289978027344, 98.00980377197266]","[15.5, 180.0, 0.0]",1.0,[],,unmapped,,,False,False,,,,0,owner-reviewed: access/structural or breakable geometry; preserve verified native NAV and passage layout; Source collision/damage model absent,True,"31, 85, -12",0,3,Block{minecraft:air},0,0
lost:staticprop:210,lost,models/props/de_inferno/bed.mdl,"[698.4769897460938, 326.0, 142.0]","[0.0, 90.5, 0.0]",1.0,[],bed,placed,"[29, 86, -14]",0,False,True,,,,0,,True,"29, 87, -14",0,2,Block{minecraft:air},0,0
lost:staticprop:211,lost,models/props/de_inferno/bed.mdl,"[698.4769897460938, 232.0, 142.0]","[0.0, 90.5, 0.0]",1.0,[],bed,placed,"[29, 86, -10]",0,False,True,,,,0,,True,"29, 87, -10",0,0,Block{minecraft:air},0,0
lost:staticprop:212,lost,models/props/de_inferno/bed.mdl,"[940.4769897460938, 327.0, 142.0]","[0.0, 90.5, 0.0]",1.0,[],bed,placed_display,"[38, 86, -13]","[-0.741245, 0.083333, 1.006507]",True,False,1.0,protected_navigation_or_gameplay,zero-hitbox Source-pose display,9,,True,"38, 87, -13",0,4,Block{minecraft:air},9,9
lost:staticprop:213,lost,models/props/de_inferno/bed.mdl,"[940.4769897460938, 233.0, 142.0]","[0.0, 90.5, 0.0]",1.0,[],bed,placed_display,"[39, 86, -10]","[-0.24999, 0.083333, 0.002182]",True,False,1.0,protected_navigation_or_gameplay,zero-hitbox Source-pose display,9,,True,"39, 87, -10",0,0,Block{minecraft:air},9,9
lost:staticprop:214,lost,models/props_downtown/metal_window01_8.mdl,"[859.156005859375, 504.0, 107.34300231933594]","[0.0, 180.0, 0.0]",1.0,[],,unmapped,,,False,False,,,,0,owner-reviewed: separate opening/control geometry; preserve native room/checkpoint door behaviour; no static fake closed doors,True,"36, 86, -21",0,13,Block{minecraft:air},0,0
lost:staticprop:215,lost,models/props_downtown/metal_window01_8.mdl,"[761.156005859375, 504.0, 107.34300231933594]","[0.0, 180.0, 0.0]",1.0,[],,unmapped,,,False,False,,,,0,owner-reviewed: separate opening/control geometry; preserve native room/checkpoint door behaviour; no static fake closed doors,True,"32, 86, -21",0,13,Block{minecraft:air},0,0
lost:staticprop:216,lost,models/props_interiors/bathroomsink01.mdl,"[922.156005859375, 421.0, 115.0]","[0.0, 180.0, 0.0]",1.0,[],bathroom_sink,placed_display,"[38, 85, -18]","[0.0, 0.208333, 0.0]",True,False,1.0,reviewed_accessory_requires_pose_preserving_display,zero-hitbox Source-pose display,4,,True,"38, 86, -18",0,10,Block{minecraft:air},4,4
lost:staticprop:217,lost,models/props/de_nuke/window01.mdl,"[707.156005859375, 510.0, 141.34300231933594]","[0.0, 89.0, 0.0]",1.0,[],,unmapped,,,False,False,,,,0,owner-reviewed: separate opening/control geometry; preserve native room/checkpoint door behaviour; no static fake closed doors,True,"29, 87, -21",0,12,Block{minecraft:air},0,0
lost:staticprop:218,lost,models/props/cs_militia/ladderwood.mdl,"[898.4769897460938, 278.6289978027344, 98.00980377197266]","[15.5, 0.0, 0.0]",1.0,[],,unmapped,,,False,False,,,,0,owner-reviewed: access/structural or breakable geometry; preserve verified native NAV and passage layout; Source collision/damage model absent,True,"37, 85, -12",0,1,Block{minecraft:air},0,0
lost:staticprop:219,lost,models/props_interiors/toilet_d.mdl,"[701.156005859375, 387.0, 65.0]","[0.0, 90.0, 0.0]",1.0,[],toilet,placed_display,"[29, 83, -17]","[-0.0, 0.291667, -0.75]",True,False,1.0,reviewed_accessory_requires_pose_preserving_display,zero-hitbox Source-pose display,4,,True,"29, 84, -17",0,8,Block{minecraft:air},4,4
lost:staticprop:220,lost,models/props/cs_office/light_inset.mdl,"[710.156005859375, 447.0, 234.0]","[0.0, 180.0, 0.0]",1.0,[],fixture,placed_display,"[30, 88, -19]","[0.0, -1.0, 0.0]",True,False,1.0,existing_geometry_or_prior_prop,zero-hitbox Source-pose display,2,,True,"30, 89, -19",0,0,Block{minecraft:white_concrete},2,2
lost:staticprop:221,lost,models/props/de_nuke/wall_light.mdl,"[800.5770263671875, 376.0, 236.0]","[60.0, 270.0, 180.0]",1.0,[],fixture,placed_display,"[33, 87, -16]","[0.0, -2.0, 0.0]",True,False,1.0,tilted_or_scaled_model,zero-hitbox Source-pose display,2,,True,"33, 88, -16",0,0,Block{minecraft:white_concrete},2,2
lost:staticprop:222,lost,models/props_unique/wooden_barricade_break1.mdl,"[1372.0, 102.0, 66.0]","[0.0, 92.5, 0.0]",1.0,[],,unmapped,,,False,False,,,,0,owner-reviewed: access/structural or breakable geometry; preserve verified native NAV and passage layout; Source collision/damage model absent,True,"57, 84, -4",11,0,Block{minecraft:air},0,0
lost:staticprop:223,lost,models/props_unique/wooden_barricade_break1.mdl,"[1384.0, 0.0, 66.0]","[0.0, 12.5, 0.0]",1.0,[],,unmapped,,,False,False,,,,0,owner-reviewed: access/structural or breakable geometry; preserve verified native NAV and passage layout; Source collision/damage model absent,True,"58, 84, 0",13,0,Block{minecraft:air},0,0
lost:staticprop:224,lost,models/props_office/vending_machine01.mdl,"[1642.8499755859375, -18.970600128173828, 99.0]","[81.93810272216797, 203.92100524902344, -97.14869689941406]",1.0,[],,unmapped,,,False,False,,,,0,owner-reviewed model group; outside requested bed/table/cabinet/chair/lighting scope; exact mesh or interactive state unavailable,True,"68, 85, 1",10,0,Block{minecraft:air},0,0
lost:staticprop:225,lost,models/props/cs_office/vending_machine.mdl,"[1709.8499755859375, -2.970629930496216, 66.0]","[0.0, 261.0, 0.0]",1.0,[],,unmapped,,,False,False,,,,0,owner-reviewed model group; outside requested bed/table/cabinet/chair/lighting scope; exact mesh or interactive state unavailable,True,"71, 84, 0",12,0,Block{minecraft:air},0,0
lost:staticprop:226,lost,models/props/cs_militia/ladderwood.mdl,"[-917.6840209960938, 278.6289978027344, 98.00980377197266]","[15.5, 180.0, 0.0]",1.0,[],,unmapped,,,False,False,,,,0,owner-reviewed: access/structural or breakable geometry; preserve verified native NAV and passage layout; Source collision/damage model absent,True,"-38, 85, -12",12,3,Block{minecraft:air},0,0
lost:staticprop:227,lost,models/props/de_inferno/bed.mdl,"[-961.6840209960938, 326.0, 142.0]","[0.0, 90.5, 0.0]",1.0,[],bed,placed_display,"[-40, 86, -13]","[0.002182, 0.083333, 0.24999]",True,False,1.0,bed_head_unsupported,zero-hitbox Source-pose display,9,,True,"-40, 87, -13",14,1,Block{minecraft:air},9,9
lost:staticprop:228,lost,models/props/de_inferno/bed.mdl,"[-961.6840209960938, 232.0, 142.0]","[0.0, 90.5, 0.0]",1.0,[],bed,placed_display,"[-40, 86, -10]","[0.0, 0.25, 0.0]",True,False,1.0,existing_geometry_or_prior_prop,zero-hitbox Source-pose display,9,,True,"-40, 87, -10",13,0,Block{minecraft:air},9,9
lost:staticprop:229,lost,models/props/de_inferno/bed.mdl,"[-719.6840209960938, 327.0, 142.0]","[0.0, 90.5, 0.0]",1.0,[],bed,placed,"[-30, 86, -14]",0,False,True,,,,0,,True,"-30, 87, -14",13,4,Block{minecraft:air},0,0
lost:staticprop:230,lost,models/props/de_inferno/bed.mdl,"[-719.6840209960938, 233.0, 142.0]","[0.0, 90.5, 0.0]",1.0,[],bed,placed,"[-30, 86, -10]",0,False,True,,,,0,,True,"-30, 87, -10",14,0,"Block{minecraft:light}[level=14,waterlogged=false]",0,0
lost:staticprop:231,lost,models/props_downtown/metal_window01_8.mdl,"[-801.0040283203125, 504.0, 107.34300231933594]","[0.0, 180.0, 0.0]",1.0,[],,unmapped,,,False,False,,,,0,owner-reviewed: separate opening/control geometry; preserve native room/checkpoint door behaviour; no static fake closed doors,True,"-33, 86, -21",12,13,Block{minecraft:air},0,0
lost:staticprop:232,lost,models/props_downtown/metal_window01_8.mdl,"[-899.0040283203125, 504.0, 107.34300231933594]","[0.0, 180.0, 0.0]",1.0,[],,unmapped,,,False,False,,,,0,owner-reviewed: separate opening/control geometry; preserve native room/checkpoint door behaviour; no static fake closed doors,True,"-37, 86, -21",11,13,Block{minecraft:air},0,0
lost:staticprop:233,lost,models/props_interiors/bathroomsink01.mdl,"[-738.0040283203125, 421.0, 115.0]","[0.0, 180.0, 0.0]",1.0,[],bathroom_sink,placed_display,"[-31, 85, -18]","[0.0, 0.208333, 0.0]",True,False,1.0,reviewed_accessory_requires_pose_preserving_display,zero-hitbox Source-pose display,4,,True,"-31, 86, -18",11,10,Block{minecraft:air},4,4
lost:staticprop:234,lost,models/props/de_nuke/window01.mdl,"[-953.0040283203125, 510.0, 141.34300231933594]","[0.0, 89.0, 0.0]",1.0,[],,unmapped,,,False,False,,,,0,owner-reviewed: separate opening/control geometry; preserve native room/checkpoint door behaviour; no static fake closed doors,True,"-40, 87, -21",7,12,Block{minecraft:air},0,0
lost:staticprop:235,lost,models/props/cs_militia/ladderwood.mdl,"[-761.6840209960938, 278.6289978027344, 98.00980377197266]","[15.5, 0.0, 0.0]",1.0,[],,unmapped,,,False,False,,,,0,owner-reviewed: access/structural or breakable geometry; preserve verified native NAV and passage layout; Source collision/damage model absent,True,"-32, 85, -12",11,1,Block{minecraft:air},0,0
lost:staticprop:236,lost,models/props_urban/hotel_bathroom_showerhead001.mdl,"[-987.0040283203125, 469.0, 155.0]","[0.0, 0.0, 0.0]",1.0,[],showerhead,placed_display,"[-41, 86, -20]","[0.0, 0.0, 0.0]",True,False,1.0,reviewed_accessory_requires_pose_preserving_display,zero-hitbox Source-pose display,3,,True,"-41, 87, -20",7,11,Block{minecraft:air},3,3
lost:staticprop:237,lost,models/props_interiors/toilet_d.mdl,"[-959.0040283203125, 387.0, 65.0]","[0.0, 90.0, 0.0]",1.0,[],toilet,placed_display,"[-40, 83, -17]","[-0.0, 0.291667, -0.75]",True,False,1.0,reviewed_accessory_requires_pose_preserving_display,zero-hitbox Source-pose display,4,,True,"-40, 84, -17",9,8,Block{minecraft:air},4,4
lost:staticprop:238,lost,models/props/cs_office/light_inset.mdl,"[-950.0040283203125, 447.0, 234.0]","[0.0, 180.0, 0.0]",1.0,[],fixture,placed_display,"[-40, 88, -19]","[0.0, -1.0, 0.0]",True,False,0.7,existing_geometry_or_prior_prop,zero-hitbox Source-pose display,2,,True,"-40, 89, -19",0,0,Block{minecraft:white_concrete},2,2
lost:staticprop:239,lost,models/props/de_nuke/wall_light.mdl,"[-859.583984375, 376.0, 236.0]","[60.0, 270.0, -180.0]",1.0,[],fixture,placed_display,"[-36, 87, -16]","[0.0, -2.0, 0.0]",True,False,1.0,tilted_or_scaled_model,zero-hitbox Source-pose display,2,,True,"-36, 88, -16",0,0,Block{minecraft:white_concrete},2,2
lost:staticprop:240,lost,models/props_c17/handrail04_doublerise.mdl,"[-1490.0, -162.8719940185547, 23.45840072631836]","[0.0, 0.0, 0.8567090034484863]",1.0,[],,unmapped,,,False,False,,,,0,owner-reviewed: access/structural or breakable geometry; preserve verified native NAV and passage layout; Source collision/damage model absent,True,"-62, 82, 7",12,6,Block{minecraft:air},0,0
lost:staticprop:241,lost,models/props_c17/handrail04_doublerise.mdl,"[-1503.0, -147.66700744628906, -92.0]","[0.0, 180.0, 0.0]",1.0,[],,unmapped,,,False,False,,,,0,owner-reviewed: access/structural or breakable geometry; preserve verified native NAV and passage layout; Source collision/damage model absent,True,"-63, 77, 6",12,3,Block{minecraft:air},0,0
lost:staticprop:242,lost,models/props/cs_militia/ladderwood.mdl,"[-1076.3199462890625, -146.62899780273438, -142.33399963378906]","[15.5, 0.0, 0.0]",1.0,[],,unmapped,,,False,False,,,,0,owner-reviewed: access/structural or breakable geometry; preserve verified native NAV and passage layout; Source collision/damage model absent,True,"-45, 75, 6",13,3,Block{minecraft:air},0,0
lost:staticprop:243,lost,models/props/de_inferno/bed.mdl,"[-1032.3199462890625, -194.0, -98.34380340576172]","[0.0, 270.5, 0.0]",1.0,[],bed,placed_display,"[-43, 76, 7]","[-0.006545, 0.097658, -0.749971]",True,False,1.0,protected_navigation_or_gameplay,zero-hitbox Source-pose display,9,,True,"-43, 77, 7",13,1,Block{minecraft:air},9,9
lost:staticprop:244,lost,models/props/de_inferno/bed.mdl,"[-1032.3199462890625, -100.0, -98.34380340576172]","[0.0, 270.5, 0.0]",1.0,[],bed,placed_display,"[-43, 76, 4]","[0.0, 0.097658, 0.0]",True,False,1.0,protected_navigation_or_gameplay,zero-hitbox Source-pose display,9,,True,"-43, 77, 4",12,0,Block{minecraft:air},9,9
lost:staticprop:245,lost,models/props/de_inferno/bed.mdl,"[-1274.3199462890625, -195.0, -98.34380340576172]","[0.0, 270.5, 0.0]",1.0,[],bed,placed_display,"[-53, 76, 7]","[-0.006545, 0.097658, -0.749971]",True,False,1.0,protected_navigation_or_gameplay,zero-hitbox Source-pose display,9,,True,"-53, 77, 7",13,5,Block{minecraft:air},9,9
lost:staticprop:246,lost,models/props/de_inferno/bed.mdl,"[-1274.3199462890625, -101.0, -98.34380340576172]","[0.0, 270.5, 0.0]",1.0,[],bed,placed_display,"[-53, 76, 4]","[0.0, 0.25, 0.0]",True,False,1.0,protected_navigation_or_gameplay,zero-hitbox Source-pose display,9,,True,"-53, 77, 4",13,2,Block{minecraft:air},9,9
lost:staticprop:247,lost,models/props_downtown/metal_window01_8.mdl,"[-1193.0, -372.0, -133.00100708007812]","[0.0, 0.0, 0.0]",1.0,[],,unmapped,,,False,False,,,,0,owner-reviewed: separate opening/control geometry; preserve native room/checkpoint door behaviour; no static fake closed doors,True,"-50, 76, 16",10,15,Block{minecraft:air},0,0
lost:staticprop:248,lost,models/props_downtown/metal_window01_8.mdl,"[-1095.0, -372.0, -133.00100708007812]","[0.0, 0.0, 0.0]",1.0,[],,unmapped,,,False,False,,,,0,owner-reviewed: separate opening/control geometry; preserve native room/checkpoint door behaviour; no static fake closed doors,True,"-46, 76, 16",9,15,Block{minecraft:air},0,0
lost:staticprop:249,lost,models/props_interiors/bathroomsink01.mdl,"[-1256.0, -289.0, -125.34400177001953]","[0.0, 0.0, 0.0]",1.0,[],bathroom_sink,placed_display,"[-52, 75, 12]","[0.0, 0.222667, 0.0]",True,False,1.0,reviewed_accessory_requires_pose_preserving_display,zero-hitbox Source-pose display,4,,True,"-52, 76, 12",12,11,Block{minecraft:air},4,4
lost:staticprop:250,lost,models/props/de_nuke/window01.mdl,"[-1041.0, -378.0, -99.00070190429688]","[0.0, 269.0, 0.0]",1.0,[],,unmapped,,,False,False,,,,0,owner-reviewed: separate opening/control geometry; preserve native room/checkpoint door behaviour; no static fake closed doors,True,"-43, 77, 16",5,15,Block{minecraft:air},0,0
lost:staticprop:251,lost,models/props/cs_militia/ladderwood.mdl,"[-1232.3199462890625, -146.62899780273438, -142.33399963378906]","[15.5, 180.0, 0.0]",1.0,[],,unmapped,,,False,False,,,,0,owner-reviewed: access/structural or breakable geometry; preserve verified native NAV and passage layout; Source collision/damage model absent,True,"-51, 75, 6",13,3,Block{minecraft:air},0,0
lost:staticprop:252,lost,models/props_urban/hotel_bathroom_showerhead001.mdl,"[-1007.0, -337.0, -85.34380340576172]","[0.0, 180.0, 0.0]",1.0,[],showerhead,placed_display,"[-43, 76, 14]","[-0.75, 0.0, -0.0]",True,False,1.0,reviewed_accessory_requires_pose_preserving_display,zero-hitbox Source-pose display,3,,True,"-43, 77, 14",7,11,Block{minecraft:air},3,3
lost:staticprop:253,lost,models/props_interiors/toilet_d.mdl,"[-1035.0, -255.0, -175.343994140625]","[0.0, 270.0, 0.0]",1.0,[],toilet,placed_display,"[-43, 73, 11]","[-0.0, 0.306, 0.25]",True,False,1.0,reviewed_accessory_requires_pose_preserving_display,zero-hitbox Source-pose display,4,,True,"-43, 74, 11",8,8,Block{minecraft:air},4,4
lost:staticprop:254,lost,models/props/cs_office/light_inset.mdl,"[-1044.0, -315.0, -6.34375]","[0.0, 0.0, 0.0]",1.0,[],fixture,placed_display,"[-43, 78, 13]","[0.0, -0.75, 0.0]",True,False,1.0,existing_geometry_or_prior_prop,zero-hitbox Source-pose display,2,,True,"-43, 79, 13",0,0,Block{minecraft:white_concrete},2,2
lost:staticprop:255,lost,models/props/de_nuke/wall_light.mdl,"[-1134.4200439453125, -244.0, -4.34375]","[60.0, 90.0, -180.0]",1.0,[],fixture,placed_display,"[-47, 77, 10]","[0.0, -2.25, 0.0]",True,False,1.0,tilted_or_scaled_model,zero-hitbox Source-pose display,2,,True,"-47, 78, 10",0,0,Block{minecraft:white_concrete},2,2
lost:staticprop:256,lost,models/props_c17/handrail04_doublerise.mdl,"[-1500.0, -171.1739959716797, 140.0]","[0.0, 180.0, 0.0]",1.0,[],,unmapped,,,False,False,,,,0,owner-reviewed: access/structural or breakable geometry; preserve verified native NAV and passage layout; Source collision/damage model absent,True,"-62, 87, 7",11,4,Block{minecraft:air},0,0
lost:staticprop:257,lost,models/props_downtown/metal_door_doublewide_112_16_frame.mdl,"[-1555.0, -9.0, 65.0]","[0.0, 270.0, 0.0]",1.0,[],,unmapped,,,False,False,,,,0,owner-reviewed: separate opening/control geometry; preserve native room/checkpoint door behaviour; no static fake closed doors,True,"-65, 84, 0",11,0,Block{minecraft:air},0,0
lost:staticprop:258,lost,models/props_fairgrounds/monitor_speaker.mdl,"[-360.0, -103.0, 102.0]","[0.0, 0.0, 0.0]",1.0,[],,unmapped,,,False,False,,,,0,owner-reviewed model group; outside requested bed/table/cabinet/chair/lighting scope; exact mesh or interactive state unavailable,True,"-15, 85, 4",0,0,Block{minecraft:spruce_planks},0,0
lost:staticprop:259,lost,models/props/cs_militia/boxes_garage_lower.mdl,"[-1633.300048828125, 67.0, 129.0]","[-1.1058599948883057, 82.99019622802734, 1.01350998878479]",1.0,[],crate,placed,"[-68, 83, -3]",0,False,True,,,,0,,True,"-68, 84, -3",0,0,Block{minecraft:spruce_planks},0,0
lost:staticprop:260,lost,models/props_lab/powerbox01a.mdl,"[-1640.300048828125, 19.0, 154.0]","[-3.8689799308776855, 239.97799682617188, 179.83900451660156]",1.0,[],,unmapped,,,False,False,,,,0,owner-reviewed model group; outside requested bed/table/cabinet/chair/lighting scope; exact mesh or interactive state unavailable,True,"-68, 88, -1",10,0,Block{minecraft:air},0,0
lost:staticprop:261,lost,models/props_lab/powerbox01a.mdl,"[-1635.300048828125, 111.0, 147.0]","[5.1679301261901855, 59.96269989013672, -0.9132050275802612]",1.0,[],,unmapped,,,False,False,,,,0,owner-reviewed model group; outside requested bed/table/cabinet/chair/lighting scope; exact mesh or interactive state unavailable,True,"-68, 87, -5",10,0,Block{minecraft:air},0,0
lost:staticprop:262,lost,models/props/cs_militia/boxes_frontroom.mdl,"[-1636.300048828125, 63.0, 64.90499877929688]","[0.0, 107.0, 0.0]",1.0,[],crate,placed,"[-68, 84, -3]",0,False,True,,,,0,,True,"-68, 85, -3",12,0,Block{minecraft:air},0,0
lost:staticprop:263,lost,models/props/cs_office/cardboard_box01.mdl,"[-1629.300048828125, 87.0, 99.0]","[0.0, 141.5, 0.0]",1.0,[],container_box,placed_display,"[-68, 84, -4]","[-0.080047, 0.0, -0.702561]",True,False,1.0,reviewed_accessory_requires_pose_preserving_display,zero-hitbox Source-pose display,2,,True,"-68, 85, -4",11,0,Block{minecraft:air},2,2
lost:staticprop:264,lost,models/props/cs_militia/boxes_garage_lower.mdl,"[-1687.0, 26.0, 70.0]","[-1.1058599948883057, 51.99020004272461, 1.01350998878479]",1.0,[],crate,placed,"[-70, 83, -1]",0,False,True,,,,0,,True,"-70, 84, -1",11,0,Block{minecraft:air},0,0
lost:staticprop:265,lost,models/props/cs_militia/boxes_garage_lower.mdl,"[-1690.0, 46.0, 126.0]","[-1.1058599948883057, 28.99020004272461, 1.01350998878479]",1.0,[],crate,placed,"[-70, 83, -2]",0,False,True,,,,0,,True,"-70, 84, -2",12,0,Block{minecraft:air},0,0
lost:staticprop:266,lost,models/props/cs_militia/boxes_frontroom.mdl,"[-1711.0, 86.0, 64.90499877929688]","[0.0, 26.5, 0.0]",1.0,[],crate,placed,"[-71, 83, -4]",0,False,True,,,,0,,True,"-71, 84, -4",11,0,Block{minecraft:air},0,0
lost:staticprop:267,lost,models/props/cs_militia/boxes_garage_lower.mdl,"[-1688.0, 106.0, 129.0]","[-1.1058599948883057, 357.489990234375, 1.01350998878479]",1.0,[],crate,placed,"[-70, 83, -4]",0,False,True,,,,0,,True,"-70, 84, -4",12,0,Block{minecraft:air},0,0
lost:staticprop:268,lost,models/props_mill/brickwall_broken01_b.mdl,"[673.0, 385.0, 65.0]","[0.0, 269.0, 0.0]",1.0,[],,unmapped,,,False,False,,,,0,owner-reviewed model group; outside requested bed/table/cabinet/chair/lighting scope; exact mesh or interactive state unavailable,True,"28, 84, -16",0,0,Block{minecraft:white_concrete},0,0
lost:staticprop:269,lost,models/props_c17/handrail04_doublerise.mdl,"[-1481.0, -194.8719940185547, 255.45799255371094]","[0.0, 0.0, 0.8567090034484863]",1.0,[],,unmapped,,,False,False,,,,0,owner-reviewed: access/structural or breakable geometry; preserve verified native NAV and passage layout; Source collision/damage model absent,True,"-62, 92, 8",12,7,Block{minecraft:air},0,0
lost:staticprop:270,lost,models/props_unique/infectedbreakwall01_2x4core_main.mdl,"[-1500.0, -377.0, 16.25]","[0.0, 269.5, 0.0]",1.0,[],,unmapped,,,False,False,,,,0,owner-reviewed: access/structural or breakable geometry; preserve verified native NAV and passage layout; Source collision/damage model absent,True,"-62, 82, 16",10,15,Block{minecraft:air},0,0
lost:staticprop:271,lost,models/props_interiors/railing_128_breakable01.mdl,"[-1571.0, -372.0, -55.0]","[0.0, 270.0, 0.0]",1.0,[],,unmapped,,,False,False,,,,0,owner-reviewed: access/structural or breakable geometry; preserve verified native NAV and passage layout; Source collision/damage model absent,True,"-65, 79, 16",10,15,Block{minecraft:air},0,0
lost:staticprop:272,lost,models/props_interiors/railing_128_breakable01.mdl,"[-1571.0, -369.0, 177.75]","[0.0, 270.0, 0.0]",1.0,[],,unmapped,,,False,False,,,,0,owner-reviewed: access/structural or breakable geometry; preserve verified native NAV and passage layout; Source collision/damage model absent,True,"-65, 89, 15",10,14,Block{minecraft:air},0,0
lost:staticprop:273,lost,models/props_unique/infectedbreakwall01_2x4core_main.mdl,"[-1500.0, -374.0, 249.0]","[0.0, 269.5, 0.0]",1.0,[],,unmapped,,,False,False,,,,0,owner-reviewed: access/structural or breakable geometry; preserve verified native NAV and passage layout; Source collision/damage model absent,True,"-62, 91, 16",10,15,Block{minecraft:air},0,0
lost:staticprop:274,lost,models/props/cs_militia/boxes_garage_lower.mdl,"[-1521.0, -90.0, 78.0]","[-17.507099151611328, 218.24899291992188, 20.887500762939453]",1.0,[],crate,placed_display,"[-63, 84, 4]","[0.0, 0.75, 0.0]",True,False,1.0,tilted_or_scaled_model,zero-hitbox Source-pose display,1,,True,"-63, 85, 4",13,0,Block{minecraft:air},1,1
lost:staticprop:275,lost,models/props/cs_militia/boxes_garage_lower.mdl,"[-1533.0, -35.0, 65.0]","[0.0, 137.0, 0.0]",1.0,[],crate,placed_display,"[-64, 83, 1]","[0.0, 0.291667, 0.0]",True,False,1.0,protected_navigation_or_gameplay,zero-hitbox Source-pose display,1,,True,"-64, 84, 1",11,0,Block{minecraft:air},1,1
lost:staticprop:276,lost,models/props_downtown/metal_door_doublewide_112_16_frame.mdl,"[-1555.0, -7.0, -175.0]","[0.0, 270.0, 0.0]",1.0,[],,unmapped,,,False,False,,,,0,owner-reviewed: separate opening/control geometry; preserve native room/checkpoint door behaviour; no static fake closed doors,True,"-65, 74, 0",11,0,Block{minecraft:air},0,0
lost:staticprop:277,lost,models/props_c17/handrail04_doublerise.mdl,"[-1490.0, -152.2689971923828, -216.54200744628906]","[0.0, 0.0, 0.8567090034484863]",1.0,[],,unmapped,,,False,False,,,,0,owner-reviewed: access/structural or breakable geometry; preserve verified native NAV and passage layout; Source collision/damage model absent,True,"-62, 72, 6",13,0,Block{minecraft:air},0,0
lost:staticprop:278,lost,models/props_unique/wooden_barricade_break1.mdl,"[-1067.0, 58.0, -176.0]","[0.0, 92.5, 0.0]",1.0,[],,unmapped,,,False,False,,,,0,owner-reviewed: access/structural or breakable geometry; preserve verified native NAV and passage layout; Source collision/damage model absent,True,"-44, 74, -2",11,0,Block{minecraft:air},0,0
lost:staticprop:279,lost,models/props_unique/wooden_barricade_break1.mdl,"[-1009.0499877929688, 73.0, -176.0]","[0.0, 272.0, 0.0]",1.0,[],,unmapped,,,False,False,,,,0,owner-reviewed: access/structural or breakable geometry; preserve verified native NAV and passage layout; Source collision/damage model absent,True,"-42, 74, -3",12,0,Block{minecraft:air},0,0
lost:staticprop:280,lost,models/props_unique/wooden_barricade_break1.mdl,"[-1003.0, 65.0, -19.0]","[-2.4984800815582275, 87.99810028076172, -179.91299438476562]",1.0,[],,unmapped,,,False,False,,,,0,owner-reviewed: access/structural or breakable geometry; preserve verified native NAV and passage layout; Source collision/damage model absent,True,"-42, 80, -3",0,0,Block{minecraft:white_concrete},0,0
lost:staticprop:281,lost,models/props/cs_militia/ladderwood.mdl,"[-2405.320068359375, -146.62899780273438, -142.33399963378906]","[15.5, 0.0, 0.0]",1.0,[],,unmapped,,,False,False,,,,0,owner-reviewed: access/structural or breakable geometry; preserve verified native NAV and passage layout; Source collision/damage model absent,True,"-100, 75, 6",0,0,Block{minecraft:spruce_planks},0,0
lost:staticprop:282,lost,models/props/de_inferno/bed.mdl,"[-2361.320068359375, -194.0, -98.34380340576172]","[0.0, 270.5, 0.0]",1.0,[],bed,placed_display,"[-99, 76, 7]","[-0.758698, 0.097658, -0.993417]",True,False,1.0,no_support_at_source_xz,zero-hitbox Source-pose display,9,,True,"-99, 77, 7",14,2,Block{minecraft:air},0,9
lost:staticprop:283,lost,models/props/de_inferno/bed.mdl,"[-2361.320068359375, -100.0, -98.34380340576172]","[0.0, 270.5, 0.0]",1.0,[],bed,placed_display,"[-99, 76, 4]","[-0.749971, 0.097658, 0.006545]",True,False,1.0,no_support_at_source_xz,zero-hitbox Source-pose display,9,,True,"-99, 77, 4",13,0,Block{minecraft:air},0,9
lost:staticprop:284,lost,models/props/de_inferno/bed.mdl,"[-2603.320068359375, -195.0, -98.34380340576172]","[0.0, 270.5, 0.0]",1.0,[],bed,placed_display,"[-108, 76, 7]","[-0.006545, 0.097658, -0.749971]",True,False,1.0,protected_navigation_or_gameplay,zero-hitbox Source-pose display,9,,True,"-108, 77, 7",13,5,Block{minecraft:air},0,9
lost:staticprop:285,lost,models/props/de_inferno/bed.mdl,"[-2603.320068359375, -101.0, -98.34380340576172]","[0.0, 270.5, 0.0]",1.0,[],bed,placed_display,"[-108, 76, 4]","[0.0, 0.25, 0.0]",True,False,1.0,protected_navigation_or_gameplay,zero-hitbox Source-pose display,9,,True,"-108, 77, 4",13,2,Block{minecraft:air},0,9
lost:staticprop:286,lost,models/props_downtown/metal_window01_8.mdl,"[-2522.0, -372.0, -133.00100708007812]","[0.0, 0.0, 0.0]",1.0,[],,unmapped,,,False,False,,,,0,owner-reviewed: separate opening/control geometry; preserve native room/checkpoint door behaviour; no static fake closed doors,True,"-105, 76, 16",10,15,Block{minecraft:air},0,0
lost:staticprop:287,lost,models/props_downtown/metal_window01_8.mdl,"[-2424.0, -372.0, -133.00100708007812]","[0.0, 0.0, 0.0]",1.0,[],,unmapped,,,False,False,,,,0,owner-reviewed: separate opening/control geometry; preserve native room/checkpoint door behaviour; no static fake closed doors,True,"-101, 76, 16",9,15,Block{minecraft:air},0,0
lost:staticprop:288,lost,models/props_interiors/bathroomsink01.mdl,"[-2585.0, -289.0, -125.34400177001953]","[0.0, 0.0, 0.0]",1.0,[],bathroom_sink,placed_display,"[-108, 75, 12]","[0.0, 0.222667, 0.0]",True,False,1.0,reviewed_accessory_requires_pose_preserving_display,zero-hitbox Source-pose display,4,,True,"-108, 76, 12",11,11,Block{minecraft:air},0,4
lost:staticprop:289,lost,models/props/de_nuke/window01.mdl,"[-2370.0, -378.0, -99.00070190429688]","[0.0, 269.0, 0.0]",1.0,[],,unmapped,,,False,False,,,,0,owner-reviewed: separate opening/control geometry; preserve native room/checkpoint door behaviour; no static fake closed doors,True,"-99, 77, 16",6,15,Block{minecraft:air},0,0
lost:staticprop:290,lost,models/props/cs_militia/ladderwood.mdl,"[-2561.320068359375, -146.62899780273438, -142.33399963378906]","[15.5, 180.0, 0.0]",1.0,[],,unmapped,,,False,False,,,,0,owner-reviewed: access/structural or breakable geometry; preserve verified native NAV and passage layout; Source collision/damage model absent,True,"-107, 75, 6",12,2,Block{minecraft:air},0,0
lost:staticprop:291,lost,models/props_urban/hotel_bathroom_showerhead001.mdl,"[-2336.0, -337.0, -85.34380340576172]","[0.0, 180.0, 0.0]",1.0,[],showerhead,placed_display,"[-99, 76, 14]","[-1.25, 0.0, -0.0]",True,False,1.0,reviewed_accessory_requires_pose_preserving_display,zero-hitbox Source-pose display,3,,True,"-99, 77, 14",8,12,Block{minecraft:air},0,3
lost:staticprop:292,lost,models/props_interiors/toilet_d.mdl,"[-2364.0, -255.0, -175.343994140625]","[0.0, 270.0, 0.0]",1.0,[],toilet,placed_display,"[-99, 73, 11]","[-0.5, 0.306, 0.5]",True,False,1.0,reviewed_accessory_requires_pose_preserving_display,zero-hitbox Source-pose display,4,,True,"-99, 74, 11",9,9,Block{minecraft:air},0,4
lost:staticprop:293,lost,models/props/cs_office/light_inset.mdl,"[-2373.0, -315.0, -6.34375]","[0.0, 0.0, 0.0]",1.0,[],fixture,placed_display,"[-99, 78, 13]","[0.0, -0.75, 0.0]",True,False,0.7,existing_geometry_or_prior_prop,zero-hitbox Source-pose display,2,,True,"-99, 79, 13",0,0,Block{minecraft:white_concrete},0,2
lost:staticprop:294,lost,models/props/de_nuke/wall_light.mdl,"[-2463.419921875, -244.0, -4.34375]","[60.0, 90.0, -180.0]",1.0,[],fixture,placed_display,"[-103, 77, 10]","[0.0, -2.25, 0.0]",True,False,1.0,tilted_or_scaled_model,zero-hitbox Source-pose display,2,,True,"-103, 78, 10",0,0,Block{minecraft:white_concrete},0,2
lost:staticprop:295,lost,models/props/cs_militia/ladderwood.mdl,"[-3402.320068359375, -146.62899780273438, -142.33399963378906]","[15.5, 0.0, 0.0]",1.0,[],,unmapped,,,False,False,,,,0,owner-reviewed: access/structural or breakable geometry; preserve verified native NAV and passage layout; Source collision/damage model absent,True,"-142, 75, 6",13,3,Block{minecraft:air},0,0
lost:staticprop:296,lost,models/props/de_inferno/bed.mdl,"[-3358.320068359375, -194.0, -98.34380340576172]","[0.0, 270.5, 0.0]",1.0,[],bed,placed_display,"[-140, 76, 7]","[-0.508707, 0.097658, -0.995599]",True,False,1.0,protected_navigation_or_gameplay,zero-hitbox Source-pose display,9,,True,"-140, 77, 7",13,1,Block{minecraft:air},0,9
lost:staticprop:297,lost,models/props/de_inferno/bed.mdl,"[-3358.320068359375, -100.0, -98.34380340576172]","[0.0, 270.5, 0.0]",1.0,[],bed,placed_display,"[-140, 76, 4]","[-0.24999, 0.097658, 0.002182]",True,False,1.0,protected_navigation_or_gameplay,zero-hitbox Source-pose display,9,,True,"-140, 77, 4",12,0,Block{minecraft:air},0,9
lost:staticprop:298,lost,models/props/de_inferno/bed.mdl,"[-3600.320068359375, -195.0, -98.34380340576172]","[0.0, 270.5, 0.0]",1.0,[],bed,placed,"[-150, 75, 8]",0,False,True,,,,0,,True,"-150, 76, 8",11,5,Block{minecraft:air},0,0
lost:staticprop:299,lost,models/props/de_inferno/bed.mdl,"[-3600.320068359375, -101.0, -98.34380340576172]","[0.0, 270.5, 0.0]",1.0,[],bed,placed_display,"[-150, 76, 4]","[0.0, 0.25, 0.0]",True,False,1.0,protected_navigation_or_gameplay,zero-hitbox Source-pose display,9,,True,"-150, 77, 4",13,2,Block{minecraft:air},0,9
lost:staticprop:300,lost,models/props_downtown/metal_window01_8.mdl,"[-3519.0, -372.0, -133.00100708007812]","[0.0, 0.0, 0.0]",1.0,[],,unmapped,,,False,False,,,,0,owner-reviewed: separate opening/control geometry; preserve native room/checkpoint door behaviour; no static fake closed doors,True,"-147, 76, 16",10,15,Block{minecraft:air},0,0
lost:staticprop:301,lost,models/props_downtown/metal_window01_8.mdl,"[-3421.0, -372.0, -133.00100708007812]","[0.0, 0.0, 0.0]",1.0,[],,unmapped,,,False,False,,,,0,owner-reviewed: separate opening/control geometry; preserve native room/checkpoint door behaviour; no static fake closed doors,True,"-143, 76, 16",9,15,Block{minecraft:air},0,0
lost:staticprop:302,lost,models/props_interiors/bathroomsink01.mdl,"[-3582.0, -289.0, -125.34400177001953]","[0.0, 0.0, 0.0]",1.0,[],bathroom_sink,placed_display,"[-149, 75, 12]","[0.0, 0.222667, 0.0]",True,False,1.0,reviewed_accessory_requires_pose_preserving_display,zero-hitbox Source-pose display,4,,True,"-149, 76, 12",12,11,Block{minecraft:air},0,4
lost:staticprop:303,lost,models/props/de_nuke/window01.mdl,"[-3367.0, -378.0, -99.00070190429688]","[0.0, 269.0, 0.0]",1.0,[],,unmapped,,,False,False,,,,0,owner-reviewed: separate opening/control geometry; preserve native room/checkpoint door behaviour; no static fake closed doors,True,"-140, 77, 16",5,15,Block{minecraft:air},0,0
lost:staticprop:304,lost,models/props/cs_militia/ladderwood.mdl,"[-3558.320068359375, -146.62899780273438, -142.33399963378906]","[15.5, 180.0, 0.0]",1.0,[],,unmapped,,,False,False,,,,0,owner-reviewed: access/structural or breakable geometry; preserve verified native NAV and passage layout; Source collision/damage model absent,True,"-148, 75, 6",13,3,Block{minecraft:air},0,0
lost:staticprop:305,lost,models/props_urban/hotel_bathroom_showerhead001.mdl,"[-3333.0, -337.0, -85.34380340576172]","[0.0, 180.0, 0.0]",1.0,[],showerhead,placed_display,"[-140, 76, 14]","[-0.75, 0.0, -0.0]",True,False,1.0,reviewed_accessory_requires_pose_preserving_display,zero-hitbox Source-pose display,3,,True,"-140, 77, 14",7,12,Block{minecraft:air},0,3
lost:staticprop:306,lost,models/props_interiors/toilet_d.mdl,"[-3361.0, -255.0, -175.343994140625]","[0.0, 270.0, 0.0]",1.0,[],toilet,placed_display,"[-140, 73, 11]","[-0.0, 0.306, 0.25]",True,False,1.0,reviewed_accessory_requires_pose_preserving_display,zero-hitbox Source-pose display,4,,True,"-140, 74, 11",8,9,Block{minecraft:air},0,4
lost:staticprop:307,lost,models/props/cs_office/light_inset.mdl,"[-3370.0, -315.0, -6.34375]","[0.0, 0.0, 0.0]",1.0,[],fixture,placed_display,"[-140, 78, 13]","[0.0, -0.75, 0.0]",True,False,1.0,existing_geometry_or_prior_prop,zero-hitbox Source-pose display,2,,True,"-140, 79, 13",0,0,Block{minecraft:white_concrete},0,2
lost:staticprop:308,lost,models/props/de_nuke/wall_light.mdl,"[-3460.419921875, -244.0, -4.34375]","[60.0, 90.0, -180.0]",1.0,[],fixture,placed_display,"[-144, 77, 10]","[0.0, -2.25, 0.0]",True,False,1.0,tilted_or_scaled_model,zero-hitbox Source-pose display,2,,True,"-144, 78, 10",0,0,Block{minecraft:white_concrete},0,2
lost:staticprop:309,lost,models/props/de_inferno/bed.mdl,"[-3309.679931640625, 325.0, -98.70600128173828]","[0.0, 90.5, 0.0]",1.0,[],bed,placed_display,"[-138, 76, -14]","[0.0, 0.11275, 0.0]",True,False,1.0,protected_navigation_or_gameplay,zero-hitbox Source-pose display,9,,True,"-138, 77, -14",12,2,Block{minecraft:air},0,9
lost:staticprop:310,lost,models/props/de_inferno/bed.mdl,"[-3309.679931640625, 231.0, -98.70600128173828]","[0.0, 90.5, 0.0]",1.0,[],bed,placed_display,"[-138, 76, -10]","[0.0, 0.11275, 0.0]",True,False,1.0,protected_navigation_or_gameplay,zero-hitbox Source-pose display,9,,True,"-138, 77, -10",13,0,Block{minecraft:air},0,9
lost:staticprop:311,lost,models/props/de_inferno/bed.mdl,"[-3067.679931640625, 326.0, -98.70600128173828]","[0.0, 90.5, 0.0]",1.0,[],bed,placed_display,"[-129, 76, -13]","[-0.741245, 0.11275, 1.006507]",True,False,1.0,protected_navigation_or_gameplay,zero-hitbox Source-pose display,9,,True,"-129, 77, -13",14,4,Block{minecraft:air},0,9
lost:staticprop:312,lost,models/props/de_inferno/bed.mdl,"[-3067.679931640625, 232.0, -98.70600128173828]","[0.0, 90.5, 0.0]",1.0,[],bed,placed,"[-128, 76, -10]",0,False,True,,,,0,,True,"-128, 77, -10",12,0,Block{minecraft:air},0,0
lost:staticprop:313,lost,models/props_downtown/metal_window01_8.mdl,"[-3149.0, 503.0, -133.36300659179688]","[0.0, 180.0, 0.0]",1.0,[],,unmapped,,,False,False,,,,0,owner-reviewed: separate opening/control geometry; preserve native room/checkpoint door behaviour; no static fake closed doors,True,"-131, 76, -21",11,13,Block{minecraft:air},0,0
lost:staticprop:314,lost,models/props_downtown/metal_window01_8.mdl,"[-3247.0, 503.0, -133.36300659179688]","[0.0, 180.0, 0.0]",1.0,[],,unmapped,,,False,False,,,,0,owner-reviewed: separate opening/control geometry; preserve native room/checkpoint door behaviour; no static fake closed doors,True,"-135, 76, -21",10,13,Block{minecraft:air},0,0
lost:staticprop:315,lost,models/props_interiors/bathroomsink01.mdl,"[-3086.0, 420.0, -125.70600128173828]","[0.0, 180.0, 0.0]",1.0,[],bathroom_sink,placed_display,"[-129, 75, -17]","[0.0, 0.23775, 0.0]",True,False,1.0,reviewed_accessory_requires_pose_preserving_display,zero-hitbox Source-pose display,4,,True,"-129, 76, -17",12,9,Block{minecraft:air},0,4
lost:staticprop:316,lost,models/props/de_nuke/window01.mdl,"[-3301.0, 509.0, -99.36299896240234]","[0.0, 89.0, 0.0]",1.0,[],,unmapped,,,False,False,,,,0,owner-reviewed: separate opening/control geometry; preserve native room/checkpoint door behaviour; no static fake closed doors,True,"-138, 77, -21",6,12,Block{minecraft:air},0,0
lost:staticprop:317,lost,models/props/cs_militia/ladderwood.mdl,"[-3109.679931640625, 277.6289978027344, -142.6959991455078]","[15.5, 0.0, 0.0]",1.0,[],,unmapped,,,False,False,,,,0,owner-reviewed: access/structural or breakable geometry; preserve verified native NAV and passage layout; Source collision/damage model absent,True,"-130, 75, -12",12,1,Block{minecraft:air},0,0
lost:staticprop:318,lost,models/props_interiors/toilet_d.mdl,"[-3307.0, 386.0, -175.70599365234375]","[0.0, 90.0, 0.0]",1.0,[],toilet,placed_display,"[-138, 73, -17]","[-0.0, 0.321083, -0.75]",True,False,1.0,reviewed_accessory_requires_pose_preserving_display,zero-hitbox Source-pose display,4,,True,"-138, 74, -17",8,8,Block{minecraft:air},0,4
lost:staticprop:319,lost,models/props/cs_office/light_inset.mdl,"[-3298.0, 446.0, -6.706019878387451]","[0.0, 180.0, 0.0]",1.0,[],fixture,placed_display,"[-137, 78, -19]","[0.0, -0.75, 0.0]",True,False,1.0,existing_geometry_or_prior_prop,zero-hitbox Source-pose display,2,,True,"-137, 79, -19",0,0,Block{minecraft:white_concrete},0,2
lost:staticprop:320,lost,models/props/de_nuke/wall_light.mdl,"[-3207.580078125, 375.0, -4.706019878387451]","[60.0, 270.0, -180.0]",1.0,[],fixture,placed_display,"[-134, 77, -16]","[0.0, -2.0, 0.0]",True,False,1.0,tilted_or_scaled_model,zero-hitbox Source-pose display,2,,True,"-134, 78, -16",0,0,Block{minecraft:white_concrete},0,2
lost:staticprop:321,lost,models/props_office/filecabinet01.mdl,"[-3517.800048828125, 112.6510009765625, -176.0]","[0.0, 300.5, 0.0]",1.0,[],cabinet,placed,"[-147, 73, -5]",0,False,True,,,,0,,True,"-147, 74, -5",0,0,Block{minecraft:spruce_planks},0,0
lost:staticprop:322,lost,models/props_office/vending_machine01.mdl,"[-3492.0, 139.0, -169.0]","[-17.31800079345703, 210.8489990234375, 2.011280059814453]",1.0,[],,unmapped,,,False,False,,,,0,owner-reviewed model group; outside requested bed/table/cabinet/chair/lighting scope; exact mesh or interactive state unavailable,True,"-145, 74, -6",11,5,Block{minecraft:air},0,0
lost:staticprop:323,lost,models/props_doors/doorglassmain01_small_dm03_a.mdl,"[-3556.0, 82.0, -123.0]","[-2.0554800033569336, 321.9469909667969, -85.75789642333984]",1.0,[],,unmapped,,,False,False,,,,0,owner-reviewed: separate opening/control geometry; preserve native room/checkpoint door behaviour; no static fake closed doors,True,"-148, 76, -3",8,9,Block{minecraft:air},0,0
lost:staticprop:324,lost,models/props_doors/doorglassmain01_small_dm03_g.mdl,"[-3544.0, 12.0, -166.0]","[66.88189697265625, 111.26799774169922, 114.26499938964844]",1.0,[],,unmapped,,,False,False,,,,0,owner-reviewed: separate opening/control geometry; preserve native room/checkpoint door behaviour; no static fake closed doors,True,"-148, 74, 0",0,0,Block{minecraft:white_concrete},0,0
lost:staticprop:325,lost,models/props_doors/doorglassmain01_small_dm03_c.mdl,"[-3490.0, 57.0, -173.0]","[83.0, 0.0, -46.0]",1.0,[],,unmapped,,,False,False,,,,0,owner-reviewed: separate opening/control geometry; preserve native room/checkpoint door behaviour; no static fake closed doors,True,"-145, 74, -2",13,4,"Block{minecraft:light}[level=13,waterlogged=false]",0,0
lost:staticprop:326,lost,models/props_doors/doorglassmain01_small_dm03_b.mdl,"[-3490.179931640625, 42.0, -173.0]","[0.0, 0.0, 39.5]",1.0,[],,unmapped,,,False,False,,,,0,owner-reviewed: separate opening/control geometry; preserve native room/checkpoint door behaviour; no static fake closed doors,True,"-145, 74, -2",13,4,"Block{minecraft:light}[level=13,waterlogged=false]",0,0
lost:staticprop:327,lost,models/props_doors/doorglassmain01_small_dm03_h.mdl,"[-3417.0, 24.0, -173.0]","[89.5, 0.0, 5.5]",1.0,[],,unmapped,,,False,False,,,,0,owner-reviewed: separate opening/control geometry; preserve native room/checkpoint door behaviour; no static fake closed doors,True,"-142, 74, -1",9,0,Block{minecraft:air},0,0
lost:staticprop:328,lost,models/props_vents/ventbreakable01_dm01_frame.mdl,"[-3340.0, 471.0, -146.0]","[0.0, 0.0, 0.0]",1.0,[],,unmapped,,,False,False,,,,0,owner-reviewed model group; outside requested bed/table/cabinet/chair/lighting scope; exact mesh or interactive state unavailable,True,"-139, 75, -20",10,11,Block{minecraft:air},0,0
lost:staticprop:329,lost,models/props_c17/handrail04_brokenlong.mdl,"[-3584.0, 314.0, -156.0]","[0.0, 312.5, 0.0]",1.0,[],,unmapped,,,False,False,,,,0,owner-reviewed: access/structural or breakable geometry; preserve verified native NAV and passage layout; Source collision/damage model absent,True,"-149, 75, -13",12,10,Block{minecraft:air},0,0
lost:staticprop:330,lost,models/props_c17/handrail04_long.mdl,"[-3631.0, 207.0, -156.0]","[0.0, 180.5, 0.0]",1.0,[],,unmapped,,,False,False,,,,0,owner-reviewed: access/structural or breakable geometry; preserve verified native NAV and passage layout; Source collision/damage model absent,True,"-151, 75, -9",12,12,Block{minecraft:air},0,0
lost:staticprop:331,lost,models/props_c17/handrail04_brokencorner.mdl,"[-3615.0, 489.0, -176.0]","[0.0, 271.5, 0.0]",1.0,[],,unmapped,,,False,False,,,,0,owner-reviewed: access/structural or breakable geometry; preserve verified native NAV and passage layout; Source collision/damage model absent,True,"-151, 74, -20",12,13,Block{minecraft:air},0,0
lost:staticprop:332,lost,models/props_c17/handrail04_long.mdl,"[-3537.0, 504.0, -156.0]","[0.0, 269.5, 0.0]",1.0,[],,unmapped,,,False,False,,,,0,owner-reviewed: access/structural or breakable geometry; preserve verified native NAV and passage layout; Source collision/damage model absent,True,"-147, 75, -21",11,14,Block{minecraft:air},0,0
lost:staticprop:333,lost,models/props_c17/handrail04_long.mdl,"[-3410.0, 503.0, -156.0]","[0.0, 269.5, 0.0]",1.0,[],,unmapped,,,False,False,,,,0,owner-reviewed: access/structural or breakable geometry; preserve verified native NAV and passage layout; Source collision/damage model absent,True,"-142, 75, -21",12,14,Block{minecraft:air},0,0
lost:staticprop:334,lost,models/props_office/vending_machine01.mdl,"[-3344.0, 300.3210144042969, -155.0]","[-88.8552017211914, 248.7030029296875, 107.96800231933594]",1.0,[],,unmapped,,,False,False,,,,0,owner-reviewed model group; outside requested bed/table/cabinet/chair/lighting scope; exact mesh or interactive state unavailable,True,"-139, 75, -13",0,0,Block{minecraft:spruce_planks},0,0
lost:staticprop:335,lost,models/props_rooftop/train_signalbox_01.mdl,"[-3364.300048828125, 389.0, -174.91400146484375]","[0.0, 180.0, 0.0]",1.0,[],,unmapped,,,False,False,,,,0,owner-reviewed model group; outside requested bed/table/cabinet/chair/lighting scope; exact mesh or interactive state unavailable,True,"-140, 74, -16",0,0,Block{minecraft:white_concrete},0,0
lost:staticprop:336,lost,models/deadbodies/dead_male_torso_01.mdl,"[-3435.0, 325.3210144042969, -172.91400146484375]","[0.0, 297.5, 0.0]",1.0,[],,unmapped,,,False,False,,,,0,owner-reviewed: compound corpse/setpiece mesh; generic furniture boxes would misrepresent it; exact Source mesh absent,True,"-143, 74, -14",12,7,Block{minecraft:air},0,0
lost:staticprop:337,lost,models/deadbodies/dead_male_legs_01.mdl,"[-3412.0, 288.3210144042969, -174.91400146484375]","[0.0, 277.0, 0.0]",1.0,[],,unmapped,,,False,False,,,,0,owner-reviewed: compound corpse/setpiece mesh; generic furniture boxes would misrepresent it; exact Source mesh absent,True,"-142, 74, -12",12,5,Block{minecraft:air},0,0
lost:staticprop:338,lost,models/props/cs_militia/boxes_garage_lower.mdl,"[-1466.0, -38.0, -175.0]","[0.0, 137.0, 0.0]",1.0,[],crate,placed,"[-61, 73, 2]",0,False,True,,,,0,,True,"-61, 74, 2",11,0,Block{minecraft:air},0,0
lost:staticprop:339,lost,models/props/de_nuke/window01.mdl,"[-3638.0, 92.0, -81.0]","[0.0, 0.47974899411201477, 0.0]",1.0,[],,unmapped,,,False,False,,,,0,owner-reviewed: separate opening/control geometry; preserve native room/checkpoint door behaviour; no static fake closed doors,True,"-152, 78, -4",0,0,Block{minecraft:white_concrete},0,0
lost:staticprop:340,lost,models/props/de_nuke/window01.mdl,"[-3638.0, 37.0, -81.0]","[0.0, 359.5, 0.0]",1.0,[],,unmapped,,,False,False,,,,0,owner-reviewed: separate opening/control geometry; preserve native room/checkpoint door behaviour; no static fake closed doors,True,"-152, 78, -2",0,0,Block{minecraft:white_concrete},0,0
lost:staticprop:341,lost,models/props/de_nuke/window01.mdl,"[-3638.0, 92.0, -323.0]","[0.0, 0.47974899411201477, 0.0]",1.0,[],,unmapped,,,False,False,,,,0,owner-reviewed: separate opening/control geometry; preserve native room/checkpoint door behaviour; no static fake closed doors,True,"-152, 68, -4",0,0,Block{minecraft:white_concrete},0,0
lost:staticprop:342,lost,models/props/de_nuke/window01.mdl,"[-3638.0, 37.0, -323.0]","[0.0, 359.5, 0.0]",1.0,[],,unmapped,,,False,False,,,,0,owner-reviewed: separate opening/control geometry; preserve native room/checkpoint door behaviour; no static fake closed doors,True,"-152, 68, -2",0,0,Block{minecraft:white_concrete},0,0
lost:staticprop:343,lost,models/props_mill/wood_stack.mdl,"[-3638.0, 423.0, -410.66400146484375]","[0.0, 0.0, 0.0]",1.0,[],,unmapped,,,False,False,,,,0,owner-reviewed model group; outside requested bed/table/cabinet/chair/lighting scope; exact mesh or interactive state unavailable,True,"-152, 64, -18",11,13,Block{minecraft:air},0,0
lost:staticprop:344,lost,models/props_mill/wood_stack.mdl,"[-3621.0, 377.0, -409.66400146484375]","[0.0, 0.0, 0.0]",1.0,[],,unmapped,,,False,False,,,,0,owner-reviewed model group; outside requested bed/table/cabinet/chair/lighting scope; exact mesh or interactive state unavailable,True,"-151, 64, -16",14,12,"Block{minecraft:light}[level=14,waterlogged=false]",0,0
lost:staticprop:345,lost,models/props_mill/wood_stack.mdl,"[-3486.0, 425.0, -401.66400146484375]","[0.0, 0.0, 0.0]",1.0,[],,unmapped,,,False,False,,,,0,owner-reviewed model group; outside requested bed/table/cabinet/chair/lighting scope; exact mesh or interactive state unavailable,True,"-145, 64, -18",13,10,Block{minecraft:air},0,0
lost:staticprop:346,lost,models/props_mill/wood_stack.mdl,"[-3509.0, 334.0, -415.66400146484375]","[0.0, 36.5, 0.0]",1.0,[],,unmapped,,,False,False,,,,0,owner-reviewed model group; outside requested bed/table/cabinet/chair/lighting scope; exact mesh or interactive state unavailable,True,"-146, 64, -14",13,7,Block{minecraft:air},0,0
lost:staticprop:347,lost,models/props_exteriors/wood_railing002.mdl,"[-3542.0, 460.0, -409.66400146484375]","[0.0, 90.0, 0.0]",1.0,[],,unmapped,,,False,False,,,,0,owner-reviewed: access/structural or breakable geometry; preserve verified native NAV and passage layout; Source collision/damage model absent,True,"-148, 64, -19",14,11,"Block{minecraft:light}[level=14,waterlogged=false]",0,0
lost:staticprop:348,lost,models/props_rooftop/train_signalbox_01.mdl,"[-3364.0, 389.0, -416.0]","[0.0, 180.0, 0.0]",1.0,[],,unmapped,,,False,False,,,,0,owner-reviewed model group; outside requested bed/table/cabinet/chair/lighting scope; exact mesh or interactive state unavailable,True,"-140, 64, -16",0,0,Block{minecraft:white_concrete},0,0
lost:staticprop:349,lost,models/props/cs_militia/ladderwood.mdl,"[-3265.68994140625, 277.6289978027344, -383.6960144042969]","[15.5, 180.0, 0.0]",1.0,[],,unmapped,,,False,False,,,,0,owner-reviewed: access/structural or breakable geometry; preserve verified native NAV and passage layout; Source collision/damage model absent,True,"-136, 65, -12",13,3,Block{minecraft:air},0,0
lost:staticprop:350,lost,models/props/de_inferno/bed.mdl,"[-3309.68994140625, 325.0, -339.70599365234375]","[0.0, 90.5, 0.0]",1.0,[],bed,placed_display,"[-138, 66, -14]","[0.0, 0.154416, 0.0]",True,False,1.0,protected_navigation_or_gameplay,zero-hitbox Source-pose display,9,,True,"-138, 67, -14",12,2,Block{minecraft:air},0,9
lost:staticprop:351,lost,models/props/de_inferno/bed.mdl,"[-3309.68994140625, 231.0, -339.70599365234375]","[0.0, 90.5, 0.0]",1.0,[],bed,placed_display,"[-138, 66, -10]","[0.0, 0.154416, 0.0]",True,False,1.0,protected_navigation_or_gameplay,zero-hitbox Source-pose display,9,,True,"-138, 67, -10",13,0,Block{minecraft:air},0,9
lost:staticprop:352,lost,models/props/de_inferno/bed.mdl,"[-3067.68994140625, 326.0, -339.70599365234375]","[0.0, 90.5, 0.0]",1.0,[],bed,placed,"[-128, 66, -14]",0,False,True,,,,0,,True,"-128, 67, -14",12,4,Block{minecraft:air},0,0
lost:staticprop:353,lost,models/props/de_inferno/bed.mdl,"[-3067.68994140625, 232.0, -339.70599365234375]","[0.0, 90.5, 0.0]",1.0,[],bed,placed,"[-128, 66, -10]",0,False,True,,,,0,,True,"-128, 67, -10",12,0,Block{minecraft:air},0,0
lost:staticprop:354,lost,models/props_downtown/metal_window01_8.mdl,"[-3149.010009765625, 503.0, -374.3630065917969]","[0.0, 180.0, 0.0]",1.0,[],,unmapped,,,False,False,,,,0,owner-reviewed: separate opening/control geometry; preserve native room/checkpoint door behaviour; no static fake closed doors,True,"-131, 66, -21",11,13,Block{minecraft:air},0,0
lost:staticprop:355,lost,models/props_downtown/metal_window01_8.mdl,"[-3247.010009765625, 503.0, -374.3630065917969]","[0.0, 180.0, 0.0]",1.0,[],,unmapped,,,False,False,,,,0,owner-reviewed: separate opening/control geometry; preserve native room/checkpoint door behaviour; no static fake closed doors,True,"-135, 66, -21",10,13,Block{minecraft:air},0,0
lost:staticprop:356,lost,models/props_interiors/bathroomsink01.mdl,"[-3086.010009765625, 420.0, -366.70599365234375]","[0.0, 180.0, 0.0]",1.0,[],bathroom_sink,placed_display,"[-129, 65, -17]","[0.0, 0.279416, 0.0]",True,False,1.0,reviewed_accessory_requires_pose_preserving_display,zero-hitbox Source-pose display,4,,True,"-129, 66, -17",12,9,Block{minecraft:air},0,4
lost:staticprop:357,lost,models/props/de_nuke/window01.mdl,"[-3301.010009765625, 509.0, -340.3630065917969]","[0.0, 89.0, 0.0]",1.0,[],,unmapped,,,False,False,,,,0,owner-reviewed: separate opening/control geometry; preserve native room/checkpoint door behaviour; no static fake closed doors,True,"-138, 67, -21",6,12,Block{minecraft:air},0,0
lost:staticprop:358,lost,models/props/cs_militia/ladderwood.mdl,"[-3109.68994140625, 277.6289978027344, -383.6960144042969]","[15.5, 0.0, 0.0]",1.0,[],,unmapped,,,False,False,,,,0,owner-reviewed: access/structural or breakable geometry; preserve verified native NAV and passage layout; Source collision/damage model absent,True,"-130, 65, -12",12,1,Block{minecraft:air},0,0
lost:staticprop:359,lost,models/props_urban/hotel_bathroom_showerhead001.mdl,"[-3335.010009765625, 468.0, -326.70599365234375]","[0.0, 0.0, 0.0]",1.0,[],showerhead,placed_display,"[-139, 66, -19]","[0.0, 0.0, 0.0]",True,False,1.0,reviewed_accessory_requires_pose_preserving_display,zero-hitbox Source-pose display,3,,True,"-139, 67, -19",7,9,Block{minecraft:air},0,3
lost:staticprop:360,lost,models/props_interiors/toilet_d.mdl,"[-3307.010009765625, 386.0, -416.70599365234375]","[0.0, 90.0, 0.0]",1.0,[],toilet,placed_display,"[-138, 63, -17]","[-0.0, 0.36275, -0.75]",True,False,1.0,reviewed_accessory_requires_pose_preserving_display,zero-hitbox Source-pose display,4,,True,"-138, 64, -17",8,8,Block{minecraft:air},0,4
lost:staticprop:361,lost,models/props/cs_office/light_inset.mdl,"[-3298.010009765625, 446.0, -247.70599365234375]","[0.0, 180.0, 0.0]",1.0,[],fixture,placed_display,"[-137, 68, -19]","[0.0, -0.75, 0.0]",True,False,1.0,existing_geometry_or_prior_prop,zero-hitbox Source-pose display,2,,True,"-137, 69, -19",0,0,Block{minecraft:white_concrete},0,2
lost:staticprop:362,lost,models/props/de_nuke/wall_light.mdl,"[-3207.590087890625, 375.0, -245.70599365234375]","[60.0, 270.0, 180.0]",1.0,[],fixture,placed_display,"[-134, 67, -16]","[0.0, -2.0, 0.0]",True,False,1.0,tilted_or_scaled_model,zero-hitbox Source-pose display,2,,True,"-134, 68, -16",0,0,Block{minecraft:white_concrete},0,2
lost:staticprop:363,lost,models/props_downtown/metal_door_doublewide_112_16_frame.mdl,"[-1554.0, -7.0, -418.0]","[0.0, 270.0, 0.0]",1.0,[],,unmapped,,,False,False,,,,0,owner-reviewed: separate opening/control geometry; preserve native room/checkpoint door behaviour; no static fake closed doors,True,"-65, 64, 0",12,0,"Block{minecraft:light}[level=11,waterlogged=false]",0,0
lost:staticprop:364,lost,models/props_downtown/metal_door_doublewide_112_16_frame.mdl,"[1726.0, -152.0, -416.3559875488281]","[0.0, 0.0, 0.0]",1.0,[],,unmapped,,,False,False,,,,0,owner-reviewed: separate opening/control geometry; preserve native room/checkpoint door behaviour; no static fake closed doors,True,"72, 64, 6",0,0,Block{minecraft:white_concrete},0,0
lost:staticprop:365,lost,models/props_windows/window_industrial.mdl,"[-328.40301513671875, 33.0, -417.0]","[0.0, 0.0, 0.0]",1.0,[],,unmapped,,,False,False,,,,0,owner-reviewed: separate opening/control geometry; preserve native room/checkpoint door behaviour; no static fake closed doors,True,"-14, 64, -1",12,0,Block{minecraft:air},0,0
lost:staticprop:366,lost,models/props_windows/window_industrial.mdl,"[-328.40301513671875, 98.0, -417.0]","[0.0, 0.0, 0.0]",1.0,[],,unmapped,,,False,False,,,,0,owner-reviewed: separate opening/control geometry; preserve native room/checkpoint door behaviour; no static fake closed doors,True,"-14, 64, -4",13,0,Block{minecraft:air},0,0
lost:staticprop:367,lost,models/props_windows/window_industrial.mdl,"[-328.40301513671875, 33.0, -329.0]","[0.0, 0.0, 0.0]",1.0,[],,unmapped,,,False,False,,,,0,owner-reviewed: separate opening/control geometry; preserve native room/checkpoint door behaviour; no static fake closed doors,True,"-14, 67, -1",13,0,Block{minecraft:air},0,0
lost:staticprop:368,lost,models/props_windows/window_industrial.mdl,"[-328.40301513671875, 98.0, -329.0]","[0.0, 0.0, 0.0]",1.0,[],,unmapped,,,False,False,,,,0,owner-reviewed: separate opening/control geometry; preserve native room/checkpoint door behaviour; no static fake closed doors,True,"-14, 67, -4",14,0,Block{minecraft:air},0,0
lost:staticprop:369,lost,models/props_unique/wooden_barricade_break3.mdl,"[2935.0, -94.0, -414.5989990234375]","[0.0, 271.0, 0.0]",1.0,[],,unmapped,,,False,False,,,,0,owner-reviewed: access/structural or breakable geometry; preserve verified native NAV and passage layout; Source collision/damage model absent,True,"122, 64, 4",12,0,"Block{minecraft:light}[level=9,waterlogged=false]",0,0
lost:staticprop:370,lost,models/props_unique/wooden_barricade_break2.mdl,"[3053.3701171875, -93.0, -406.5989990234375]","[0.0, 116.5, 0.0]",1.0,[],,unmapped,,,False,False,,,,0,owner-reviewed: access/structural or breakable geometry; preserve verified native NAV and passage layout; Source collision/damage model absent,True,"127, 64, 4",11,0,Block{minecraft:air},0,0
lost:staticprop:371,lost,models/props_unique/wooden_barricade_break1.mdl,"[3156.0, -86.11499786376953, -406.5989990234375]","[0.0, 330.0, 0.0]",1.0,[],,unmapped,,,False,False,,,,0,owner-reviewed: access/structural or breakable geometry; preserve verified native NAV and passage layout; Source collision/damage model absent,True,"132, 64, 4",11,0,"Block{minecraft:light}[level=11,waterlogged=false]",0,0
lost:staticprop:372,lost,models/props_interiors/breakwall_interior.mdl,"[2768.0, -95.0, -421.0]","[89.5, 0.0, 0.0]",1.0,[],,unmapped,,,False,False,,,,0,owner-reviewed: access/structural or breakable geometry; preserve verified native NAV and passage layout; Source collision/damage model absent,True,"115, 64, 4",14,0,"Block{minecraft:light}[level=9,waterlogged=false]",0,0
lost:staticprop:373,lost,models/props_interiors/table_kitchen.mdl,"[2756.0, -86.0, -653.3480224609375]","[0.0, 230.0, 0.0]",1.0,[],table,placed_display,"[115, 53, 4]","[0.0, 0.222834, 0.0]",True,False,1.0,protected_navigation_or_gameplay,zero-hitbox Source-pose display,5,,True,"115, 54, 4",8,0,Block{minecraft:air},0,5
lost:staticprop:374,lost,models/props_interiors/table_kitchen.mdl,"[2734.0, -116.0, -653.3480224609375]","[0.0, 232.0, 0.0]",1.0,[],table,placed_display,"[114, 53, 5]","[0.153915, 0.222834, -0.197003]",True,False,1.0,protected_navigation_or_gameplay,zero-hitbox Source-pose display,5,,True,"114, 54, 5",6,0,Block{minecraft:air},0,5
lost:staticprop:375,lost,models/props/cs_assault/box_stack2.mdl,"[2997.0, -93.0, -655.1199951171875]","[0.0, 0.0, 0.0]",1.0,[],container_box,placed_display,"[125, 53, 4]","[0.0, 0.296666, 0.0]",True,False,1.0,reviewed_accessory_requires_pose_preserving_display,zero-hitbox Source-pose display,2,,True,"125, 54, 4",2,0,Block{minecraft:air},0,2
lost:staticprop:376,lost,models/props/cs_assault/box_stack2.mdl,"[2981.0, -93.0, -594.0]","[0.0, 0.0, 0.0]",1.0,[],container_box,placed_display,"[124, 55, 4]","[0.0, 0.0, 0.0]",True,False,1.0,reviewed_accessory_requires_pose_preserving_display,zero-hitbox Source-pose display,2,,True,"124, 56, 4",5,0,Block{minecraft:air},0,2
lost:staticprop:377,lost,models/props_downtown/metal_door_doublewide_112_16_frame.mdl,"[1726.0, -152.0, -656.3560180664062]","[0.0, 0.0, 0.0]",1.0,[],,unmapped,,,False,False,,,,0,owner-reviewed: separate opening/control geometry; preserve native room/checkpoint door behaviour; no static fake closed doors,True,"72, 54, 6",0,0,Block{minecraft:bricks},0,0
lost:staticprop:378,lost,models/deadbodies/riot/riot_truck_a.mdl,"[2068.0, -109.0, -736.0]","[-11.5, 0.0, 0.0]",1.0,[],,unmapped,,,False,False,,,,0,owner-reviewed: compound corpse/setpiece mesh; generic furniture boxes would misrepresent it; exact Source mesh absent,True,"86, 50, 5",0,0,Block{minecraft:white_concrete},0,0
lost:staticprop:379,lost,models/deadbodies/cemetary/fence_a.mdl,"[1322.0, 34.0, 112.0]","[0.0, 178.5, 0.0]",1.0,[],,unmapped,,,False,False,,,,0,owner-reviewed: compound corpse/setpiece mesh; generic furniture boxes would misrepresent it; exact Source mesh absent,True,"55, 86, -1",0,0,Block{minecraft:white_concrete},0,0
lost:staticprop:380,lost,models/deadbodies/bodies96_a.mdl,"[948.0, 28.0, 66.0]","[0.0, 272.0, 0.0]",1.0,[],,unmapped,,,False,False,,,,0,owner-reviewed: compound corpse/setpiece mesh; generic furniture boxes would misrepresent it; exact Source mesh absent,True,"40, 84, -1",10,0,Block{minecraft:air},0,0
lost:staticprop:381,lost,models/deadbodies/bodies128_a.mdl,"[-292.0, 80.0, 65.0]","[0.0, 257.0, 0.0]",1.0,[],,unmapped,,,False,False,,,,0,owner-reviewed: compound corpse/setpiece mesh; generic furniture boxes would misrepresent it; exact Source mesh absent,True,"-12, 84, -3",10,0,Block{minecraft:air},0,0
lost:staticprop:382,lost,models/deadbodies/bodieshall128.mdl,"[-1275.0, 69.0, 68.0]","[0.0, 268.5, 0.0]",1.0,[],,unmapped,,,False,False,,,,0,owner-reviewed: compound corpse/setpiece mesh; generic furniture boxes would misrepresent it; exact Source mesh absent,True,"-53, 84, -3",7,0,Block{minecraft:air},0,0
lost:staticprop:383,lost,models/deadbodies/cemetary/wall_192_b.mdl,"[-611.0, 66.0, 69.0]","[0.0, 263.0, 0.0]",1.0,[],,unmapped,,,False,False,,,,0,owner-reviewed: compound corpse/setpiece mesh; generic furniture boxes would misrepresent it; exact Source mesh absent,True,"-25, 84, -3",6,0,Block{minecraft:air},0,0
lost:staticprop:384,lost,models/deadbodies/cemetary/pose_a.mdl,"[-1520.0, 42.0, 68.0]","[0.0, 42.0, 0.0]",1.0,[],,unmapped,,,False,False,,,,0,owner-reviewed: compound corpse/setpiece mesh; generic furniture boxes would misrepresent it; exact Source mesh absent,True,"-63, 84, -2",10,0,Block{minecraft:air},0,0
lost:staticprop:385,lost,models/deadbodies/cemetary/wall_192_c.mdl,"[-1450.0, -363.0, -56.0]","[0.0, 84.0, 0.0]",1.0,[],,unmapped,,,False,False,,,,0,owner-reviewed: compound corpse/setpiece mesh; generic furniture boxes would misrepresent it; exact Source mesh absent,True,"-60, 79, 15",0,0,Block{minecraft:white_concrete},0,0
lost:staticprop:386,lost,models/deadbodies/default/oval_128_a.mdl,"[-1644.449951171875, 42.0, -178.0]","[0.0, 0.0, 0.0]",1.0,[],,unmapped,,,False,False,,,,0,owner-reviewed: compound corpse/setpiece mesh; generic furniture boxes would misrepresent it; exact Source mesh absent,True,"-69, 74, -2",12,0,Block{minecraft:air},0,0
lost:staticprop:387,lost,models/deadbodies/default/oval_128_b.mdl,"[-2286.0, 55.0, -175.0]","[0.0, 272.0, 0.0]",1.0,[],,unmapped,,,False,False,,,,0,owner-reviewed: compound corpse/setpiece mesh; generic furniture boxes would misrepresent it; exact Source mesh absent,True,"-95, 74, -2",9,0,Block{minecraft:air},0,0
lost:staticprop:388,lost,models/deadbodies/dead_female_civilian_02.mdl,"[-327.0, -361.0, -413.0]","[0.0, 93.5, 0.0]",1.0,[],,unmapped,,,False,False,,,,0,owner-reviewed: compound corpse/setpiece mesh; generic furniture boxes would misrepresent it; exact Source mesh absent,True,"-14, 64, 15",11,14,"Block{minecraft:ladder}[facing=south,waterlogged=false]",0,0
lost:staticprop:389,lost,models/deadbodies/default/wall_192_a.mdl,"[1036.0, 96.0, -416.0]","[0.0, 264.0, 0.0]",1.0,[],,unmapped,,,False,False,,,,0,owner-reviewed: compound corpse/setpiece mesh; generic furniture boxes would misrepresent it; exact Source mesh absent,True,"43, 64, -4",12,0,Block{minecraft:air},0,0
lost:staticprop:390,lost,models/props_interiors/table_kitchen.mdl,"[2746.0, -99.0, -619.0]","[0.0, 317.5, 0.0]",1.0,[],table,placed_display,"[114, 53, 4]","[0.0, -1.208333, 0.0]",True,False,1.0,protected_navigation_or_gameplay,zero-hitbox Source-pose display,5,,True,"114, 54, 4",0,0,Block{minecraft:stone_bricks},0,5
lost:staticprop:391,lost,models/props/cs_office/ladder1.mdl,"[-3535.0, 378.0, -256.0]","[0.0, 229.0, 0.0]",1.0,[],,unmapped,,,False,False,,,,0,owner-reviewed: access/structural or breakable geometry; preserve verified native NAV and passage layout; Source collision/damage model absent,True,"-147, 70, -16",0,0,Block{minecraft:smooth_quartz},0,0
lost:staticprop:392,lost,models/props_unique/skybox_cityscape_highrise.mdl,"[-552.0, 1549.0, -367.0]","[0.0, 271.0, 0.0]",1.0,[],,unmapped,,,False,False,,,,0,owner-reviewed: skybox scale/origin cannot be inferred as ordinary room furniture,True,"-23, 66, -65",0,15,Block{minecraft:air},0,0
lost:staticprop:393,lost,models/props_unique/skybox_cityscape_highrise.mdl,"[-174.0, 1558.0, -366.0]","[0.0, 91.5, 0.0]",1.0,[],,unmapped,,,False,False,,,,0,owner-reviewed: skybox scale/origin cannot be inferred as ordinary room furniture,True,"-7, 66, -65",0,15,Block{minecraft:air},0,0
lost:staticprop:394,lost,models/props/cs_assault/camera.mdl,"[-1566.4599609375, 0.02261349931359291, 206.406005859375]","[0.0, 0.0, 0.0]",1.0,[],,unmapped,,,False,False,,,,0,owner-reviewed model group; outside requested bed/table/cabinet/chair/lighting scope; exact mesh or interactive state unavailable,True,"-65, 90, 0",0,0,Block{minecraft:white_concrete},0,0
lost:staticprop:395,lost,models/props/cs_assault/camera.mdl,"[-1430.300048828125, 1.0226099491119385, -41.68259811401367]","[0.0, 0.0, 0.0]",1.0,[],,unmapped,,,False,False,,,,0,owner-reviewed model group; outside requested bed/table/cabinet/chair/lighting scope; exact mesh or interactive state unavailable,True,"-60, 79, 0",0,0,Block{minecraft:white_concrete},0,0
lost:staticprop:396,lost,models/props/cs_assault/camera.mdl,"[-3587.449951171875, 1.0226099491119385, -28.77120018005371]","[0.0, 0.0, 0.0]",1.0,[],,unmapped,,,False,False,,,,0,owner-reviewed model group; outside requested bed/table/cabinet/chair/lighting scope; exact mesh or interactive state unavailable,True,"-149, 80, 0",0,0,Block{minecraft:white_concrete},0,0
lost:staticprop:397,lost,models/props/cs_assault/camera.mdl,"[-3582.550048828125, 1.0226099491119385, -263.3479919433594]","[0.0, 0.0, 0.0]",1.0,[],,unmapped,,,False,False,,,,0,owner-reviewed model group; outside requested bed/table/cabinet/chair/lighting scope; exact mesh or interactive state unavailable,True,"-149, 70, 0",0,0,Block{minecraft:white_concrete},0,0
lost:staticprop:398,lost,models/props/cs_assault/camera.mdl,"[-1386.8299560546875, 1.0226099491119385, -271.8370056152344]","[0.0, 0.0, 0.0]",1.0,[],,unmapped,,,False,False,,,,0,owner-reviewed model group; outside requested bed/table/cabinet/chair/lighting scope; exact mesh or interactive state unavailable,True,"-58, 70, 0",0,0,Block{minecraft:white_concrete},0,0
lost:staticprop:399,lost,models/props/cs_assault/camera.mdl,"[1313.0, 163.0, -292.3089904785156]","[0.0, 270.5, 0.0]",1.0,[],,unmapped,,,False,False,,,,0,owner-reviewed model group; outside requested bed/table/cabinet/chair/lighting scope; exact mesh or interactive state unavailable,True,"55, 69, -7",0,0,Block{minecraft:white_concrete},0,0
lost:staticprop:400,lost,models/props/cs_assault/camera.mdl,"[1321.3199462890625, 196.1320037841797, -529.1680297851562]","[0.0, 270.5, 0.0]",1.0,[],,unmapped,,,False,False,,,,0,owner-reviewed model group; outside requested bed/table/cabinet/chair/lighting scope; exact mesh or interactive state unavailable,True,"55, 59, -8",0,0,Block{minecraft:white_concrete},0,0
lost:entity:61823,lost,models/props_doors/doormainmetal01.mdl,"[-2170.01, 139.0, -364.363]","[0.0, 89.5, 0.0]",1.0,[],,unmapped,,,False,False,,,,0,owner-reviewed: separate opening/control geometry; preserve native room/checkpoint door behaviour; no static fake closed doors,True,"-90, 66, -6",0,0,Block{minecraft:white_concrete},0,0
lost:entity:61840,lost,models/props_doors/doormain01.mdl,"[-2272.01, 489.0, -364.363]","[0.0, 181.0, 0.0]",1.0,[],,unmapped,,,False,False,,,,0,owner-reviewed: separate opening/control geometry; preserve native room/checkpoint door behaviour; no static fake closed doors,True,"-95, 66, -20",11,11,Block{minecraft:air},0,0
lost:entity:61997,lost,models/props_interiors/furniture_chair03a.mdl,"[-2118.28, 344.0, -398.706]","[0.0, 40.0, 0.0]",1.0,[],chair,placed_display,"[-89, 63, -14]","[-0.704416, 0.0, -0.061628]",True,False,1.0,protected_navigation_or_gameplay,zero-hitbox Source-pose display,6,,True,"-89, 64, -14",13,2,Block{minecraft:air},6,6
lost:entity:62001,lost,models/props_interiors/furniture_chair03a.mdl,"[-2133.48, 218.539, -395.838]","[0.0, 40.0, 0.0]",1.0,[],chair,placed_display,"[-89, 63, -9]","[-0.191511, 0.0, 0.160697]",True,False,1.0,protected_navigation_or_gameplay,zero-hitbox Source-pose display,6,,True,"-89, 64, -9",12,0,Block{minecraft:air},6,6
lost:entity:62005,lost,models/props_interiors/furniture_chair03a.mdl,"[-2266.58, 223.361, -395.838]","[0.0, 40.0, 0.0]",1.0,[],chair,placed_display,"[-94, 63, -9]","[0.0, 0.0, 0.0]",True,False,1.0,protected_navigation_or_gameplay,zero-hitbox Source-pose display,6,,True,"-94, 64, -9",12,0,Block{minecraft:air},6,6
lost:entity:62009,lost,models/props_interiors/furniture_chair03a.mdl,"[-2252.29, 329.847, -395.838]","[0.0, 40.0, 0.0]",1.0,[],chair,placed_display,"[-94, 63, -14]","[0.0, 0.0, 0.0]",True,False,1.0,protected_navigation_or_gameplay,zero-hitbox Source-pose display,6,,True,"-94, 64, -14",13,5,Block{minecraft:air},6,6
lost:entity:61521,lost,models/props_doors/doormainmetal01.mdl,"[-2817.0, 139.018, -364.014]","[0.0, 90.008, 0.0]",1.0,[],,unmapped,,,False,False,,,,0,owner-reviewed: separate opening/control geometry; preserve native room/checkpoint door behaviour; no static fake closed doors,True,"-117, 66, -6",0,0,Block{minecraft:white_concrete},0,0
lost:entity:61535,lost,models/props_doors/doormainmetal01.mdl,"[-2488.0, 139.018, -363.671]","[0.0, 90.008, 0.0]",1.0,[],,unmapped,,,False,False,,,,0,owner-reviewed: separate opening/control geometry; preserve native room/checkpoint door behaviour; no static fake closed doors,True,"-104, 66, -6",0,0,Block{minecraft:white_concrete},0,0
lost:entity:64140,lost,models/props_doors/doormainmetal01.mdl,"[-1828.0, 139.018, -364.014]","[0.0, 90.008, 0.0]",1.0,[],,unmapped,,,False,False,,,,0,owner-reviewed: separate opening/control geometry; preserve native room/checkpoint door behaviour; no static fake closed doors,True,"-76, 66, -6",0,0,Block{minecraft:white_concrete},0,0
lost:entity:64155,lost,models/props_doors/doormainmetal01.mdl,"[-1499.0, 139.018, -363.671]","[0.0, 90.008, 0.0]",1.0,[],,unmapped,,,False,False,,,,0,owner-reviewed: separate opening/control geometry; preserve native room/checkpoint door behaviour; no static fake closed doors,True,"-62, 66, -6",0,0,Block{minecraft:white_concrete},0,0
lost:entity:64309,lost,models/props_doors/doormainmetal01.mdl,"[-839.0, 139.018, -364.014]","[0.0, 90.008, 0.0]",1.0,[],,unmapped,,,False,False,,,,0,owner-reviewed: separate opening/control geometry; preserve native room/checkpoint door behaviour; no static fake closed doors,True,"-35, 66, -6",0,0,Block{minecraft:white_concrete},0,0
lost:entity:64324,lost,models/props_doors/doormainmetal01.mdl,"[-510.0, 139.018, -363.671]","[0.0, 90.008, 0.0]",1.0,[],,unmapped,,,False,False,,,,0,owner-reviewed: separate opening/control geometry; preserve native room/checkpoint door behaviour; no static fake closed doors,True,"-21, 66, -6",0,0,Block{minecraft:white_concrete},0,0
lost:entity:64379,lost,models/props_doors/doormainmetal01.mdl,"[-1181.01, 139.0, -364.363]","[0.0, 89.5, 0.0]",1.0,[],,unmapped,,,False,False,,,,0,owner-reviewed: separate opening/control geometry; preserve native room/checkpoint door behaviour; no static fake closed doors,True,"-49, 66, -6",0,0,Block{minecraft:white_concrete},0,0
lost:entity:64396,lost,models/props_doors/doormain01.mdl,"[-1283.01, 489.0, -364.363]","[0.0, 181.0, 0.0]",1.0,[],,unmapped,,,False,False,,,,0,owner-reviewed: separate opening/control geometry; preserve native room/checkpoint door behaviour; no static fake closed doors,True,"-53, 66, -20",12,12,Block{minecraft:air},0,0
lost:entity:64553,lost,models/props_interiors/furniture_chair03a.mdl,"[-1129.28, 344.0, -398.706]","[0.0, 40.0, 0.0]",1.0,[],chair,placed_display,"[-47, 63, -14]","[0.0, 0.0, 0.0]",True,False,1.0,protected_navigation_or_gameplay,zero-hitbox Source-pose display,6,,True,"-47, 64, -14",12,2,Block{minecraft:air},6,6
lost:entity:64557,lost,models/props_interiors/furniture_chair03a.mdl,"[-1144.48, 218.539, -395.838]","[0.0, 40.0, 0.0]",1.0,[],chair,placed_display,"[-48, 63, -9]","[-0.191511, 0.0, 0.160697]",True,False,1.0,protected_navigation_or_gameplay,zero-hitbox Source-pose display,6,,True,"-48, 64, -9",12,0,Block{minecraft:air},6,6
lost:entity:64561,lost,models/props_interiors/furniture_chair03a.mdl,"[-1277.58, 223.361, -395.838]","[0.0, 40.0, 0.0]",1.0,[],chair,placed_display,"[-53, 63, -9]","[0.0, 0.0, 0.0]",True,False,1.0,protected_navigation_or_gameplay,zero-hitbox Source-pose display,6,,True,"-53, 64, -9",12,0,Block{minecraft:air},6,6
lost:entity:64565,lost,models/props_interiors/furniture_chair03a.mdl,"[-1263.29, 329.847, -395.838]","[0.0, 40.0, 0.0]",1.0,[],chair,placed_display,"[-53, 63, -14]","[0.0, 0.0, 0.0]",True,False,1.0,protected_navigation_or_gameplay,zero-hitbox Source-pose display,6,,True,"-53, 64, -14",13,5,Block{minecraft:air},6,6
lost:entity:66615,lost,models/props_doors/doormainmetal01.mdl,"[-868.0, -8.01807, -364.014]","[0.0, 270.008, 0.0]",1.0,[],,unmapped,,,False,False,,,,0,owner-reviewed: separate opening/control geometry; preserve native room/checkpoint door behaviour; no static fake closed doors,True,"-36, 66, 0",0,0,Block{minecraft:white_concrete},0,0
lost:entity:66626,lost,models/props_doors/doormainmetal01.mdl,"[-1197.0, -8.01804, -363.671]","[0.0, 270.008, 0.0]",1.0,[],,unmapped,,,False,False,,,,0,owner-reviewed: separate opening/control geometry; preserve native room/checkpoint door behaviour; no static fake closed doors,True,"-50, 66, 0",7,0,Block{minecraft:air},0,0
lost:entity:66682,lost,models/props_doors/doormainmetal01.mdl,"[-525.99, -8.00009, -364.363]","[0.0, 269.5, 0.0]",1.0,[],,unmapped,,,False,False,,,,0,owner-reviewed: separate opening/control geometry; preserve native room/checkpoint door behaviour; no static fake closed doors,True,"-22, 66, 0",11,0,Block{minecraft:air},0,0
lost:entity:66699,lost,models/props_doors/doormain01.mdl,"[-423.99, -358.0, -364.363]","[0.0, 0.999994, 0.0]",1.0,[],,unmapped,,,False,False,,,,0,owner-reviewed: separate opening/control geometry; preserve native room/checkpoint door behaviour; no static fake closed doors,True,"-18, 66, 15",0,0,Block{minecraft:smooth_quartz},0,0
lost:entity:66856,lost,models/props_interiors/furniture_chair03a.mdl,"[-577.72, -213.0, -398.706]","[0.0, 220.0, 0.0]",1.0,[],chair,placed_display,"[-24, 63, 9]","[0.0, 0.0, 0.0]",True,False,1.0,protected_navigation_or_gameplay,zero-hitbox Source-pose display,6,,True,"-24, 64, 9",12,5,Block{minecraft:air},6,6
lost:entity:66860,lost,models/props_interiors/furniture_chair03a.mdl,"[-562.52, -87.5391, -395.838]","[0.0, 220.0, 0.0]",1.0,[],chair,placed_display,"[-23, 63, 4]","[0.0, 0.0, 0.0]",True,False,1.0,protected_navigation_or_gameplay,zero-hitbox Source-pose display,6,,True,"-23, 64, 4",14,1,"Block{minecraft:light}[level=14,waterlogged=false]",6,6
lost:entity:66864,lost,models/props_interiors/furniture_chair03a.mdl,"[-429.42, -92.3611, -395.838]","[0.0, 220.0, 0.0]",1.0,[],chair,placed_display,"[-18, 63, 4]","[-0.191511, 0.0, 0.160697]",True,False,1.0,protected_navigation_or_gameplay,zero-hitbox Source-pose display,6,,True,"-18, 64, 4",12,0,Block{minecraft:air},6,6
lost:entity:66868,lost,models/props_interiors/furniture_chair03a.mdl,"[-443.71, -198.847, -395.838]","[0.0, 220.0, 0.0]",1.0,[],chair,placed_display,"[-18, 63, 8]","[0.0, 0.0, 0.0]",True,False,1.0,protected_navigation_or_gameplay,zero-hitbox Source-pose display,6,,True,"-18, 64, 8",12,4,Block{minecraft:air},6,6
lost:entity:68566,lost,models/props_doors/doormainmetal01.mdl,"[-193.99, -8.00009, -364.363]","[0.0, 269.5, 0.0]",1.0,[],,unmapped,,,False,False,,,,0,owner-reviewed: separate opening/control geometry; preserve native room/checkpoint door behaviour; no static fake closed doors,True,"-8, 66, 0",11,0,Block{minecraft:air},0,0
lost:entity:68583,lost,models/props_doors/doormain01.mdl,"[-91.99, -358.0, -364.363]","[0.0, 0.999994, 0.0]",1.0,[],,unmapped,,,False,False,,,,0,owner-reviewed: separate opening/control geometry; preserve native room/checkpoint door behaviour; no static fake closed doors,True,"-4, 66, 15",0,0,Block{minecraft:smooth_quartz},0,0
lost:entity:68740,lost,models/props_interiors/furniture_chair03a.mdl,"[-245.72, -213.0, -398.706]","[0.0, 220.0, 0.0]",1.0,[],chair,placed_display,"[-10, 63, 9]","[0.0, 0.0, 0.0]",True,False,1.0,protected_navigation_or_gameplay,zero-hitbox Source-pose display,6,,True,"-10, 64, 9",12,5,Block{minecraft:air},6,6
lost:entity:68744,lost,models/props_interiors/furniture_chair03a.mdl,"[-230.52, -87.5391, -395.838]","[0.0, 220.0, 0.0]",1.0,[],chair,placed_display,"[-10, 63, 4]","[0.0, 0.0, 0.0]",True,False,1.0,protected_navigation_or_gameplay,zero-hitbox Source-pose display,6,,True,"-10, 64, 4",14,0,"Block{minecraft:light}[level=14,waterlogged=false]",6,6
lost:entity:68748,lost,models/props_interiors/furniture_chair03a.mdl,"[-97.42, -92.3611, -395.838]","[0.0, 220.0, 0.0]",1.0,[],chair,placed_display,"[-4, 63, 4]","[0.0, 0.0, 0.0]",True,False,1.0,protected_navigation_or_gameplay,zero-hitbox Source-pose display,6,,True,"-4, 64, 4",14,0,"Block{minecraft:light}[level=14,waterlogged=false]",6,6
lost:entity:68752,lost,models/props_interiors/furniture_chair03a.mdl,"[-111.71, -198.847, -395.838]","[0.0, 220.0, 0.0]",1.0,[],chair,placed_display,"[-5, 63, 8]","[0.0, 0.0, 0.0]",True,False,1.0,protected_navigation_or_gameplay,zero-hitbox Source-pose display,6,,True,"-5, 64, 8",13,5,Block{minecraft:air},6,6
lost:entity:69008,lost,models/props_doors/doormainmetal01.mdl,"[453.0, -8.01807, -364.014]","[0.0, 270.008, 0.0]",1.0,[],,unmapped,,,False,False,,,,0,owner-reviewed: separate opening/control geometry; preserve native room/checkpoint door behaviour; no static fake closed doors,True,"19, 66, 0",0,0,Block{minecraft:white_concrete},0,0
lost:entity:69019,lost,models/props_doors/doormainmetal01.mdl,"[124.0, -8.01804, -363.671]","[0.0, 270.008, 0.0]",1.0,[],,unmapped,,,False,False,,,,0,owner-reviewed: separate opening/control geometry; preserve native room/checkpoint door behaviour; no static fake closed doors,True,"5, 66, 0",5,0,Block{minecraft:air},0,0
lost:entity:69233,lost,models/props_doors/doormainmetal01.mdl,"[1127.01, 89.0, -380.0]","[-48.4975, 269.245, 0.565118]",1.0,[],,unmapped,,,False,False,,,,0,owner-reviewed: separate opening/control geometry; preserve native room/checkpoint door behaviour; no static fake closed doors,True,"47, 65, -4",9,0,Block{minecraft:air},0,0
lost:entity:69250,lost,models/props_doors/doormain01.mdl,"[1229.01, -358.0, -364.363]","[0.0, 0.999994, 0.0]",1.0,[],,unmapped,,,False,False,,,,0,owner-reviewed: separate opening/control geometry; preserve native room/checkpoint door behaviour; no static fake closed doors,True,"51, 66, 15",0,0,Block{minecraft:smooth_quartz},0,0
lost:entity:69407,lost,models/props_interiors/furniture_chair03a.mdl,"[1075.28, -213.0, -398.706]","[0.0, 220.0, 0.0]",1.0,[],chair,placed,"[45, 63, 9]",0,False,True,,,,0,,True,"45, 64, 9",11,5,Block{minecraft:air},0,0
lost:entity:69415,lost,models/props_interiors/furniture_chair03a.mdl,"[1098.0, -92.3611, -359.0]","[49.9584, 272.382, 93.1096]",1.0,[],chair,placed_display,"[46, 65, 4]","[0.0, 0.0, 0.0]",True,False,1.0,tilted_or_scaled_model,zero-hitbox Source-pose display,6,,True,"46, 66, 4",12,2,Block{minecraft:air},6,6
lost:entity:69419,lost,models/props_interiors/furniture_chair03a.mdl,"[1209.29, -348.0, -355.0]","[0.0, 220.0, 0.0]",1.0,[],chair,placed,"[50, 63, 14]",0,False,True,,,,0,,True,"50, 64, 14",12,11,Block{minecraft:air},0,0
lost:entity:69471,lost,models/props_doors/doormainmetal01.mdl,"[795.01, -8.00009, -364.363]","[0.0, 269.5, 0.0]",1.0,[],,unmapped,,,False,False,,,,0,owner-reviewed: separate opening/control geometry; preserve native room/checkpoint door behaviour; no static fake closed doors,True,"33, 66, 0",12,0,Block{minecraft:air},0,0
lost:entity:69488,lost,models/props_doors/doormain01.mdl,"[897.01, -358.0, -364.363]","[0.0, 0.999994, 0.0]",1.0,[],,unmapped,,,False,False,,,,0,owner-reviewed: separate opening/control geometry; preserve native room/checkpoint door behaviour; no static fake closed doors,True,"37, 66, 15",0,0,Block{minecraft:smooth_quartz},0,0
lost:entity:69645,lost,models/props_interiors/furniture_chair03a.mdl,"[743.28, -213.0, -398.706]","[0.0, 220.0, 0.0]",1.0,[],chair,placed_display,"[31, 63, 9]","[0.0, 0.0, 0.0]",True,False,1.0,protected_navigation_or_gameplay,zero-hitbox Source-pose display,6,,True,"31, 64, 9",12,5,Block{minecraft:air},6,6
lost:entity:69649,lost,models/props_interiors/furniture_chair03a.mdl,"[758.48, -87.5391, -395.838]","[0.0, 220.0, 0.0]",1.0,[],chair,placed_display,"[32, 63, 4]","[0.0, 0.0, 0.0]",True,False,1.0,protected_navigation_or_gameplay,zero-hitbox Source-pose display,6,,True,"32, 64, 4",14,1,"Block{minecraft:light}[level=14,waterlogged=false]",6,6
lost:entity:69653,lost,models/props_interiors/furniture_chair03a.mdl,"[891.58, -92.3611, -395.838]","[0.0, 220.0, 0.0]",1.0,[],chair,placed_display,"[37, 63, 4]","[-0.191511, 0.0, 0.160697]",True,False,1.0,protected_navigation_or_gameplay,zero-hitbox Source-pose display,6,,True,"37, 64, 4",12,1,Block{minecraft:air},6,6
lost:entity:69657,lost,models/props_interiors/furniture_chair03a.mdl,"[877.29, -198.847, -395.838]","[0.0, 220.0, 0.0]",1.0,[],chair,placed_display,"[37, 63, 8]","[0.0, 0.0, 0.0]",True,False,1.0,protected_navigation_or_gameplay,zero-hitbox Source-pose display,6,,True,"37, 64, 8",12,5,Block{minecraft:air},6,6
lost:entity:71373,lost,models/props_doors/doormainmetal01.mdl,"[-182.0, 139.018, -364.014]","[0.0, 90.008, 0.0]",1.0,[],,unmapped,,,False,False,,,,0,owner-reviewed: separate opening/control geometry; preserve native room/checkpoint door behaviour; no static fake closed doors,True,"-8, 66, -6",0,0,Block{minecraft:white_concrete},0,0
lost:entity:71384,lost,models/props_doors/doormainmetal01.mdl,"[147.0, 139.018, -363.671]","[0.0, 90.008, 0.0]",1.0,[],,unmapped,,,False,False,,,,0,owner-reviewed: separate opening/control geometry; preserve native room/checkpoint door behaviour; no static fake closed doors,True,"6, 66, -6",0,0,Block{minecraft:white_concrete},0,0
lost:entity:73205,lost,models/props_doors/doormainmetal01.mdl,"[464.99, 139.0, -364.363]","[0.0, 89.5, 0.0]",1.0,[],,unmapped,,,False,False,,,,0,owner-reviewed: separate opening/control geometry; preserve native room/checkpoint door behaviour; no static fake closed doors,True,"19, 66, -6",0,0,Block{minecraft:white_concrete},0,0
lost:entity:73222,lost,models/props_doors/doormain01.mdl,"[362.99, 489.0, -364.363]","[0.0, 181.0, 0.0]",1.0,[],,unmapped,,,False,False,,,,0,owner-reviewed: separate opening/control geometry; preserve native room/checkpoint door behaviour; no static fake closed doors,True,"15, 66, -20",11,11,Block{minecraft:air},0,0
lost:entity:73379,lost,models/props_interiors/furniture_chair03a.mdl,"[516.72, 344.0, -398.706]","[0.0, 40.0, 0.0]",1.0,[],chair,placed_display,"[21, 63, -14]","[-0.704416, 0.0, -0.061628]",True,False,1.0,protected_navigation_or_gameplay,zero-hitbox Source-pose display,6,,True,"21, 64, -14",12,2,Block{minecraft:air},6,6
lost:entity:73383,lost,models/props_interiors/furniture_chair03a.mdl,"[501.52, 218.539, -395.838]","[0.0, 40.0, 0.0]",1.0,[],chair,placed_display,"[21, 63, -9]","[0.0, 0.0, 0.0]",True,False,1.0,protected_navigation_or_gameplay,zero-hitbox Source-pose display,6,,True,"21, 64, -9",12,0,Block{minecraft:air},6,6
lost:entity:73387,lost,models/props_interiors/furniture_chair03a.mdl,"[368.42, 223.361, -395.838]","[0.0, 40.0, 0.0]",1.0,[],chair,placed_display,"[15, 63, -9]","[0.0, 0.0, 0.0]",True,False,1.0,protected_navigation_or_gameplay,zero-hitbox Source-pose display,6,,True,"15, 64, -9",12,0,Block{minecraft:air},6,6
lost:entity:73391,lost,models/props_interiors/furniture_chair03a.mdl,"[382.71, 329.847, -395.838]","[0.0, 40.0, 0.0]",1.0,[],chair,placed_display,"[16, 63, -14]","[0.0, 0.0, 0.0]",True,False,1.0,protected_navigation_or_gameplay,zero-hitbox Source-pose display,6,,True,"16, 64, -14",13,5,Block{minecraft:air},6,6
lost:entity:73409,lost,models/props_doors/doormainmetal01.mdl,"[807.0, 139.018, -364.014]","[0.0, 90.008, 0.0]",1.0,[],,unmapped,,,False,False,,,,0,owner-reviewed: separate opening/control geometry; preserve native room/checkpoint door behaviour; no static fake closed doors,True,"34, 66, -6",0,0,Block{minecraft:white_concrete},0,0
lost:entity:73420,lost,models/props_doors/doormainmetal01.mdl,"[1136.0, 139.018, -363.671]","[0.0, 90.008, 0.0]",1.0,[],,unmapped,,,False,False,,,,0,owner-reviewed: separate opening/control geometry; preserve native room/checkpoint door behaviour; no static fake closed doors,True,"47, 66, -6",0,0,Block{minecraft:white_concrete},0,0
lost:entity:87128,lost,models/props_doors/doormain01.mdl,"[2972.01, -515.0, -364.363]","[0.0, 0.999994, 0.0]",1.0,[],,unmapped,,,False,False,,,,0,owner-reviewed: separate opening/control geometry; preserve native room/checkpoint door behaviour; no static fake closed doors,True,"124, 66, 21",9,12,Block{minecraft:air},0,0
lost:entity:87285,lost,models/props_interiors/furniture_chair03a.mdl,"[2818.28, -370.0, -398.706]","[0.0, 220.0, 0.0]",1.0,[],chair,placed_display,"[117, 63, 15]","[-0.321394, 0.0, -0.383022]",True,False,1.0,protected_navigation_or_gameplay,zero-hitbox Source-pose display,6,,True,"117, 64, 15",11,3,Block{minecraft:air},0,6
lost:entity:87289,lost,models/props_interiors/furniture_chair03a.mdl,"[2833.48, -244.539, -395.838]","[0.0, 220.0, 0.0]",1.0,[],chair,placed_display,"[118, 63, 10]","[0.0, 0.0, 0.0]",True,False,1.0,protected_navigation_or_gameplay,zero-hitbox Source-pose display,6,,True,"118, 64, 10",14,0,"Block{minecraft:light}[level=14,waterlogged=false]",0,6
lost:entity:87293,lost,models/props_interiors/furniture_chair03a.mdl,"[2966.58, -249.361, -395.838]","[0.0, 220.0, 0.0]",1.0,[],chair,placed_display,"[124, 63, 10]","[0.0, 0.0, 0.0]",True,False,1.0,protected_navigation_or_gameplay,zero-hitbox Source-pose display,6,,True,"124, 64, 10",14,0,"Block{minecraft:light}[level=14,waterlogged=false]",0,6
lost:entity:87297,lost,models/props_interiors/furniture_chair03a.mdl,"[2952.29, -355.847, -395.838]","[0.0, 220.0, 0.0]",1.0,[],chair,placed_display,"[123, 63, 15]","[0.0, 0.0, 0.0]",True,False,1.0,protected_navigation_or_gameplay,zero-hitbox Source-pose display,6,,True,"123, 64, 15",12,5,Block{minecraft:air},0,6
lost:entity:87315,lost,models/props_doors/doormainmetal01.mdl,"[2528.0, -165.018, -364.014]","[0.0, 270.008, 0.0]",1.0,[],,unmapped,,,False,False,,,,0,owner-reviewed: separate opening/control geometry; preserve native room/checkpoint door behaviour; no static fake closed doors,True,"105, 66, 7",0,0,Block{minecraft:white_concrete},0,0
lost:entity:87326,lost,models/props_doors/doormainmetal01.mdl,"[2199.0, -165.018, -363.671]","[0.0, 270.008, 0.0]",1.0,[],,unmapped,,,False,False,,,,0,owner-reviewed: separate opening/control geometry; preserve native room/checkpoint door behaviour; no static fake closed doors,True,"92, 66, 7",10,0,Block{minecraft:air},0,0
lost:entity:90620,lost,models/props_doors/doormainmetal01.mdl,"[1881.01, -86.0, -415.0]","[-89.5, 180.0, 90.0001]",1.0,[],,unmapped,,,False,False,,,,0,owner-reviewed: separate opening/control geometry; preserve native room/checkpoint door behaviour; no static fake closed doors,True,"78, 64, 4",14,0,"Block{minecraft:light}[level=14,waterlogged=false]",0,0
lost:entity:90637,lost,models/props_doors/doormain01.mdl,"[1983.01, -515.0, -364.363]","[0.0, 0.999994, 0.0]",1.0,[],,unmapped,,,False,False,,,,0,owner-reviewed: separate opening/control geometry; preserve native room/checkpoint door behaviour; no static fake closed doors,True,"83, 66, 21",9,13,Block{minecraft:air},0,0
lost:entity:90794,lost,models/props_interiors/furniture_chair03a.mdl,"[1829.28, -370.0, -398.706]","[0.0, 220.0, 0.0]",1.0,[],chair,placed_display,"[76, 63, 15]","[0.061628, 0.0, -0.704416]",True,False,1.0,protected_navigation_or_gameplay,zero-hitbox Source-pose display,6,,True,"76, 64, 15",12,3,Block{minecraft:air},6,6
lost:entity:90798,lost,models/props_interiors/furniture_chair03a.mdl,"[1844.48, -244.539, -395.838]","[0.0, 220.0, 0.0]",1.0,[],chair,placed_display,"[77, 63, 10]","[0.0, 0.0, 0.0]",True,False,1.0,protected_navigation_or_gameplay,zero-hitbox Source-pose display,6,,True,"77, 64, 10",14,0,"Block{minecraft:light}[level=14,waterlogged=false]",6,6
lost:entity:90802,lost,models/props_interiors/furniture_chair03a.mdl,"[1977.58, -249.361, -395.838]","[0.0, 220.0, 0.0]",1.0,[],chair,placed_display,"[82, 63, 11]","[-0.383022, 0.0, 0.321394]",True,False,1.0,protected_navigation_or_gameplay,zero-hitbox Source-pose display,6,,True,"82, 64, 11",11,1,Block{minecraft:air},0,6
lost:entity:90806,lost,models/props_interiors/furniture_chair03a.mdl,"[1963.29, -355.847, -395.838]","[0.0, 220.0, 0.0]",1.0,[],chair,placed_display,"[82, 63, 15]","[0.0, 0.0, 0.0]",True,False,1.0,protected_navigation_or_gameplay,zero-hitbox Source-pose display,6,,True,"82, 64, 15",12,5,Block{minecraft:air},0,6
lost:entity:92126,lost,models/props_doors/doormainmetal01.mdl,"[2977.0, -74.0, -344.0]","[2.99989, 89.4993, -0.0262036]",1.0,[],,unmapped,,,False,False,,,,0,owner-reviewed: separate opening/control geometry; preserve native room/checkpoint door behaviour; no static fake closed doors,True,"124, 67, 3",12,0,Block{minecraft:air},0,0
lost:entity:92143,lost,models/props_doors/doormain01.mdl,"[2807.99, 323.0, -364.363]","[0.0, 181.0, 0.0]",1.0,[],,unmapped,,,False,False,,,,0,owner-reviewed: separate opening/control geometry; preserve native room/checkpoint door behaviour; no static fake closed doors,True,"117, 66, -13",11,11,Block{minecraft:air},0,0
lost:entity:92300,lost,models/props_interiors/furniture_chair03a.mdl,"[2961.72, 178.0, -398.706]","[0.0, 40.0, 0.0]",1.0,[],chair,placed_display,"[123, 63, -7]","[-0.383022, 0.0, 0.321394]",True,False,1.0,protected_navigation_or_gameplay,zero-hitbox Source-pose display,6,,True,"123, 64, -7",12,2,Block{minecraft:air},0,6
lost:entity:92304,lost,models/props_interiors/furniture_chair03a.mdl,"[2946.52, 52.5392, -395.838]","[0.0, 40.0, 0.0]",1.0,[],chair,placed_display,"[123, 63, -2]","[0.0, 0.0, 0.0]",True,False,1.0,protected_navigation_or_gameplay,zero-hitbox Source-pose display,6,,True,"123, 64, -2",12,0,Block{minecraft:air},0,6
lost:entity:92308,lost,models/props_interiors/furniture_chair03a.mdl,"[2813.42, 57.3612, -395.838]","[0.0, 40.0, 0.0]",1.0,[],chair,placed_display,"[117, 63, -2]","[0.0, 0.0, 0.0]",True,False,1.0,protected_navigation_or_gameplay,zero-hitbox Source-pose display,6,,True,"117, 64, -2",12,0,Block{minecraft:air},0,6
lost:entity:92312,lost,models/props_interiors/furniture_chair03a.mdl,"[2827.71, 163.847, -395.838]","[0.0, 40.0, 0.0]",1.0,[],chair,placed_display,"[118, 63, -7]","[0.0, 0.0, 0.0]",True,False,1.0,protected_navigation_or_gameplay,zero-hitbox Source-pose display,6,,True,"118, 64, -7",13,5,Block{minecraft:air},0,6
lost:entity:92330,lost,models/props_doors/doormainmetal01.mdl,"[2263.0, -26.9817, -364.014]","[0.0, 90.008, 0.0]",1.0,[],,unmapped,,,False,False,,,,0,owner-reviewed: separate opening/control geometry; preserve native room/checkpoint door behaviour; no static fake closed doors,True,"94, 66, 1",0,0,Block{minecraft:white_concrete},0,0
lost:entity:92341,lost,models/props_doors/doormainmetal01.mdl,"[2592.0, -26.9818, -363.671]","[0.0, 90.008, 0.0]",1.0,[],,unmapped,,,False,False,,,,0,owner-reviewed: separate opening/control geometry; preserve native room/checkpoint door behaviour; no static fake closed doors,True,"108, 66, 1",0,0,Block{minecraft:white_concrete},0,0
lost:entity:92414,lost,models/props_doors/doormain01.mdl,"[1818.99, 323.0, -364.363]","[0.0, 181.0, 0.0]",1.0,[],,unmapped,,,False,False,,,,0,owner-reviewed: separate opening/control geometry; preserve native room/checkpoint door behaviour; no static fake closed doors,True,"76, 66, -13",11,11,Block{minecraft:air},0,0
lost:entity:92571,lost,models/props_interiors/furniture_chair03a.mdl,"[1972.72, 178.0, -398.706]","[0.0, 40.0, 0.0]",1.0,[],chair,placed_display,"[82, 63, -7]","[-0.191511, 0.0, 0.160697]",True,False,1.0,protected_navigation_or_gameplay,zero-hitbox Source-pose display,6,,True,"82, 64, -7",12,2,Block{minecraft:air},0,6
lost:entity:92575,lost,models/props_interiors/furniture_chair03a.mdl,"[1957.52, 52.5393, -395.838]","[0.0, 40.0, 0.0]",1.0,[],chair,placed_display,"[82, 63, -2]","[0.0, 0.0, 0.0]",True,False,1.0,protected_navigation_or_gameplay,zero-hitbox Source-pose display,6,,True,"82, 64, -2",12,0,Block{minecraft:air},0,6
lost:entity:92579,lost,models/props_interiors/furniture_chair03a.mdl,"[1824.42, 57.3613, -395.838]","[0.0, 40.0, 0.0]",1.0,[],chair,placed_display,"[76, 63, -2]","[0.0, 0.0, 0.0]",True,False,1.0,protected_navigation_or_gameplay,zero-hitbox Source-pose display,6,,True,"76, 64, -2",12,0,Block{minecraft:air},6,6
lost:entity:92583,lost,models/props_interiors/furniture_chair03a.mdl,"[1838.71, 163.847, -395.838]","[0.0, 40.0, 0.0]",1.0,[],chair,placed_display,"[77, 63, -7]","[0.0, 0.0, 0.0]",True,False,1.0,protected_navigation_or_gameplay,zero-hitbox Source-pose display,6,,True,"77, 64, -7",13,5,Block{minecraft:air},6,6
lost:entity:98556,lost,models/props_doors/doormainmetal01.mdl,"[3252.0, -26.9818, -364.014]","[0.0, 90.008, 0.0]",1.0,[],,unmapped,,,False,False,,,,0,owner-reviewed: separate opening/control geometry; preserve native room/checkpoint door behaviour; no static fake closed doors,True,"136, 66, 1",0,0,Block{minecraft:white_concrete},0,0
lost:entity:98567,lost,models/props_doors/doormainmetal01.mdl,"[3581.0, -26.9818, -363.671]","[0.0, 90.008, 0.0]",1.0,[],,unmapped,,,False,False,,,,0,owner-reviewed: separate opening/control geometry; preserve native room/checkpoint door behaviour; no static fake closed doors,True,"149, 66, 1",0,0,Block{minecraft:white_concrete},0,0
lost:entity:98589,lost,models/props_doors/doormainmetal01.mdl,"[3517.0, -165.018, -364.014]","[0.0, 270.008, 0.0]",1.0,[],,unmapped,,,False,False,,,,0,owner-reviewed: separate opening/control geometry; preserve native room/checkpoint door behaviour; no static fake closed doors,True,"147, 66, 7",0,0,Block{minecraft:white_concrete},0,0
lost:entity:98600,lost,models/props_doors/doormainmetal01.mdl,"[3188.0, -165.018, -363.671]","[0.0, 270.008, 0.0]",1.0,[],,unmapped,,,False,False,,,,0,owner-reviewed: separate opening/control geometry; preserve native room/checkpoint door behaviour; no static fake closed doors,True,"133, 66, 7",8,0,Block{minecraft:air},0,0
lost:entity:109966,lost,models/props_doors/doormainmetal01.mdl,"[2528.01, -165.018, -601.636]","[0.0, 270.008, 0.0]",1.0,[],,unmapped,,,False,False,,,,0,owner-reviewed: separate opening/control geometry; preserve native room/checkpoint door behaviour; no static fake closed doors,True,"105, 56, 7",0,0,Block{minecraft:white_concrete},0,0
lost:entity:109977,lost,models/props_doors/doormainmetal01.mdl,"[2199.01, -165.018, -601.293]","[0.0, 270.008, 0.0]",1.0,[],,unmapped,,,False,False,,,,0,owner-reviewed: separate opening/control geometry; preserve native room/checkpoint door behaviour; no static fake closed doors,True,"92, 56, 7",9,0,Block{minecraft:air},0,0
lost:entity:109999,lost,models/props_doors/doormainmetal01.mdl,"[2263.01, -26.9817, -601.636]","[0.0, 90.008, 0.0]",1.0,[],,unmapped,,,False,False,,,,0,owner-reviewed: separate opening/control geometry; preserve native room/checkpoint door behaviour; no static fake closed doors,True,"94, 56, 1",0,0,Block{minecraft:white_concrete},0,0
lost:entity:110010,lost,models/props_doors/doormainmetal01.mdl,"[2592.01, -26.9818, -601.293]","[0.0, 90.008, 0.0]",1.0,[],,unmapped,,,False,False,,,,0,owner-reviewed: separate opening/control geometry; preserve native room/checkpoint door behaviour; no static fake closed doors,True,"108, 56, 1",0,0,Block{minecraft:white_concrete},0,0
lost:entity:110532,lost,models/props_doors/doormain01.mdl,"[1983.01, -515.0, -603.363]","[0.0, 0.999994, 0.0]",1.0,[],,unmapped,,,False,False,,,,0,owner-reviewed: separate opening/control geometry; preserve native room/checkpoint door behaviour; no static fake closed doors,True,"83, 56, 21",9,13,Block{minecraft:air},0,0
lost:entity:110689,lost,models/props_interiors/furniture_chair03a.mdl,"[1829.28, -370.0, -637.706]","[0.0, 220.0, 0.0]",1.0,[],chair,placed_display,"[76, 53, 15]","[0.061628, 0.0, -0.704416]",True,False,1.0,protected_navigation_or_gameplay,zero-hitbox Source-pose display,6,,True,"76, 54, 15",11,3,Block{minecraft:air},6,6
lost:entity:110693,lost,models/props_interiors/furniture_chair03a.mdl,"[1844.48, -244.539, -634.838]","[0.0, 220.0, 0.0]",1.0,[],chair,placed_display,"[77, 53, 10]","[0.0, 0.0, 0.0]",True,False,1.0,protected_navigation_or_gameplay,zero-hitbox Source-pose display,6,,True,"77, 54, 10",13,0,Block{minecraft:air},6,6
lost:entity:110697,lost,models/props_interiors/furniture_chair03a.mdl,"[1977.58, -249.361, -634.838]","[0.0, 220.0, 0.0]",1.0,[],chair,placed_display,"[82, 53, 11]","[-0.383022, 0.0, 0.321394]",True,False,1.0,protected_navigation_or_gameplay,zero-hitbox Source-pose display,6,,True,"82, 54, 11",10,1,Block{minecraft:air},0,6
lost:entity:110701,lost,models/props_interiors/furniture_chair03a.mdl,"[1963.29, -355.847, -634.838]","[0.0, 220.0, 0.0]",1.0,[],chair,placed_display,"[82, 53, 15]","[0.0, 0.0, 0.0]",True,False,1.0,protected_navigation_or_gameplay,zero-hitbox Source-pose display,6,,True,"82, 54, 15",11,5,Block{minecraft:air},0,6
lost:entity:112250,lost,models/props_doors/doormainmetal01.mdl,"[3185.0, -165.018, -601.636]","[0.0, 270.008, 0.0]",1.0,[],,unmapped,,,False,False,,,,0,owner-reviewed: separate opening/control geometry; preserve native room/checkpoint door behaviour; no static fake closed doors,True,"133, 56, 7",0,0,Block{minecraft:white_concrete},0,0
lost:entity:112261,lost,models/props_doors/doormainmetal01.mdl,"[2856.0, -165.018, -601.293]","[0.0, 270.008, 0.0]",1.0,[],,unmapped,,,False,False,,,,0,owner-reviewed: separate opening/control geometry; preserve native room/checkpoint door behaviour; no static fake closed doors,True,"119, 56, 7",2,0,Block{minecraft:air},0,0
lost:entity:112283,lost,models/props_doors/doormainmetal01.mdl,"[2920.0, -26.9817, -601.636]","[0.0, 90.008, 0.0]",1.0,[],,unmapped,,,False,False,,,,0,owner-reviewed: separate opening/control geometry; preserve native room/checkpoint door behaviour; no static fake closed doors,True,"122, 56, 1",0,0,Block{minecraft:white_concrete},0,0
lost:entity:112294,lost,models/props_doors/doormainmetal01.mdl,"[3249.0, -26.9818, -601.293]","[0.0, 90.008, 0.0]",1.0,[],,unmapped,,,False,False,,,,0,owner-reviewed: separate opening/control geometry; preserve native room/checkpoint door behaviour; no static fake closed doors,True,"135, 56, 1",0,0,Block{minecraft:white_concrete},0,0
lost:entity:833,lost,models/props_doors/doormainmetal01.mdl,"[-187.0, -9.0, 117.343]","[0.0, 269.5, 0.0]",1.0,[],,unmapped,,,False,False,,,,0,owner-reviewed: separate opening/control geometry; preserve native room/checkpoint door behaviour; no static fake closed doors,True,"-8, 86, 0",0,0,Block{minecraft:white_concrete},0,0
lost:entity:864,lost,models/props_doors/doormain01.mdl,"[-85.0, -359.0, 117.343]","[0.0, 1.0, 0.0]",1.0,[],,unmapped,,,False,False,,,,0,owner-reviewed: separate opening/control geometry; preserve native room/checkpoint door behaviour; no static fake closed doors,True,"-4, 86, 15",0,0,Block{minecraft:smooth_quartz},0,0
lost:entity:4872,lost,models/props_doors/doormainmetal01.mdl,"[-519.0, -9.0, 117.343]","[0.0, 269.5, 0.0]",1.0,[],,unmapped,,,False,False,,,,0,owner-reviewed: separate opening/control geometry; preserve native room/checkpoint door behaviour; no static fake closed doors,True,"-22, 86, 0",0,0,Block{minecraft:white_concrete},0,0
lost:entity:4889,lost,models/props_doors/doormain01.mdl,"[-483.0, -359.0, 152.0]","[0.0, 1.0, 0.0]",1.0,[],,unmapped,,,False,False,,,,0,owner-reviewed: separate opening/control geometry; preserve native room/checkpoint door behaviour; no static fake closed doors,True,"-20, 87, 15",0,0,Block{minecraft:smooth_quartz},0,0
lost:entity:6942,lost,models/props_office/computer_monitor_01.mdl,"[-27.0, -96.0, 110.0]","[83.2943, 333.372, 153.529]",1.0,[],,unmapped,,,False,False,,,,0,owner-reviewed model group; outside requested bed/table/cabinet/chair/lighting scope; exact mesh or interactive state unavailable,True,"-1, 86, 4",0,0,Block{minecraft:white_concrete},0,0
lost:entity:6946,lost,models/props_office/computer_monitor_01.mdl,"[-27.0, -211.0, 110.0]","[83.2943, 333.372, 153.529]",1.0,[],,unmapped,,,False,False,,,,0,owner-reviewed model group; outside requested bed/table/cabinet/chair/lighting scope; exact mesh or interactive state unavailable,True,"-1, 86, 9",0,0,Block{minecraft:white_concrete},0,0
lost:entity:6950,lost,models/props_interiors/computer_monitor_p1.mdl,"[-290.0, -214.0, 110.0]","[-86.9034, 311.756, -87.8871]",1.0,[],,unmapped,,,False,False,,,,0,owner-reviewed model group; outside requested bed/table/cabinet/chair/lighting scope; exact mesh or interactive state unavailable,True,"-12, 86, 9",12,6,Block{minecraft:air},0,0
lost:entity:6954,lost,models/props_interiors/computer_monitor_p1a.mdl,"[-289.0, -237.0, 100.973]","[84.5, 0.0, 0.0]",1.0,[],,unmapped,,,False,False,,,,0,owner-reviewed model group; outside requested bed/table/cabinet/chair/lighting scope; exact mesh or interactive state unavailable,True,"-12, 85, 10",0,0,Block{minecraft:spruce_planks},0,0
lost:entity:7026,lost,models/props_interiors/books02.mdl,"[-32.0, -91.0, 133.0]","[-0.5, 90.5, 0.0]",1.0,[],,unmapped,,,False,False,,,,0,owner-reviewed model group; outside requested bed/table/cabinet/chair/lighting scope; exact mesh or interactive state unavailable,True,"-1, 87, 4",0,0,Block{minecraft:white_concrete},0,0
lost:entity:7030,lost,models/props_interiors/book_gib07.mdl,"[-28.0588, -104.0, 133.0]","[0.0, 0.0, 0.0]",1.0,[],,unmapped,,,False,False,,,,0,owner-reviewed model group; outside requested bed/table/cabinet/chair/lighting scope; exact mesh or interactive state unavailable,True,"-1, 87, 4",0,0,Block{minecraft:white_concrete},0,0
lost:entity:7625,lost,models/props_interiors/furniture_chair03a.mdl,"[-245.58, -88.716, 85.8678]","[0.0, 149.5, 0.0]",1.0,[],chair,placed_display,"[-10, 83, 4]","[0.0, 0.0, 0.0]",True,False,1.0,protected_navigation_or_gameplay,zero-hitbox Source-pose display,6,,True,"-10, 84, 4",13,0,Block{minecraft:air},6,6
lost:entity:7629,lost,models/props_interiors/furniture_chair03a.mdl,"[-242.909, -219.0, 91.0]","[-17.1413, 154.38, -31.5746]",1.0,[],chair,placed_display,"[-10, 84, 9]","[-0.177046, 0.39754, -0.55733]",True,False,1.0,tilted_or_scaled_model,zero-hitbox Source-pose display,6,,True,"-10, 85, 9",11,5,Block{minecraft:air},6,6
lost:entity:7633,lost,models/props_interiors/furniture_chair03a.mdl,"[-78.5151, -87.0, 86.0]","[0.0, 40.0, 0.0]",1.0,[],chair,placed_display,"[-4, 83, 4]","[-0.704416, 0.0, -0.061628]",True,False,1.0,protected_navigation_or_gameplay,zero-hitbox Source-pose display,6,,True,"-4, 84, 4",12,1,Block{minecraft:air},6,6
lost:entity:7637,lost,models/props_interiors/furniture_chair03a.mdl,"[-97.0, -204.0, 85.8678]","[0.0, 149.5, 0.0]",1.0,[],chair,placed_display,"[-4, 83, 9]","[0.0, 0.0, 0.0]",True,False,1.0,protected_navigation_or_gameplay,zero-hitbox Source-pose display,6,,True,"-4, 84, 9",12,6,Block{minecraft:air},6,6
lost:entity:8743,lost,models/props_doors/doormainmetal01.mdl,"[-462.0, 140.0, 117.0]","[0.0, 90.0084, 0.0]",1.0,[],,unmapped,,,False,False,,,,0,owner-reviewed: separate opening/control geometry; preserve native room/checkpoint door behaviour; no static fake closed doors,True,"-19, 86, -6",0,0,Block{minecraft:white_concrete},0,0
lost:entity:9621,lost,models/props_doors/doormainmetal01.mdl,"[-133.0, 140.0, 117.343]","[0.0, 90.0084, 0.0]",1.0,[],,unmapped,,,False,False,,,,0,owner-reviewed: separate opening/control geometry; preserve native room/checkpoint door behaviour; no static fake closed doors,True,"-6, 86, -6",0,0,Block{minecraft:white_concrete},0,0
lost:entity:9774,lost,models/props_doors/doormainmetal01.mdl,"[1181.31, 140.0, 117.343]","[0.0, 89.5, 0.0]",1.0,[],,unmapped,,,False,False,,,,0,owner-reviewed: separate opening/control geometry; preserve native room/checkpoint door behaviour; no static fake closed doors,True,"49, 86, -6",0,0,Block{minecraft:white_concrete},0,0
lost:entity:9791,lost,models/props_doors/doormain01.mdl,"[1079.31, 490.0, 117.343]","[0.0, 181.0, 0.0]",1.0,[],,unmapped,,,False,False,,,,0,owner-reviewed: separate opening/control geometry; preserve native room/checkpoint door behaviour; no static fake closed doors,True,"45, 86, -20",11,11,Block{minecraft:air},0,0
lost:entity:12212,lost,models/props_doors/doormainmetal01.mdl,"[202.002, 140.0, 117.0]","[0.0, 90.0084, 0.0]",1.0,[],,unmapped,,,False,False,,,,0,owner-reviewed: separate opening/control geometry; preserve native room/checkpoint door behaviour; no static fake closed doors,True,"8, 86, -6",0,0,Block{minecraft:white_concrete},0,0
lost:entity:12223,lost,models/props_doors/doormainmetal01.mdl,"[531.002, 140.0, 117.343]","[0.0, 90.0084, 0.0]",1.0,[],,unmapped,,,False,False,,,,0,owner-reviewed: separate opening/control geometry; preserve native room/checkpoint door behaviour; no static fake closed doors,True,"22, 86, -6",0,0,Block{minecraft:white_concrete},0,0
lost:entity:14706,lost,models/props_doors/doormainmetal01.mdl,"[1124.0, -9.00009, 117.0]","[0.0, 270.008, 0.0]",1.0,[],,unmapped,,,False,False,,,,0,owner-reviewed: separate opening/control geometry; preserve native room/checkpoint door behaviour; no static fake closed doors,True,"47, 86, 0",11,0,Block{minecraft:air},0,0
lost:entity:14716,lost,models/props_doors/doormainmetal01.mdl,"[795.002, -9.00006, 117.343]","[0.0, 270.008, 0.0]",1.0,[],,unmapped,,,False,False,,,,0,owner-reviewed: separate opening/control geometry; preserve native room/checkpoint door behaviour; no static fake closed doors,True,"33, 86, 0",0,0,Block{minecraft:white_concrete},0,0
lost:entity:14740,lost,models/props_doors/doormainmetal01.mdl,"[460.0, -9.00003, 117.0]","[0.0, 270.008, 0.0]",1.0,[],,unmapped,,,False,False,,,,0,owner-reviewed: separate opening/control geometry; preserve native room/checkpoint door behaviour; no static fake closed doors,True,"19, 86, 0",0,0,Block{minecraft:white_concrete},0,0
lost:entity:14750,lost,models/props_doors/doormainmetal01.mdl,"[131.0, -9.0, 117.343]","[0.0, 270.008, 0.0]",1.0,[],,unmapped,,,False,False,,,,0,owner-reviewed: separate opening/control geometry; preserve native room/checkpoint door behaviour; no static fake closed doors,True,"5, 86, 0",0,0,Block{minecraft:white_concrete},0,0
lost:entity:15319,lost,models/props_doors/doorglassmain01_dm01.mdl,"[1316.0, 122.0, 117.0]","[0.0, 180.0, 0.0]",1.0,[],,unmapped,,,False,False,,,,0,owner-reviewed: separate opening/control geometry; preserve native room/checkpoint door behaviour; no static fake closed doors,True,"55, 86, -5",9,0,Block{minecraft:air},0,0
lost:entity:15324,lost,models/props_doors/doorglassmain01_dm01.mdl,"[1316.0, 10.0, 117.0]","[0.0, 0.0, 0.0]",1.0,[],,unmapped,,,False,False,,,,0,owner-reviewed: separate opening/control geometry; preserve native room/checkpoint door behaviour; no static fake closed doors,True,"55, 86, 0",0,0,Block{minecraft:white_concrete},0,0
lost:entity:16390,lost,models/props_interiors/furniture_chair03a.mdl,"[-561.057, -210.036, 85.8678]","[0.0, 40.0, 0.0]",1.0,[],chair,placed,"[-23, 83, 9]",0,False,True,,,,0,,True,"-23, 84, 9",0,5,Block{minecraft:air},0,0
lost:entity:16394,lost,models/props_interiors/furniture_chair03a.mdl,"[-563.215, -91.585, 85.8678]","[0.0, 40.0, 0.0]",1.0,[],chair,placed,"[-23, 83, 4]",0,False,True,,,,0,,True,"-23, 84, 4",0,0,Block{minecraft:air},0,0
lost:entity:16398,lost,models/props_interiors/furniture_chair03a.mdl,"[-417.532, -88.6302, 85.8678]","[0.0, 40.0, 0.0]",1.0,[],chair,placed,"[-17, 85, 4]",0,False,True,,,,0,,True,"-17, 86, 4",0,0,Block{minecraft:light_gray_concrete},0,0
lost:entity:16402,lost,models/props_interiors/furniture_chair03a.mdl,"[-418.546, -201.037, 85.8678]","[0.0, 40.0, 0.0]",1.0,[],chair,placed,"[-17, 85, 8]",0,False,True,,,,0,,True,"-17, 86, 8",0,5,Block{minecraft:air},0,0
lost:entity:16406,lost,models/props_interiors/furniture_chair03a.mdl,"[1233.04, 345.0, 83.0]","[0.0, 40.0, 0.0]",1.0,[],chair,placed_display,"[51, 83, -14]","[-0.383022, 0.0, 0.321394]",True,False,1.0,protected_navigation_or_gameplay,zero-hitbox Source-pose display,6,,True,"51, 84, -14",12,2,Block{minecraft:air},6,6
lost:entity:16410,lost,models/props_interiors/furniture_chair03a.mdl,"[1217.84, 219.539, 85.8678]","[0.0, 40.0, 0.0]",1.0,[],chair,placed_display,"[51, 83, -9]","[0.0, 0.0, 0.0]",True,False,1.0,protected_navigation_or_gameplay,zero-hitbox Source-pose display,6,,True,"51, 84, -9",12,0,Block{minecraft:air},6,6
lost:entity:16414,lost,models/props_interiors/furniture_chair03a.mdl,"[1084.74, 224.361, 85.8678]","[0.0, 40.0, 0.0]",1.0,[],chair,placed_display,"[45, 83, -9]","[0.0, 0.0, 0.0]",True,False,1.0,protected_navigation_or_gameplay,zero-hitbox Source-pose display,6,,True,"45, 84, -9",12,0,Block{minecraft:air},6,6
lost:entity:16418,lost,models/props_interiors/furniture_chair03a.mdl,"[1099.03, 330.847, 85.8678]","[0.0, 40.0, 0.0]",1.0,[],chair,placed_display,"[46, 83, -14]","[0.0, 0.0, 0.0]",True,False,1.0,protected_navigation_or_gameplay,zero-hitbox Source-pose display,6,,True,"46, 84, -14",13,5,Block{minecraft:air},6,6
lost:entity:16586,lost,models/props_doors/doormainmetal01.mdl,"[-868.0, -9.00003, 117.0]","[0.0, 270.008, 0.0]",1.0,[],,unmapped,,,False,False,,,,0,owner-reviewed: separate opening/control geometry; preserve native room/checkpoint door behaviour; no static fake closed doors,True,"-36, 86, 0",9,0,Block{minecraft:air},0,0
lost:entity:16591,lost,models/props_doors/doormainmetal01.mdl,"[-1197.0, -9.0, 117.343]","[0.0, 270.008, 0.0]",1.0,[],,unmapped,,,False,False,,,,0,owner-reviewed: separate opening/control geometry; preserve native room/checkpoint door behaviour; no static fake closed doors,True,"-50, 86, 0",0,0,Block{minecraft:white_concrete},0,0
lost:entity:17071,lost,models/props_doors/doormainmetal01.mdl,"[-811.004, 140.0, 117.343]","[0.0, 89.5, 0.0]",1.0,[],,unmapped,,,False,False,,,,0,owner-reviewed: separate opening/control geometry; preserve native room/checkpoint door behaviour; no static fake closed doors,True,"-34, 86, -6",0,0,Block{minecraft:white_concrete},0,0
lost:entity:17088,lost,models/props_doors/doormain01.mdl,"[-913.004, 490.0, 117.343]","[0.0, 181.0, 0.0]",1.0,[],,unmapped,,,False,False,,,,0,owner-reviewed: separate opening/control geometry; preserve native room/checkpoint door behaviour; no static fake closed doors,True,"-38, 86, -20",11,11,Block{minecraft:air},0,0
lost:entity:17249,lost,models/props_interiors/furniture_chair03a.mdl,"[-759.274, 345.0, 83.0]","[0.0, 40.0, 0.0]",1.0,[],chair,placed_display,"[-32, 83, -14]","[-0.383022, 0.0, 0.321394]",True,False,1.0,protected_navigation_or_gameplay,zero-hitbox Source-pose display,6,,True,"-32, 84, -14",12,2,Block{minecraft:air},6,6
lost:entity:17253,lost,models/props_interiors/furniture_chair03a.mdl,"[-774.474, 219.539, 85.8678]","[0.0, 40.0, 0.0]",1.0,[],chair,placed_display,"[-32, 83, -9]","[0.0, 0.0, 0.0]",True,False,1.0,protected_navigation_or_gameplay,zero-hitbox Source-pose display,6,,True,"-32, 84, -9",12,0,Block{minecraft:air},6,6
lost:entity:17257,lost,models/props_interiors/furniture_chair03a.mdl,"[-907.574, 224.361, 85.8678]","[0.0, 40.0, 0.0]",1.0,[],chair,placed_display,"[-38, 83, -9]","[0.0, 0.0, 0.0]",True,False,1.0,protected_navigation_or_gameplay,zero-hitbox Source-pose display,6,,True,"-38, 84, -9",12,0,Block{minecraft:air},6,6
lost:entity:17261,lost,models/props_interiors/furniture_chair03a.mdl,"[-893.284, 330.847, 85.8678]","[0.0, 40.0, 0.0]",1.0,[],chair,placed_display,"[-37, 83, -14]","[0.0, 0.0, 0.0]",True,False,1.0,protected_navigation_or_gameplay,zero-hitbox Source-pose display,6,,True,"-37, 84, -14",13,5,Block{minecraft:air},6,6
lost:entity:18033,lost,models/props_doors/doormainmetal01.mdl,"[-1457.96, 140.0, 117.0]","[0.0, 90.0084, 0.0]",1.0,[],,unmapped,,,False,False,,,,0,owner-reviewed: separate opening/control geometry; preserve native room/checkpoint door behaviour; no static fake closed doors,True,"-61, 86, -6",0,0,Block{minecraft:white_concrete},0,0
lost:entity:18050,lost,models/props_doors/doormainmetal01.mdl,"[-1128.96, 140.0, 117.343]","[0.0, 90.0084, 0.0]",1.0,[],,unmapped,,,False,False,,,,0,owner-reviewed: separate opening/control geometry; preserve native room/checkpoint door behaviour; no static fake closed doors,True,"-47, 86, -6",0,0,Block{minecraft:white_concrete},0,0
lost:entity:21067,lost,models/props_doors/doormainmetal01.mdl,"[-1183.0, -8.0, -123.001]","[0.0, 269.5, 0.0]",1.0,[],,unmapped,,,False,False,,,,0,owner-reviewed: separate opening/control geometry; preserve native room/checkpoint door behaviour; no static fake closed doors,True,"-49, 76, 0",11,0,Block{minecraft:air},0,0
lost:entity:21084,lost,models/props_doors/doormain01.mdl,"[-1081.0, -358.0, -123.001]","[0.0, 1.0, 0.0]",1.0,[],,unmapped,,,False,False,,,,0,owner-reviewed: separate opening/control geometry; preserve native room/checkpoint door behaviour; no static fake closed doors,True,"-45, 76, 15",0,0,Block{minecraft:smooth_quartz},0,0
lost:entity:21241,lost,models/props_interiors/furniture_chair03a.mdl,"[-1225.06, -209.036, -154.476]","[0.0, 40.0, 0.0]",1.0,[],chair,placed_display,"[-51, 73, 9]","[0.0, 0.0, 0.0]",True,False,1.0,protected_navigation_or_gameplay,zero-hitbox Source-pose display,6,,True,"-51, 74, 9",13,5,Block{minecraft:air},6,6
lost:entity:21245,lost,models/props_interiors/furniture_chair03a.mdl,"[-1227.22, -90.585, -154.476]","[0.0, 40.0, 0.0]",1.0,[],chair,placed_display,"[-51, 73, 4]","[0.0, 0.0, 0.0]",True,False,1.0,protected_navigation_or_gameplay,zero-hitbox Source-pose display,6,,True,"-51, 74, 4",14,0,"Block{minecraft:light}[level=14,waterlogged=false]",6,6
lost:entity:21249,lost,models/props_interiors/furniture_chair03a.mdl,"[-1081.53, -87.6302, -154.476]","[0.0, 40.0, 0.0]",1.0,[],chair,placed_display,"[-45, 73, 4]","[0.0, 0.0, 0.0]",True,False,1.0,protected_navigation_or_gameplay,zero-hitbox Source-pose display,6,,True,"-45, 74, 4",14,0,"Block{minecraft:light}[level=14,waterlogged=false]",6,6
lost:entity:21253,lost,models/props_interiors/furniture_chair03a.mdl,"[-1082.55, -200.037, -154.476]","[0.0, 40.0, 0.0]",1.0,[],chair,placed_display,"[-45, 73, 8]","[0.0, 0.0, 0.0]",True,False,1.0,protected_navigation_or_gameplay,zero-hitbox Source-pose display,6,,True,"-45, 74, 8",14,4,Block{minecraft:air},6,6
lost:entity:22963,lost,models/props/objectives/key_old_ring.mdl,"[1005.0, 469.02, 156.215]","[89.0, 180.0, 180.0]",1.0,[],,unmapped,,,False,False,,,,0,owner-reviewed model group; outside requested bed/table/cabinet/chair/lighting scope; exact mesh or interactive state unavailable,True,"42, 88, -20",6,10,Block{minecraft:air},0,0
lost:entity:23546,lost,models/props_downtown/metal_door_112_static.mdl,"[-1555.0, -9.0, 65.0]","[0.0, 270.0, 0.0]",1.0,[],,unmapped,,,False,False,,,,0,owner-reviewed: separate opening/control geometry; preserve native room/checkpoint door behaviour; no static fake closed doors,True,"-65, 84, 0",11,0,Block{minecraft:air},0,0
lost:entity:23565,lost,models/props_downtown/metal_door_112_static_noskins.mdl,"[-1444.0, -9.0, 65.0]","[0.0, 90.0, 0.0]",1.0,[],,unmapped,,,False,False,,,,0,owner-reviewed: separate opening/control geometry; preserve native room/checkpoint door behaviour; no static fake closed doors,True,"-60, 84, 0",0,0,Block{minecraft:white_concrete},0,0
lost:entity:24287,lost,models/props_doors/doormainmetal01.mdl,"[-1793.01, 140.0, 117.343]","[0.0, 90.0084, 0.0]",1.0,[],,unmapped,,,False,False,,,,0,owner-reviewed: separate opening/control geometry; preserve native room/checkpoint door behaviour; no static fake closed doors,True,"-75, 86, -6",0,0,Block{minecraft:white_concrete},0,0
lost:entity:24593,lost,models/props_doors/doormainmetal01.mdl,"[-1820.96, -1.0, 117.343]","[0.0, 270.008, 0.0]",1.0,[],,unmapped,,,False,False,,,,0,owner-reviewed: separate opening/control geometry; preserve native room/checkpoint door behaviour; no static fake closed doors,True,"-76, 86, 0",0,0,Block{minecraft:white_concrete},0,0
lost:entity:24968,lost,models/props_doors/doormainmetalsmall01_dm07.mdl,"[844.68, 181.211, 93.2063]","[-64.9813, 92.3652, -2.1435]",1.0,[],,unmapped,,,False,False,,,,0,owner-reviewed: separate opening/control geometry; preserve native room/checkpoint door behaviour; no static fake closed doors,True,"35, 85, -8",6,0,Block{minecraft:air},0,0
lost:entity:24973,lost,models/props/de_prodigy/concretebags3.mdl,"[816.68, 139.211, 70.2063]","[0.0, 0.0, 0.0]",1.0,[],,unmapped,,,False,False,,,,0,owner-reviewed model group; outside requested bed/table/cabinet/chair/lighting scope; exact mesh or interactive state unavailable,True,"34, 84, -6",9,0,Block{minecraft:air},0,0
lost:entity:24977,lost,models/infected/charger.mdl,"[781.0, 331.0, 71.0]","[-35.563, 247.394, 78.8512]",1.0,[],,unmapped,,,False,False,,,,0,owner-reviewed: animated Source actor model; gameplay infected/director/boss uses actual entities; no extra static combat target,True,"33, 84, -14",0,5,Block{minecraft:air},0,0
lost:entity:25056,lost,models/props_doors/doormain03_small_01.mdl,"[850.0, 361.965, 128.0]","[38.9138, 324.034, -11.9345]",1.0,[],,unmapped,,,False,False,,,,0,owner-reviewed: separate opening/control geometry; preserve native room/checkpoint door behaviour; no static fake closed doors,True,"35, 86, -15",0,6,Block{minecraft:air},0,0
lost:entity:28292,lost,models/props_doors/doormainmetal01.mdl,"[-1865.0, -8.00003, -123.0]","[0.0, 270.008, 0.0]",1.0,[],,unmapped,,,False,False,,,,0,owner-reviewed: separate opening/control geometry; preserve native room/checkpoint door behaviour; no static fake closed doors,True,"-78, 76, 0",0,0,Block{minecraft:white_concrete},0,0
lost:entity:28297,lost,models/props_doors/doormainmetal01.mdl,"[-2194.0, -8.0, -122.657]","[0.0, 270.008, 0.0]",1.0,[],,unmapped,,,False,False,,,,0,owner-reviewed: separate opening/control geometry; preserve native room/checkpoint door behaviour; no static fake closed doors,True,"-91, 76, 0",0,0,Block{minecraft:white_concrete},0,0
lost:entity:29832,lost,models/props/de_prodigy/concretebags3.mdl,"[819.0, 190.0, 70.2063]","[0.0, 0.0, 0.0]",1.0,[],,unmapped,,,False,False,,,,0,owner-reviewed model group; outside requested bed/table/cabinet/chair/lighting scope; exact mesh or interactive state unavailable,True,"34, 84, -8",7,0,Block{minecraft:air},0,0
lost:entity:29839,lost,models/props_downtown/metal_door_112_static_noskins.mdl,"[-1444.0, -7.0, -175.0]","[0.0, 90.0, 0.0]",1.0,[],,unmapped,,,False,False,,,,0,owner-reviewed: separate opening/control geometry; preserve native room/checkpoint door behaviour; no static fake closed doors,True,"-60, 74, 0",0,0,Block{minecraft:white_concrete},0,0
lost:entity:29844,lost,models/props_downtown/metal_door_112_static.mdl,"[-1555.0, -7.0, -175.0]","[0.0, 270.0, 0.0]",1.0,[],,unmapped,,,False,False,,,,0,owner-reviewed: separate opening/control geometry; preserve native room/checkpoint door behaviour; no static fake closed doors,True,"-65, 74, 0",11,0,Block{minecraft:air},0,0
lost:entity:31165,lost,models/props_doors/doormainmetal01.mdl,"[-1139.0, 138.982, -123.0]","[0.0, 90.008, 0.0]",1.0,[],,unmapped,,,False,False,,,,0,owner-reviewed: separate opening/control geometry; preserve native room/checkpoint door behaviour; no static fake closed doors,True,"-47, 76, -6",0,0,Block{minecraft:white_concrete},0,0
lost:entity:31188,lost,models/props_doors/doormainmetal01.mdl,"[-810.0, 138.982, -122.657]","[0.0, 90.008, 0.0]",1.0,[],,unmapped,,,False,False,,,,0,owner-reviewed: separate opening/control geometry; preserve native room/checkpoint door behaviour; no static fake closed doors,True,"-34, 76, -6",0,0,Block{minecraft:white_concrete},0,0
lost:entity:31297,lost,models/props_doors/doormainmetal01.mdl,"[-1802.0, 138.982, -123.0]","[0.0, 90.008, 0.0]",1.0,[],,unmapped,,,False,False,,,,0,owner-reviewed: separate opening/control geometry; preserve native room/checkpoint door behaviour; no static fake closed doors,True,"-75, 76, -6",0,0,Block{minecraft:white_concrete},0,0
lost:entity:31320,lost,models/props_doors/doormainmetal01.mdl,"[-1473.0, 138.982, -122.657]","[0.0, 90.008, 0.0]",1.0,[],,unmapped,,,False,False,,,,0,owner-reviewed: separate opening/control geometry; preserve native room/checkpoint door behaviour; no static fake closed doors,True,"-61, 76, -6",0,0,Block{minecraft:white_concrete},0,0
lost:entity:32608,lost,models/props_doors/doormainmetal01.mdl,"[-2512.0, -8.0, -123.001]","[0.0, 269.5, 0.0]",1.0,[],,unmapped,,,False,False,,,,0,owner-reviewed: separate opening/control geometry; preserve native room/checkpoint door behaviour; no static fake closed doors,True,"-105, 76, 0",0,0,Block{minecraft:white_concrete},0,0
lost:entity:32625,lost,models/props_doors/doormain01.mdl,"[-2410.0, -358.0, -123.001]","[0.0, 1.0, 0.0]",1.0,[],,unmapped,,,False,False,,,,0,owner-reviewed: separate opening/control geometry; preserve native room/checkpoint door behaviour; no static fake closed doors,True,"-100, 76, 15",9,14,Block{minecraft:air},0,0
lost:entity:32782,lost,models/props_interiors/furniture_chair03a.mdl,"[-2554.06, -209.036, -154.476]","[0.0, 40.0, 0.0]",1.0,[],chair,placed_display,"[-106, 73, 9]","[0.0, 0.0, 0.0]",True,False,1.0,protected_navigation_or_gameplay,zero-hitbox Source-pose display,6,,True,"-106, 74, 9",13,5,Block{minecraft:air},0,6
lost:entity:32786,lost,models/props_interiors/furniture_chair03a.mdl,"[-2556.22, -90.585, -154.476]","[0.0, 40.0, 0.0]",1.0,[],chair,placed_display,"[-107, 73, 4]","[0.0, 0.0, 0.0]",True,False,1.0,protected_navigation_or_gameplay,zero-hitbox Source-pose display,6,,True,"-107, 74, 4",13,0,Block{minecraft:air},0,6
lost:entity:32790,lost,models/props_interiors/furniture_chair03a.mdl,"[-2410.53, -87.6302, -154.476]","[0.0, 40.0, 0.0]",1.0,[],chair,placed_display,"[-101, 73, 4]","[-0.704416, 0.0, -0.061628]",True,False,1.0,protected_navigation_or_gameplay,zero-hitbox Source-pose display,6,,True,"-101, 74, 4",12,1,Block{minecraft:air},0,6
lost:entity:32794,lost,models/props_interiors/furniture_chair03a.mdl,"[-2411.55, -200.037, -154.476]","[0.0, 40.0, 0.0]",1.0,[],chair,placed_display,"[-101, 73, 8]","[-0.704416, 0.0, -0.061628]",True,False,1.0,protected_navigation_or_gameplay,zero-hitbox Source-pose display,6,,True,"-101, 74, 8",12,5,Block{minecraft:air},0,6
lost:entity:33709,lost,models/props_doors/doormainmetal01.mdl,"[-2862.0, -8.00003, -123.0]","[0.0, 270.008, 0.0]",1.0,[],,unmapped,,,False,False,,,,0,owner-reviewed: separate opening/control geometry; preserve native room/checkpoint door behaviour; no static fake closed doors,True,"-119, 76, 0",0,0,Block{minecraft:white_concrete},0,0
lost:entity:33714,lost,models/props_doors/doormainmetal01.mdl,"[-3191.0, -8.0, -122.657]","[0.0, 270.008, 0.0]",1.0,[],,unmapped,,,False,False,,,,0,owner-reviewed: separate opening/control geometry; preserve native room/checkpoint door behaviour; no static fake closed doors,True,"-133, 76, 0",0,0,Block{minecraft:white_concrete},0,0
lost:entity:33755,lost,models/props_doors/doormainmetal01.mdl,"[-3509.0, -8.0, -123.001]","[0.0, 269.5, 0.0]",1.0,[],,unmapped,,,False,False,,,,0,owner-reviewed: separate opening/control geometry; preserve native room/checkpoint door behaviour; no static fake closed doors,True,"-146, 76, 0",11,5,Block{minecraft:air},0,0
lost:entity:33772,lost,models/props_doors/doormain01.mdl,"[-3407.0, -358.0, -123.001]","[0.0, 1.0, 0.0]",1.0,[],,unmapped,,,False,False,,,,0,owner-reviewed: separate opening/control geometry; preserve native room/checkpoint door behaviour; no static fake closed doors,True,"-142, 76, 15",0,0,Block{minecraft:smooth_quartz},0,0
lost:entity:33918,lost,models/props_interiors/furniture_chair03a.mdl,"[-3551.06, -209.036, -154.476]","[0.0, 40.0, 0.0]",1.0,[],chair,placed_display,"[-148, 73, 9]","[0.0, 0.0, 0.0]",True,False,1.0,protected_navigation_or_gameplay,zero-hitbox Source-pose display,6,,True,"-148, 74, 9",13,5,Block{minecraft:air},0,6
lost:entity:33922,lost,models/props_interiors/furniture_chair03a.mdl,"[-3553.22, -90.585, -154.476]","[0.0, 40.0, 0.0]",1.0,[],chair,placed_display,"[-148, 73, 4]","[0.0, 0.0, 0.0]",True,False,1.0,protected_navigation_or_gameplay,zero-hitbox Source-pose display,6,,True,"-148, 74, 4",14,0,"Block{minecraft:light}[level=14,waterlogged=false]",0,6
lost:entity:33926,lost,models/props_interiors/furniture_chair03a.mdl,"[-3407.53, -87.6302, -154.476]","[0.0, 40.0, 0.0]",1.0,[],chair,placed_display,"[-142, 73, 4]","[0.0, 0.0, 0.0]",True,False,1.0,protected_navigation_or_gameplay,zero-hitbox Source-pose display,6,,True,"-142, 74, 4",14,0,"Block{minecraft:light}[level=14,waterlogged=false]",0,6
lost:entity:33930,lost,models/props_interiors/furniture_chair03a.mdl,"[-3408.55, -200.037, -154.476]","[0.0, 40.0, 0.0]",1.0,[],chair,placed_display,"[-142, 73, 8]","[0.0, 0.0, 0.0]",True,False,1.0,protected_navigation_or_gameplay,zero-hitbox Source-pose display,6,,True,"-142, 74, 8",14,4,Block{minecraft:air},0,6
lost:entity:34809,lost,models/props_doors/doormainmetal01.mdl,"[-3159.0, 139.0, -123.363]","[0.0, 89.5, 0.0]",1.0,[],,unmapped,,,False,False,,,,0,owner-reviewed: separate opening/control geometry; preserve native room/checkpoint door behaviour; no static fake closed doors,True,"-132, 76, -6",0,0,Block{minecraft:white_concrete},0,0
lost:entity:34826,lost,models/props_doors/doormain01.mdl,"[-3261.0, 489.0, -123.363]","[0.0, 181.0, 0.0]",1.0,[],,unmapped,,,False,False,,,,0,owner-reviewed: separate opening/control geometry; preserve native room/checkpoint door behaviour; no static fake closed doors,True,"-136, 76, -20",10,11,Block{minecraft:air},0,0
lost:entity:34972,lost,models/props_interiors/furniture_chair03a.mdl,"[-3107.27, 344.0, -157.706]","[0.0, 40.0, 0.0]",1.0,[],chair,placed_display,"[-130, 73, -14]","[-0.704416, 0.0, -0.061628]",True,False,1.0,protected_navigation_or_gameplay,zero-hitbox Source-pose display,6,,True,"-130, 74, -14",13,2,Block{minecraft:air},0,6
lost:entity:34976,lost,models/props_interiors/furniture_chair03a.mdl,"[-3122.47, 218.539, -154.838]","[0.0, 40.0, 0.0]",1.0,[],chair,placed_display,"[-130, 73, -9]","[0.0, 0.0, 0.0]",True,False,1.0,protected_navigation_or_gameplay,zero-hitbox Source-pose display,6,,True,"-130, 74, -9",13,0,Block{minecraft:air},0,6
lost:entity:34980,lost,models/props_interiors/furniture_chair03a.mdl,"[-3255.57, 223.361, -154.838]","[0.0, 40.0, 0.0]",1.0,[],chair,placed_display,"[-136, 73, -9]","[0.0, 0.0, 0.0]",True,False,1.0,protected_navigation_or_gameplay,zero-hitbox Source-pose display,6,,True,"-136, 74, -9",13,0,Block{minecraft:air},0,6
lost:entity:34984,lost,models/props_interiors/furniture_chair03a.mdl,"[-3241.28, 329.847, -154.838]","[0.0, 40.0, 0.0]",1.0,[],chair,placed_display,"[-135, 73, -14]","[0.0, 0.0, 0.0]",True,False,1.0,protected_navigation_or_gameplay,zero-hitbox Source-pose display,6,,True,"-135, 74, -14",13,5,Block{minecraft:air},0,6
lost:entity:36603,lost,models/props_doors/doormainmetal01.mdl,"[-2793.0, 139.002, -122.657]","[0.0, 90.008, 0.0]",1.0,[],,unmapped,,,False,False,,,,0,owner-reviewed: separate opening/control geometry; preserve native room/checkpoint door behaviour; no static fake closed doors,True,"-116, 76, -6",0,0,Block{minecraft:white_concrete},0,0
lost:entity:36669,lost,models/props_doors/doormainmetal01.mdl,"[-2136.0, 139.002, -122.657]","[0.0, 90.008, 0.0]",1.0,[],,unmapped,,,False,False,,,,0,owner-reviewed: separate opening/control geometry; preserve native room/checkpoint door behaviour; no static fake closed doors,True,"-89, 76, -6",0,0,Block{minecraft:white_concrete},0,0
lost:entity:36693,lost,models/props_doors/doormainmetal01.mdl,"[-2465.0, 139.002, -123.0]","[0.0, 90.008, 0.0]",1.0,[],,unmapped,,,False,False,,,,0,owner-reviewed: separate opening/control geometry; preserve native room/checkpoint door behaviour; no static fake closed doors,True,"-103, 76, -6",0,0,Block{minecraft:white_concrete},0,0
lost:entity:37652,lost,models/props_misc/flour_sack-1.mdl,"[-3504.0, 110.322, -106.0]","[36.0934, 297.1, -49.0201]",1.0,[],,unmapped,,,False,False,,,,0,owner-reviewed model group; outside requested bed/table/cabinet/chair/lighting scope; exact mesh or interactive state unavailable,True,"-146, 77, -5",9,7,Block{minecraft:air},0,0
lost:entity:37660,lost,models/props_doors/doorglassmain01_small_dm02.mdl,"[-3439.0, 135.0, -123.0]","[0.0, 160.0, 0.0]",1.0,[],,unmapped,,,False,False,,,,0,owner-reviewed: separate opening/control geometry; preserve native room/checkpoint door behaviour; no static fake closed doors,True,"-143, 76, -6",0,0,Block{minecraft:white_concrete},0,0
lost:entity:56490,lost,models/props_doors/doormainmetal01.mdl,"[-3194.0, -8.00003, -364.0]","[0.0, 270.008, 0.0]",1.0,[],,unmapped,,,False,False,,,,0,owner-reviewed: separate opening/control geometry; preserve native room/checkpoint door behaviour; no static fake closed doors,True,"-133, 66, 0",0,0,Block{minecraft:white_concrete},0,0
lost:entity:56495,lost,models/props_doors/doormainmetal01.mdl,"[-3523.0, -8.0, -363.657]","[0.0, 270.008, 0.0]",1.0,[],,unmapped,,,False,False,,,,0,owner-reviewed: separate opening/control geometry; preserve native room/checkpoint door behaviour; no static fake closed doors,True,"-147, 66, 0",0,0,Block{minecraft:white_concrete},0,0
lost:entity:56852,lost,models/props_doors/doormainmetal01.mdl,"[-3159.01, 139.0, -364.363]","[0.0, 89.5, 0.0]",1.0,[],,unmapped,,,False,False,,,,0,owner-reviewed: separate opening/control geometry; preserve native room/checkpoint door behaviour; no static fake closed doors,True,"-132, 66, -6",0,0,Block{minecraft:white_concrete},0,0
lost:entity:56869,lost,models/props_doors/doormain01.mdl,"[-3261.01, 489.0, -364.363]","[0.0, 181.0, 0.0]",1.0,[],,unmapped,,,False,False,,,,0,owner-reviewed: separate opening/control geometry; preserve native room/checkpoint door behaviour; no static fake closed doors,True,"-136, 66, -20",10,11,Block{minecraft:air},0,0
lost:entity:57026,lost,models/props_interiors/furniture_chair03a.mdl,"[-3107.28, 344.0, -398.706]","[0.0, 40.0, 0.0]",1.0,[],chair,placed_display,"[-130, 63, -14]","[-0.704416, 0.0, -0.061628]",True,False,1.0,protected_navigation_or_gameplay,zero-hitbox Source-pose display,6,,True,"-130, 64, -14",13,2,Block{minecraft:air},0,6
lost:entity:57030,lost,models/props_interiors/furniture_chair03a.mdl,"[-3122.48, 218.539, -395.838]","[0.0, 40.0, 0.0]",1.0,[],chair,placed_display,"[-130, 63, -9]","[0.0, 0.0, 0.0]",True,False,1.0,protected_navigation_or_gameplay,zero-hitbox Source-pose display,6,,True,"-130, 64, -9",13,0,Block{minecraft:air},0,6
lost:entity:57034,lost,models/props_interiors/furniture_chair03a.mdl,"[-3255.58, 223.361, -395.838]","[0.0, 40.0, 0.0]",1.0,[],chair,placed_display,"[-136, 63, -9]","[0.0, 0.0, 0.0]",True,False,1.0,protected_navigation_or_gameplay,zero-hitbox Source-pose display,6,,True,"-136, 64, -9",13,0,Block{minecraft:air},0,6
lost:entity:57038,lost,models/props_interiors/furniture_chair03a.mdl,"[-3241.29, 329.847, -395.838]","[0.0, 40.0, 0.0]",1.0,[],chair,placed_display,"[-135, 63, -14]","[0.0, 0.0, 0.0]",True,False,1.0,protected_navigation_or_gameplay,zero-hitbox Source-pose display,6,,True,"-135, 64, -14",13,5,Block{minecraft:air},0,6
lost:entity:59673,lost,models/props_doors/doorglassmain01_small.mdl,"[-3434.0, 138.0, -365.0]","[0.0, 90.0, 0.0]",1.0,[],,unmapped,,,False,False,,,,0,owner-reviewed: separate opening/control geometry; preserve native room/checkpoint door behaviour; no static fake closed doors,True,"-143, 66, -6",0,0,Block{minecraft:white_concrete},0,0
lost:entity:59732,lost,models/props_doors/doorglassmain01_small.mdl,"[-3530.0, 138.0, -365.0]","[0.0, 270.0, 0.0]",1.0,[],,unmapped,,,False,False,,,,0,owner-reviewed: separate opening/control geometry; preserve native room/checkpoint door behaviour; no static fake closed doors,True,"-147, 66, -6",11,7,Block{minecraft:air},0,0
lost:entity:61258,lost,models/props_doors/doormainmetal01.mdl,"[-2529.0, -8.00003, -364.0]","[0.0, 270.008, 0.0]",1.0,[],,unmapped,,,False,False,,,,0,owner-reviewed: separate opening/control geometry; preserve native room/checkpoint door behaviour; no static fake closed doors,True,"-105, 66, 0",8,0,Block{minecraft:air},0,0
lost:entity:61279,lost,models/props_doors/doormainmetal01.mdl,"[-2858.0, -8.0, -363.657]","[0.0, 270.008, 0.0]",1.0,[],,unmapped,,,False,False,,,,0,owner-reviewed: separate opening/control geometry; preserve native room/checkpoint door behaviour; no static fake closed doors,True,"-119, 66, 0",11,0,Block{minecraft:air},0,0
lost:entity:61326,lost,models/props_doors/doormainmetal01.mdl,"[-1864.0, -8.00003, -364.0]","[0.0, 270.008, 0.0]",1.0,[],,unmapped,,,False,False,,,,0,owner-reviewed: separate opening/control geometry; preserve native room/checkpoint door behaviour; no static fake closed doors,True,"-78, 66, 0",0,0,Block{minecraft:white_concrete},0,0
lost:entity:61347,lost,models/props_doors/doormainmetal01.mdl,"[-2193.0, -8.0, -363.657]","[0.0, 270.008, 0.0]",1.0,[],,unmapped,,,False,False,,,,0,owner-reviewed: separate opening/control geometry; preserve native room/checkpoint door behaviour; no static fake closed doors,True,"-91, 66, 0",5,0,Block{minecraft:air},0,0
lost:entity:61429,lost,models/props_downtown/metal_door_112_static.mdl,"[-1554.0, -7.0, -418.0]","[0.0, 270.0, 0.0]",1.0,[],,unmapped,,,False,False,,,,0,owner-reviewed: separate opening/control geometry; preserve native room/checkpoint door behaviour; no static fake closed doors,True,"-65, 64, 0",12,0,"Block{minecraft:light}[level=11,waterlogged=false]",0,0
lost:entity:61434,lost,models/props_downtown/metal_door_112_static_noskins.mdl,"[-1443.0, -7.0, -418.0]","[0.0, 90.0, 0.0]",1.0,[],,unmapped,,,False,False,,,,0,owner-reviewed: separate opening/control geometry; preserve native room/checkpoint door behaviour; no static fake closed doors,True,"-60, 64, 0",0,0,Block{minecraft:white_concrete},0,0
lost:entity:74058,lost,models/props_doors/doorglassmain01_dm01.mdl,"[1302.0, 121.0, -362.559]","[0.0, 180.0, 0.0]",1.0,[],,unmapped,,,False,False,,,,0,owner-reviewed: separate opening/control geometry; preserve native room/checkpoint door behaviour; no static fake closed doors,True,"54, 66, -5",11,0,Block{minecraft:air},0,0
lost:entity:74063,lost,models/props_doors/doorglassmain01_dm01.mdl,"[1302.0, 8.9271, -362.559]","[0.0, 0.0, 0.0]",1.0,[],,unmapped,,,False,False,,,,0,owner-reviewed: separate opening/control geometry; preserve native room/checkpoint door behaviour; no static fake closed doors,True,"54, 66, 0",0,0,Block{minecraft:white_concrete},0,0
lost:entity:76278,lost,models/props_downtown/metal_door_112_static_noskins.mdl,"[1726.0, -40.0, -417.0]","[0.0, 180.0, 0.0]",1.0,[],,unmapped,,,False,False,,,,0,owner-reviewed: separate opening/control geometry; preserve native room/checkpoint door behaviour; no static fake closed doors,True,"72, 64, 2",11,0,Block{minecraft:air},0,0
lost:entity:76283,lost,models/props_downtown/metal_door_112_static.mdl,"[1726.0, -151.0, -417.0]","[0.0, 0.0, 0.0]",1.0,[],,unmapped,,,False,False,,,,0,owner-reviewed: separate opening/control geometry; preserve native room/checkpoint door behaviour; no static fake closed doors,True,"72, 64, 6",0,0,Block{minecraft:white_concrete},0,0
lost:entity:106699,lost,models/props_vehicles/floodlight_generator_switch02.mdl,"[2828.0, -89.0002, -410.0]","[-89.0, 86.0, -180.0]",1.0,[],,unmapped,,,False,False,,,,0,owner-reviewed: large vehicle/setpiece or scripted control; outside furniture/light template scope; exact mesh/animation absent,True,"118, 64, 4",13,0,"Block{minecraft:light}[level=9,waterlogged=false]",0,0
lost:entity:106789,lost,models/props_wasteland/controlroom_filecabinet001a.mdl,"[2820.0, -49.0002, -401.0]","[0.0, 270.0, 0.0]",1.0,[],cabinet,placed_display,"[118, 63, 2]","[0.0, 0.0, 0.0]",True,False,1.0,protected_navigation_or_gameplay,zero-hitbox Source-pose display,4,,True,"118, 64, 2",11,0,Block{minecraft:air},0,4
lost:entity:114090,lost,models/props_junk/wood_crate001a.mdl,"[2961.39, -86.9923, -512.12]","[0.0, 0.0, 0.0]",1.0,[],container_box,placed_display,"[123, 58, 4]","[0.0, 0.0, 0.0]",True,False,1.0,reviewed_accessory_requires_pose_preserving_display,zero-hitbox Source-pose display,2,,True,"123, 59, 4",5,0,Block{minecraft:air},0,2
lost:entity:114094,lost,models/props_junk/wood_crate001a.mdl,"[3002.0, -67.0, -511.12]","[0.0, 0.0, 0.0]",1.0,[],container_box,placed_display,"[125, 58, 3]","[0.0, 0.0, 0.0]",True,False,1.0,reviewed_accessory_requires_pose_preserving_display,zero-hitbox Source-pose display,2,,True,"125, 59, 3",6,0,Block{minecraft:air},0,2
lost:entity:114098,lost,models/props_junk/wood_crate001a.mdl,"[2961.39, -129.992, -513.12]","[0.0, 0.0, 0.0]",1.0,[],container_box,placed_display,"[123, 58, 5]","[0.0, 0.0, -0.5]",True,False,1.0,reviewed_accessory_requires_pose_preserving_display,zero-hitbox Source-pose display,2,,True,"123, 59, 5",4,0,Block{minecraft:air},0,2
lost:entity:116726,lost,models/props_downtown/metal_door_112_static.mdl,"[1726.0, -151.0, -657.0]","[0.0, 0.0, 0.0]",1.0,[],,unmapped,,,False,False,,,,0,owner-reviewed: separate opening/control geometry; preserve native room/checkpoint door behaviour; no static fake closed doors,True,"72, 54, 6",0,0,Block{minecraft:bricks},0,0
lost:entity:121317,lost,models/props_doors/doormainmetal01.mdl,"[1920.0, -32.0333, -601.0]","[0.0, 89.5, 0.0]",1.0,[],,unmapped,,,False,False,,,,0,owner-reviewed: separate opening/control geometry; preserve native room/checkpoint door behaviour; no static fake closed doors,True,"80, 56, 1",0,0,Block{minecraft:white_concrete},0,0
lost:entity:121471,lost,models/props_doors/checkpoint_door_-02.mdl,"[1462.0, 335.0, -603.334]","[0.0, 180.5, 0.0]",1.0,[],,unmapped,,,False,False,,,,0,owner-reviewed: separate opening/control geometry; preserve native room/checkpoint door behaviour; no static fake closed doors,True,"61, 56, -14",8,0,Block{minecraft:air},0,0
lost:entity:121530,lost,models/props/objectives/key_old_ring.mdl,"[1689.0, 499.0, -655.0]","[0.0, 260.0, 0.0]",1.0,[],,unmapped,,,False,False,,,,0,owner-reviewed model group; outside requested bed/table/cabinet/chair/lighting scope; exact mesh or interactive state unavailable,True,"70, 54, -21",8,0,Block{minecraft:air},0,0
lost:entity:191997,lost,models/infected/witch.mdl,"[-350.0, -131.0, 176.0]","[89.0, 215.0, 91.0]",1.0,[],,unmapped,,,False,False,,,,0,owner-reviewed: animated Source actor model; gameplay infected/director/boss uses actual entities; no extra static combat target,True,"-15, 88, 5",0,0,Block{minecraft:smooth_quartz},0,0
lostschool_2:staticprop:0,lostschool_2,models/props/cs_militia/ladderwood.mdl,"[-681.6900024414062, 111.62899780273438, -45.69599914550781]","[15.5, 180.0, 0.0]",1.0,[],,unmapped,,,False,False,,,,0,owner-reviewed: access/structural or breakable geometry; preserve verified native NAV and passage layout; Source collision/damage model absent,True,"2020, 79, -5",12,3,Block{minecraft:air},0,0
lostschool_2:staticprop:1,lostschool_2,models/props/de_inferno/bed.mdl,"[-725.6900024414062, 159.0, -1.705989956855774]","[0.0, 90.5, 0.0]",1.0,[],bed,placed_display,"[2018, 80, -6]","[0.002182, 0.071083, 0.24999]",True,False,1.0,bed_head_unsupported,zero-hitbox Source-pose display,9,,True,"2018, 81, -6",14,1,Block{minecraft:air},0,9
lostschool_2:staticprop:2,lostschool_2,models/props/de_inferno/bed.mdl,"[-725.6900024414062, 65.00029754638672, -1.705989956855774]","[0.0, 90.5, 0.0]",1.0,[],bed,placed_display,"[2018, 80, -3]","[0.0, 0.25, 0.0]",True,False,1.0,protected_navigation_or_gameplay,zero-hitbox Source-pose display,9,,True,"2018, 81, -3",13,0,Block{minecraft:air},0,9
lostschool_2:staticprop:3,lostschool_2,models/props/de_inferno/bed.mdl,"[-483.69000244140625, 160.0, -1.705989956855774]","[0.0, 90.5, 0.0]",1.0,[],bed,placed_display,"[2027, 80, -5]","[-0.739063, 0.071083, 1.256497]",True,False,0.8667,no_support_at_source_xz,zero-hitbox Source-pose display,9,,True,"2027, 81, -5",12,3,Block{minecraft:air},0,9
lostschool_2:staticprop:4,lostschool_2,models/props/de_inferno/bed.mdl,"[-483.69000244140625, 66.00029754638672, -1.705989956855774]","[0.0, 90.5, 0.0]",1.0,[],bed,placed_display,"[2027, 79, -3]","[-0.999962, 0.0, 0.008727]",True,False,0.9556,no_support_at_source_xz,zero-hitbox Source-pose display,9,,True,"2027, 80, -3",11,0,Block{minecraft:air},0,9
lostschool_2:staticprop:5,lostschool_2,models/props_downtown/metal_window01_8.mdl,"[-565.010009765625, 337.0, -36.362998962402344]","[0.0, 180.0, 0.0]",1.0,[],,unmapped,,,False,False,,,,0,owner-reviewed: separate opening/control geometry; preserve native room/checkpoint door behaviour; no static fake closed doors,True,"2024, 80, -14",11,13,Block{minecraft:air},0,0
lostschool_2:staticprop:6,lostschool_2,models/props_downtown/metal_window01_8.mdl,"[-663.010009765625, 337.0, -36.362998962402344]","[0.0, 180.0, 0.0]",1.0,[],,unmapped,,,False,False,,,,0,owner-reviewed: separate opening/control geometry; preserve native room/checkpoint door behaviour; no static fake closed doors,True,"2020, 80, -14",10,12,Block{minecraft:air},0,0
lostschool_2:staticprop:7,lostschool_2,models/props_interiors/bathroomsink01.mdl,"[-502.010009765625, 254.0, -28.70599937438965]","[0.0, 180.0, 0.0]",1.0,[],bathroom_sink,placed_display,"[2027, 79, -11]","[0.0, 0.196083, 0.0]",True,False,1.0,reviewed_accessory_requires_pose_preserving_display,zero-hitbox Source-pose display,4,,True,"2027, 80, -11",11,10,Block{minecraft:air},0,4
lostschool_2:staticprop:8,lostschool_2,models/props/de_nuke/window01.mdl,"[-717.010009765625, 343.0, -2.3629798889160156]","[0.0, 89.0, 0.0]",1.0,[],,unmapped,,,False,False,,,,0,owner-reviewed: separate opening/control geometry; preserve native room/checkpoint door behaviour; no static fake closed doors,True,"2018, 81, -14",7,12,Block{minecraft:air},0,0
lostschool_2:staticprop:9,lostschool_2,models/props/cs_militia/ladderwood.mdl,"[-525.6900024414062, 111.62899780273438, -45.69599914550781]","[15.5, 0.0, 0.0]",1.0,[],,unmapped,,,False,False,,,,0,owner-reviewed: access/structural or breakable geometry; preserve verified native NAV and passage layout; Source collision/damage model absent,True,"2026, 79, -5",11,1,Block{minecraft:air},0,0
lostschool_2:staticprop:10,lostschool_2,models/props_urban/hotel_bathroom_showerhead001.mdl,"[-751.010009765625, 302.0, 11.293999671936035]","[0.0, 0.0, 0.0]",1.0,[],showerhead,placed_display,"[2017, 80, -13]","[0.0, 0.0, 0.0]",True,False,1.0,reviewed_accessory_requires_pose_preserving_display,zero-hitbox Source-pose display,3,,True,"2017, 81, -13",7,11,Block{minecraft:air},0,3
lostschool_2:staticprop:11,lostschool_2,models/props_interiors/toilet_d.mdl,"[-723.010009765625, 220.0, -78.70600128173828]","[0.0, 90.0, 0.0]",1.0,[],toilet,placed_display,"[2018, 77, -10]","[-0.0, 0.279417, -0.75]",True,False,1.0,reviewed_accessory_requires_pose_preserving_display,zero-hitbox Source-pose display,4,,True,"2018, 78, -10",9,8,Block{minecraft:air},0,4
lostschool_2:staticprop:12,lostschool_2,models/props/cs_office/light_inset.mdl,"[-714.010009765625, 280.0, 90.29399871826172]","[0.0, 180.0, 0.0]",1.0,[],fixture,placed_display,"[2018, 82, -12]","[0.0, -1.0, 0.0]",True,False,0.7,existing_geometry_or_prior_prop,zero-hitbox Source-pose display,2,,True,"2018, 83, -12",0,0,Block{minecraft:white_concrete},0,2
lostschool_2:staticprop:13,lostschool_2,models/props/de_nuke/wall_light.mdl,"[-623.5900268554688, 209.0, 92.29399871826172]","[60.0, 270.0, 180.0]",1.0,[],fixture,placed_display,"[2022, 81, -9]","[0.0, -2.0, 0.0]",True,False,1.0,tilted_or_scaled_model,zero-hitbox Source-pose display,2,,True,"2022, 82, -9",0,0,Block{minecraft:white_concrete},0,2
lostschool_2:staticprop:14,lostschool_2,models/props/cs_militia/ladderwood.mdl,"[-508.30999755859375, -303.6289978027344, -46.69599914550781]","[15.5, 0.0, 0.0]",1.0,[],,unmapped,,,False,False,,,,0,owner-reviewed: access/structural or breakable geometry; preserve verified native NAV and passage layout; Source collision/damage model absent,True,"2027, 79, 13",0,0,Block{minecraft:spruce_planks},0,0
lostschool_2:staticprop:15,lostschool_2,models/props/de_inferno/bed.mdl,"[-464.30999755859375, -351.0, -2.7059900760650635]","[0.0, 270.5, 0.0]",1.0,[],bed,placed_display,"[2028, 79, 13]","[-0.763061, 0.0, -1.493398]",True,False,0.9333,no_support_at_source_xz,zero-hitbox Source-pose display,9,,True,"2028, 80, 13",13,2,Block{minecraft:air},0,9
lostschool_2:staticprop:16,lostschool_2,models/props/de_inferno/bed.mdl,"[-464.30999755859375, -257.0, -2.7059900760650635]","[0.0, 270.5, 0.0]",1.0,[],bed,placed_display,"[2028, 80, 11]","[-0.749971, 0.11275, 0.006545]",True,False,1.0,no_support_at_source_xz,zero-hitbox Source-pose display,9,,True,"2028, 81, 11",12,0,Block{minecraft:air},0,9
lostschool_2:staticprop:17,lostschool_2,models/props/de_inferno/bed.mdl,"[-706.3099975585938, -352.0, -2.7059900760650635]","[0.0, 270.5, 0.0]",1.0,[],bed,placed_display,"[2019, 80, 13]","[-0.010908, 0.11275, -1.249952]",True,False,1.0,protected_navigation_or_gameplay,zero-hitbox Source-pose display,9,,True,"2019, 81, 13",13,4,Block{minecraft:air},0,9
lostschool_2:staticprop:18,lostschool_2,models/props/de_inferno/bed.mdl,"[-706.3099975585938, -258.0, -2.7059900760650635]","[0.0, 270.5, 0.0]",1.0,[],bed,placed_display,"[2019, 80, 11]","[0.0, 0.11275, 0.0]",True,False,1.0,protected_navigation_or_gameplay,zero-hitbox Source-pose display,9,,True,"2019, 81, 11",12,2,Block{minecraft:air},0,9
lostschool_2:staticprop:19,lostschool_2,models/props_downtown/metal_window01_8.mdl,"[-624.989990234375, -529.0, -37.362998962402344]","[0.0, 0.0, 0.0]",1.0,[],,unmapped,,,False,False,,,,0,owner-reviewed: separate opening/control geometry; preserve native room/checkpoint door behaviour; no static fake closed doors,True,"2022, 80, 22",10,14,Block{minecraft:air},0,0
lostschool_2:staticprop:20,lostschool_2,models/props_downtown/metal_window01_8.mdl,"[-526.989990234375, -529.0, -37.362998962402344]","[0.0, 0.0, 0.0]",1.0,[],,unmapped,,,False,False,,,,0,owner-reviewed: separate opening/control geometry; preserve native room/checkpoint door behaviour; no static fake closed doors,True,"2026, 80, 22",0,0,Block{minecraft:smooth_quartz},0,0
lostschool_2:staticprop:21,lostschool_2,models/props_interiors/bathroomsink01.mdl,"[-687.989990234375, -446.0, -29.70599937438965]","[0.0, 0.0, 0.0]",1.0,[],bathroom_sink,placed_display,"[2019, 79, 19]","[0.0, 0.23775, 0.0]",True,False,1.0,reviewed_accessory_requires_pose_preserving_display,zero-hitbox Source-pose display,4,,True,"2019, 80, 19",12,11,Block{minecraft:air},0,4
lostschool_2:staticprop:22,lostschool_2,models/props/de_nuke/window01.mdl,"[-472.989990234375, -535.0, -3.3629798889160156]","[0.0, 269.0, 0.0]",1.0,[],,unmapped,,,False,False,,,,0,owner-reviewed: separate opening/control geometry; preserve native room/checkpoint door behaviour; no static fake closed doors,True,"2028, 81, 22",0,0,Block{minecraft:smooth_quartz},0,0
lostschool_2:staticprop:23,lostschool_2,models/props/cs_militia/ladderwood.mdl,"[-664.3099975585938, -303.6289978027344, -46.69599914550781]","[15.5, 180.0, 0.0]",1.0,[],,unmapped,,,False,False,,,,0,owner-reviewed: access/structural or breakable geometry; preserve verified native NAV and passage layout; Source collision/damage model absent,True,"2020, 79, 13",13,2,Block{minecraft:air},0,0
lostschool_2:staticprop:24,lostschool_2,models/props_urban/hotel_bathroom_showerhead001.mdl,"[-438.989990234375, -494.0, 10.293999671936035]","[0.0, 180.0, 0.0]",1.0,[],showerhead,placed_display,"[2028, 80, 21]","[-1.25, 0.0, -0.0]",True,False,1.0,reviewed_accessory_requires_pose_preserving_display,zero-hitbox Source-pose display,3,,True,"2028, 81, 21",7,12,Block{minecraft:air},0,3
lostschool_2:staticprop:25,lostschool_2,models/props_interiors/toilet_d.mdl,"[-466.989990234375, -412.0, -79.70600128173828]","[0.0, 270.0, 0.0]",1.0,[],toilet,placed_display,"[2028, 77, 17]","[-0.5, 0.321083, -0.0]",True,False,1.0,reviewed_accessory_requires_pose_preserving_display,zero-hitbox Source-pose display,4,,True,"2028, 78, 17",9,8,Block{minecraft:air},0,4
lostschool_2:staticprop:26,lostschool_2,models/props/cs_office/light_inset.mdl,"[-475.989990234375, -472.0, 89.29399871826172]","[0.0, 0.0, 0.0]",1.0,[],fixture,placed_display,"[2028, 82, 20]","[0.0, -0.75, 0.0]",True,False,0.7,existing_geometry_or_prior_prop,zero-hitbox Source-pose display,2,,True,"2028, 83, 20",0,0,Block{minecraft:white_concrete},0,2
lostschool_2:staticprop:27,lostschool_2,models/props/de_nuke/wall_light.mdl,"[-566.4099731445312, -401.0, 91.29399871826172]","[60.0, 90.0, 180.0]",1.0,[],fixture,placed_display,"[2024, 81, 17]","[0.0, -2.25, 0.0]",True,False,1.0,tilted_or_scaled_model,zero-hitbox Source-pose display,2,,True,"2024, 82, 17",13,7,Block{minecraft:air},0,2
lostschool_2:staticprop:28,lostschool_2,models/props/cs_militia/ladderwood.mdl,"[-681.6900024414062, 111.62899780273438, -287.32501220703125]","[15.5, 180.0, 0.0]",1.0,[],,unmapped,,,False,False,,,,0,owner-reviewed: access/structural or breakable geometry; preserve verified native NAV and passage layout; Source collision/damage model absent,True,"2020, 69, -5",12,3,Block{minecraft:air},0,0
lostschool_2:staticprop:29,lostschool_2,models/props/de_inferno/bed.mdl,"[-725.6900024414062, 159.0, -243.3350067138672]","[0.0, 90.5, 0.0]",1.0,[],bed,placed_display,"[2018, 70, -6]","[0.002182, 0.138959, 0.24999]",True,False,1.0,bed_head_unsupported,zero-hitbox Source-pose display,9,,True,"2018, 71, -6",14,1,Block{minecraft:air},0,9
lostschool_2:staticprop:30,lostschool_2,models/props/de_inferno/bed.mdl,"[-725.6900024414062, 65.00029754638672, -243.3350067138672]","[0.0, 90.5, 0.0]",1.0,[],bed,placed_display,"[2018, 70, -3]","[0.0, 0.25, 0.0]",True,False,1.0,protected_navigation_or_gameplay,zero-hitbox Source-pose display,9,,True,"2018, 71, -3",13,0,Block{minecraft:air},0,9
lostschool_2:staticprop:31,lostschool_2,models/props/de_inferno/bed.mdl,"[-483.69000244140625, 160.0, -243.3350067138672]","[0.0, 90.5, 0.0]",1.0,[],bed,placed_display,"[2027, 70, -5]","[-0.739063, 0.138959, 1.256497]",True,False,0.9222,protected_navigation_or_gameplay,zero-hitbox Source-pose display,9,,True,"2027, 71, -5",12,1,Block{minecraft:air},0,9
lostschool_2:staticprop:32,lostschool_2,models/props/de_inferno/bed.mdl,"[-483.69000244140625, 66.00029754638672, -243.3350067138672]","[0.0, 90.5, 0.0]",1.0,[],bed,placed_display,"[2027, 69, -3]","[-0.999962, 0.0, 0.008727]",True,False,0.9556,no_support_at_source_xz,zero-hitbox Source-pose display,9,,True,"2027, 70, -3",11,0,Block{minecraft:air},0,9
lostschool_2:staticprop:33,lostschool_2,models/props_downtown/metal_window01_8.mdl,"[-565.010009765625, 337.0, -277.99200439453125]","[0.0, 180.0, 0.0]",1.0,[],,unmapped,,,False,False,,,,0,owner-reviewed: separate opening/control geometry; preserve native room/checkpoint door behaviour; no static fake closed doors,True,"2024, 70, -14",11,13,Block{minecraft:air},0,0
lostschool_2:staticprop:34,lostschool_2,models/props_downtown/metal_window01_8.mdl,"[-663.010009765625, 337.0, -277.99200439453125]","[0.0, 180.0, 0.0]",1.0,[],,unmapped,,,False,False,,,,0,owner-reviewed: separate opening/control geometry; preserve native room/checkpoint door behaviour; no static fake closed doors,True,"2020, 70, -14",10,12,Block{minecraft:air},0,0
lostschool_2:staticprop:35,lostschool_2,models/props_interiors/bathroomsink01.mdl,"[-502.010009765625, 254.0, -270.3349914550781]","[0.0, 180.0, 0.0]",1.0,[],bathroom_sink,placed_display,"[2027, 69, -11]","[0.0, 0.263958, 0.0]",True,False,1.0,reviewed_accessory_requires_pose_preserving_display,zero-hitbox Source-pose display,4,,True,"2027, 70, -11",11,10,Block{minecraft:air},0,4
lostschool_2:staticprop:36,lostschool_2,models/props/de_nuke/window01.mdl,"[-717.010009765625, 343.0, -243.99200439453125]","[0.0, 89.0, 0.0]",1.0,[],,unmapped,,,False,False,,,,0,owner-reviewed: separate opening/control geometry; preserve native room/checkpoint door behaviour; no static fake closed doors,True,"2018, 71, -14",7,12,Block{minecraft:air},0,0
lostschool_2:staticprop:37,lostschool_2,models/props/cs_militia/ladderwood.mdl,"[-525.6900024414062, 111.62899780273438, -287.32501220703125]","[15.5, 0.0, 0.0]",1.0,[],,unmapped,,,False,False,,,,0,owner-reviewed: access/structural or breakable geometry; preserve verified native NAV and passage layout; Source collision/damage model absent,True,"2026, 69, -5",11,1,Block{minecraft:air},0,0
lostschool_2:staticprop:38,lostschool_2,models/props_urban/hotel_bathroom_showerhead001.mdl,"[-751.010009765625, 302.0, -230.3350067138672]","[0.0, 0.0, 0.0]",1.0,[],showerhead,placed_display,"[2017, 70, -13]","[0.0, 0.0, 0.0]",True,False,1.0,reviewed_accessory_requires_pose_preserving_display,zero-hitbox Source-pose display,3,,True,"2017, 71, -13",7,11,Block{minecraft:air},0,3
lostschool_2:staticprop:39,lostschool_2,models/props_interiors/toilet_d.mdl,"[-723.010009765625, 220.0, -320.3349914550781]","[0.0, 90.0, 0.0]",1.0,[],toilet,placed_display,"[2018, 67, -10]","[-0.0, 0.347291, -0.75]",True,False,1.0,reviewed_accessory_requires_pose_preserving_display,zero-hitbox Source-pose display,4,,True,"2018, 68, -10",9,8,Block{minecraft:air},0,4
lostschool_2:staticprop:40,lostschool_2,models/props/cs_office/light_inset.mdl,"[-714.010009765625, 280.0, -151.3350067138672]","[0.0, 180.0, 0.0]",1.0,[],fixture,placed_display,"[2018, 72, -12]","[0.0, -0.75, 0.0]",True,False,0.7,existing_geometry_or_prior_prop,zero-hitbox Source-pose display,2,,True,"2018, 73, -12",0,0,Block{minecraft:white_concrete},0,2
lostschool_2:staticprop:41,lostschool_2,models/props/de_nuke/wall_light.mdl,"[-623.5900268554688, 209.0, -149.3350067138672]","[60.0, 270.0, 180.0]",1.0,[],fixture,placed_display,"[2022, 71, -9]","[0.0, -2.0, 0.0]",True,False,1.0,tilted_or_scaled_model,zero-hitbox Source-pose display,2,,True,"2022, 72, -9",0,0,Block{minecraft:white_concrete},0,2
lostschool_2:staticprop:42,lostschool_2,models/props/cs_militia/ladderwood.mdl,"[148.69700622558594, -303.6289978027344, -287.3299865722656]","[15.5, 0.0, 0.0]",1.0,[],,unmapped,,,False,False,,,,0,owner-reviewed: access/structural or breakable geometry; preserve verified native NAV and passage layout; Source collision/damage model absent,True,"2054, 69, 13",14,3,Block{minecraft:air},0,0
lostschool_2:staticprop:43,lostschool_2,models/props/de_inferno/bed.mdl,"[192.69700622558594, -351.0, -243.33999633789062]","[0.0, 270.5, 0.0]",1.0,[],bed,placed_display,"[2056, 70, 13]","[-0.510889, 0.139167, -1.245589]",True,False,1.0,protected_navigation_or_gameplay,zero-hitbox Source-pose display,9,,True,"2056, 71, 13",13,0,Block{minecraft:air},0,9
lostschool_2:staticprop:44,lostschool_2,models/props/de_inferno/bed.mdl,"[192.69700622558594, -257.0, -243.33999633789062]","[0.0, 270.5, 0.0]",1.0,[],bed,placed_display,"[2056, 70, 11]","[-0.24999, 0.139167, 0.002182]",True,False,1.0,protected_navigation_or_gameplay,zero-hitbox Source-pose display,9,,True,"2056, 71, 11",11,0,Block{minecraft:air},0,9
lostschool_2:staticprop:45,lostschool_2,models/props/de_inferno/bed.mdl,"[-49.303199768066406, -352.0, -243.33999633789062]","[0.0, 270.5, 0.0]",1.0,[],bed,placed_display,"[2046, 70, 13]","[-0.010908, 0.139167, -1.249952]",True,False,1.0,protected_navigation_or_gameplay,zero-hitbox Source-pose display,9,,True,"2046, 71, 13",13,4,Block{minecraft:air},0,9
lostschool_2:staticprop:46,lostschool_2,models/props/de_inferno/bed.mdl,"[-49.303199768066406, -258.0, -243.33999633789062]","[0.0, 270.5, 0.0]",1.0,[],bed,placed,"[2046, 70, 11]",0,False,True,,,,0,,True,"2046, 71, 11",12,2,Block{minecraft:air},0,0
lostschool_2:staticprop:47,lostschool_2,models/props_downtown/metal_window01_8.mdl,"[32.01679992675781, -529.0, -277.99700927734375]","[0.0, 0.0, 0.0]",1.0,[],,unmapped,,,False,False,,,,0,owner-reviewed: separate opening/control geometry; preserve native room/checkpoint door behaviour; no static fake closed doors,True,"2049, 70, 22",10,14,Block{minecraft:air},0,0
lostschool_2:staticprop:48,lostschool_2,models/props_downtown/metal_window01_8.mdl,"[130.01699829101562, -529.0, -277.99700927734375]","[0.0, 0.0, 0.0]",1.0,[],,unmapped,,,False,False,,,,0,owner-reviewed: separate opening/control geometry; preserve native room/checkpoint door behaviour; no static fake closed doors,True,"2053, 70, 22",0,0,Block{minecraft:smooth_quartz},0,0
lostschool_2:staticprop:49,lostschool_2,models/props_interiors/bathroomsink01.mdl,"[-30.983200073242188, -446.0, -270.3399963378906]","[0.0, 0.0, 0.0]",1.0,[],bathroom_sink,placed_display,"[2047, 69, 19]","[0.0, 0.264167, 0.0]",True,False,1.0,reviewed_accessory_requires_pose_preserving_display,zero-hitbox Source-pose display,4,,True,"2047, 70, 19",13,11,Block{minecraft:air},0,4
lostschool_2:staticprop:50,lostschool_2,models/props/de_nuke/window01.mdl,"[184.01699829101562, -535.0, -243.9969940185547]","[0.0, 269.0, 0.0]",1.0,[],,unmapped,,,False,False,,,,0,owner-reviewed: separate opening/control geometry; preserve native room/checkpoint door behaviour; no static fake closed doors,True,"2056, 71, 22",0,0,Block{minecraft:smooth_quartz},0,0
lostschool_2:staticprop:51,lostschool_2,models/props/cs_militia/ladderwood.mdl,"[-7.303249835968018, -303.6289978027344, -287.3299865722656]","[15.5, 180.0, 0.0]",1.0,[],,unmapped,,,False,False,,,,0,owner-reviewed: access/structural or breakable geometry; preserve verified native NAV and passage layout; Source collision/damage model absent,True,"2048, 69, 13",13,3,Block{minecraft:air},0,0
lostschool_2:staticprop:52,lostschool_2,models/props_urban/hotel_bathroom_showerhead001.mdl,"[218.01699829101562, -494.0, -230.33999633789062]","[0.0, 180.0, 0.0]",1.0,[],showerhead,placed_display,"[2056, 70, 21]","[-0.75, 0.0, -0.0]",True,False,1.0,reviewed_accessory_requires_pose_preserving_display,zero-hitbox Source-pose display,3,,True,"2056, 71, 21",6,11,Block{minecraft:air},0,3
lostschool_2:staticprop:53,lostschool_2,models/props_interiors/toilet_d.mdl,"[190.01699829101562, -412.0, -320.3399963378906]","[0.0, 270.0, 0.0]",1.0,[],toilet,placed_display,"[2056, 67, 17]","[0.0, 0.3475, 0.0]",True,False,1.0,reviewed_accessory_requires_pose_preserving_display,zero-hitbox Source-pose display,4,,True,"2056, 68, 17",8,7,Block{minecraft:air},0,4
lostschool_2:staticprop:54,lostschool_2,models/props/cs_office/light_inset.mdl,"[181.01699829101562, -472.0, -151.33999633789062]","[0.0, 0.0, 0.0]",1.0,[],fixture,placed_display,"[2056, 72, 20]","[0.0, -0.75, 0.0]",True,False,1.0,existing_geometry_or_prior_prop,zero-hitbox Source-pose display,2,,True,"2056, 73, 20",0,0,Block{minecraft:white_concrete},0,2
lostschool_2:staticprop:55,lostschool_2,models/props/de_nuke/wall_light.mdl,"[90.5968017578125, -401.0, -149.33999633789062]","[60.0, 90.0, -180.0]",1.0,[],fixture,placed_display,"[2052, 71, 17]","[0.0, -2.0, 0.0]",True,False,1.0,tilted_or_scaled_model,zero-hitbox Source-pose display,2,,True,"2052, 72, 17",14,7,Block{minecraft:air},0,2
lostschool_2:staticprop:56,lostschool_2,models/props/de_nuke/window01.mdl,"[271.9880065917969, 343.0, -482.99200439453125]","[0.0, 89.0, 0.0]",1.0,[],,unmapped,,,False,False,,,,0,owner-reviewed: separate opening/control geometry; preserve native room/checkpoint door behaviour; no static fake closed doors,True,"2059, 61, -14",0,12,Block{minecraft:air},0,0
lostschool_2:staticprop:57,lostschool_2,models/props_downtown/metal_window01_8.mdl,"[325.9880065917969, 337.0, -516.9920043945312]","[0.0, 180.0, 0.0]",1.0,[],,unmapped,,,False,False,,,,0,owner-reviewed: separate opening/control geometry; preserve native room/checkpoint door behaviour; no static fake closed doors,True,"2062, 60, -14",0,13,Block{minecraft:air},0,0
lostschool_2:staticprop:58,lostschool_2,models/props_downtown/metal_window01_8.mdl,"[423.9880065917969, 337.0, -516.9920043945312]","[0.0, 180.0, 0.0]",1.0,[],,unmapped,,,False,False,,,,0,owner-reviewed: separate opening/control geometry; preserve native room/checkpoint door behaviour; no static fake closed doors,True,"2066, 60, -14",0,13,Block{minecraft:air},0,0
lostschool_2:staticprop:59,lostschool_2,models/props/de_nuke/window01.mdl,"[-60.012298583984375, 343.0, -482.99200439453125]","[0.0, 89.0, 0.0]",1.0,[],,unmapped,,,False,False,,,,0,owner-reviewed: separate opening/control geometry; preserve native room/checkpoint door behaviour; no static fake closed doors,True,"2045, 61, -14",0,12,Block{minecraft:air},0,0
lostschool_2:staticprop:60,lostschool_2,models/props_downtown/metal_window01_8.mdl,"[-6.012269973754883, 337.0, -516.9920043945312]","[0.0, 180.0, 0.0]",1.0,[],,unmapped,,,False,False,,,,0,owner-reviewed: separate opening/control geometry; preserve native room/checkpoint door behaviour; no static fake closed doors,True,"2048, 60, -14",0,13,Block{minecraft:air},0,0
lostschool_2:staticprop:61,lostschool_2,models/props_downtown/metal_window01_8.mdl,"[91.98770141601562, 337.0, -516.9920043945312]","[0.0, 180.0, 0.0]",1.0,[],,unmapped,,,False,False,,,,0,owner-reviewed: separate opening/control geometry; preserve native room/checkpoint door behaviour; no static fake closed doors,True,"2052, 60, -14",0,13,Block{minecraft:air},0,0
lostschool_2:staticprop:62,lostschool_2,models/props/de_nuke/window01.mdl,"[-392.0119934082031, 343.0, -482.99200439453125]","[0.0, 89.0, 0.0]",1.0,[],,unmapped,,,False,False,,,,0,owner-reviewed: separate opening/control geometry; preserve native room/checkpoint door behaviour; no static fake closed doors,True,"2032, 61, -14",0,11,Block{minecraft:air},0,0
lostschool_2:staticprop:63,lostschool_2,models/props_downtown/metal_window01_8.mdl,"[-338.0119934082031, 337.0, -516.9920043945312]","[0.0, 180.0, 0.0]",1.0,[],,unmapped,,,False,False,,,,0,owner-reviewed: separate opening/control geometry; preserve native room/checkpoint door behaviour; no static fake closed doors,True,"2034, 60, -14",0,13,Block{minecraft:air},0,0
lostschool_2:staticprop:64,lostschool_2,models/props_downtown/metal_window01_8.mdl,"[-240.01199340820312, 337.0, -516.9920043945312]","[0.0, 180.0, 0.0]",1.0,[],,unmapped,,,False,False,,,,0,owner-reviewed: separate opening/control geometry; preserve native room/checkpoint door behaviour; no static fake closed doors,True,"2038, 60, -14",0,13,Block{minecraft:air},0,0
lostschool_2:staticprop:65,lostschool_2,models/props/de_nuke/window01.mdl,"[-717.0120239257812, 343.0, -482.99200439453125]","[0.0, 89.0, 0.0]",1.0,[],,unmapped,,,False,False,,,,0,owner-reviewed: separate opening/control geometry; preserve native room/checkpoint door behaviour; no static fake closed doors,True,"2018, 61, -14",0,12,Block{minecraft:air},0,0
lostschool_2:staticprop:66,lostschool_2,models/props_downtown/metal_window01_8.mdl,"[-663.0120239257812, 337.0, -516.9920043945312]","[0.0, 180.0, 0.0]",1.0,[],,unmapped,,,False,False,,,,0,owner-reviewed: separate opening/control geometry; preserve native room/checkpoint door behaviour; no static fake closed doors,True,"2020, 60, -14",0,12,Block{minecraft:air},0,0
lostschool_2:staticprop:67,lostschool_2,models/props_downtown/metal_window01_8.mdl,"[-565.0120239257812, 337.0, -516.9920043945312]","[0.0, 180.0, 0.0]",1.0,[],,unmapped,,,False,False,,,,0,owner-reviewed: separate opening/control geometry; preserve native room/checkpoint door behaviour; no static fake closed doors,True,"2024, 60, -14",0,13,Block{minecraft:air},0,0
lostschool_2:staticprop:68,lostschool_2,models/props/de_nuke/window01.mdl,"[271.9880065917969, 343.0199890136719, -243.99200439453125]","[0.0, 89.0, 0.0]",1.0,[],,unmapped,,,False,False,,,,0,owner-reviewed: separate opening/control geometry; preserve native room/checkpoint door behaviour; no static fake closed doors,True,"2059, 71, -14",0,12,Block{minecraft:air},0,0
lostschool_2:staticprop:69,lostschool_2,models/props_downtown/metal_window01_8.mdl,"[325.9880065917969, 337.0199890136719, -277.99200439453125]","[0.0, 180.0, 0.0]",1.0,[],,unmapped,,,False,False,,,,0,owner-reviewed: separate opening/control geometry; preserve native room/checkpoint door behaviour; no static fake closed doors,True,"2062, 70, -14",0,13,Block{minecraft:air},0,0
lostschool_2:staticprop:70,lostschool_2,models/props_downtown/metal_window01_8.mdl,"[423.9880065917969, 337.0199890136719, -277.99200439453125]","[0.0, 180.0, 0.0]",1.0,[],,unmapped,,,False,False,,,,0,owner-reviewed: separate opening/control geometry; preserve native room/checkpoint door behaviour; no static fake closed doors,True,"2066, 70, -14",0,13,Block{minecraft:air},0,0
lostschool_2:staticprop:71,lostschool_2,models/props/de_nuke/window01.mdl,"[516.0120239257812, -535.02001953125, -243.99200439453125]","[0.0, 269.0, 0.0]",1.0,[],,unmapped,,,False,False,,,,0,owner-reviewed: separate opening/control geometry; preserve native room/checkpoint door behaviour; no static fake closed doors,True,"2070, 71, 22",0,0,Block{minecraft:smooth_quartz},0,0
lostschool_2:staticprop:72,lostschool_2,models/props_downtown/metal_window01_8.mdl,"[462.0119934082031, -529.02001953125, -277.99200439453125]","[0.0, 0.0, 0.0]",1.0,[],,unmapped,,,False,False,,,,0,owner-reviewed: separate opening/control geometry; preserve native room/checkpoint door behaviour; no static fake closed doors,True,"2067, 70, 22",0,0,Block{minecraft:smooth_quartz},0,0
lostschool_2:staticprop:73,lostschool_2,models/props_downtown/metal_window01_8.mdl,"[364.0119934082031, -529.02001953125, -277.99200439453125]","[0.0, 0.0, 0.0]",1.0,[],,unmapped,,,False,False,,,,0,owner-reviewed: separate opening/control geometry; preserve native room/checkpoint door behaviour; no static fake closed doors,True,"2063, 70, 22",0,14,Block{minecraft:air},0,0
lostschool_2:staticprop:74,lostschool_2,models/props/de_nuke/window01.mdl,"[516.0120239257812, -544.0, -482.99200439453125]","[0.0, 269.0, 0.0]",1.0,[],,unmapped,,,False,False,,,,0,owner-reviewed: separate opening/control geometry; preserve native room/checkpoint door behaviour; no static fake closed doors,True,"2070, 61, 23",0,15,Block{minecraft:air},0,0
lostschool_2:staticprop:75,lostschool_2,models/props_downtown/metal_window01_8.mdl,"[462.0119934082031, -538.0, -516.9920043945312]","[0.0, 0.0, 0.0]",1.0,[],,unmapped,,,False,False,,,,0,owner-reviewed: separate opening/control geometry; preserve native room/checkpoint door behaviour; no static fake closed doors,True,"2067, 60, 22",0,0,Block{minecraft:smooth_quartz},0,0
lostschool_2:staticprop:76,lostschool_2,models/props_downtown/metal_window01_8.mdl,"[364.0119934082031, -538.0, -516.9920043945312]","[0.0, 0.0, 0.0]",1.0,[],,unmapped,,,False,False,,,,0,owner-reviewed: separate opening/control geometry; preserve native room/checkpoint door behaviour; no static fake closed doors,True,"2063, 60, 22",0,14,Block{minecraft:air},0,0
lostschool_2:staticprop:77,lostschool_2,models/props/de_nuke/window01.mdl,"[191.01199340820312, -544.0, -482.99200439453125]","[0.0, 269.0, 0.0]",1.0,[],,unmapped,,,False,False,,,,0,owner-reviewed: separate opening/control geometry; preserve native room/checkpoint door behaviour; no static fake closed doors,True,"2056, 61, 23",0,15,Block{minecraft:air},0,0
lostschool_2:staticprop:78,lostschool_2,models/props_downtown/metal_window01_8.mdl,"[137.01199340820312, -538.0, -516.9920043945312]","[0.0, 0.0, 0.0]",1.0,[],,unmapped,,,False,False,,,,0,owner-reviewed: separate opening/control geometry; preserve native room/checkpoint door behaviour; no static fake closed doors,True,"2054, 60, 22",0,0,Block{minecraft:smooth_quartz},0,0
lostschool_2:staticprop:79,lostschool_2,models/props_downtown/metal_window01_8.mdl,"[39.012298583984375, -538.0, -516.9920043945312]","[0.0, 0.0, 0.0]",1.0,[],,unmapped,,,False,False,,,,0,owner-reviewed: separate opening/control geometry; preserve native room/checkpoint door behaviour; no static fake closed doors,True,"2050, 60, 22",1,14,Block{minecraft:air},0,0
lostschool_2:staticprop:80,lostschool_2,models/props/de_nuke/window01.mdl,"[-140.98800659179688, -544.0, -482.99200439453125]","[0.0, 269.0, 0.0]",1.0,[],,unmapped,,,False,False,,,,0,owner-reviewed: separate opening/control geometry; preserve native room/checkpoint door behaviour; no static fake closed doors,True,"2042, 61, 23",1,15,Block{minecraft:air},0,0
lostschool_2:staticprop:81,lostschool_2,models/props_downtown/metal_window01_8.mdl,"[-194.98800659179688, -538.0, -516.9920043945312]","[0.0, 0.0, 0.0]",1.0,[],,unmapped,,,False,False,,,,0,owner-reviewed: separate opening/control geometry; preserve native room/checkpoint door behaviour; no static fake closed doors,True,"2040, 60, 22",0,0,Block{minecraft:smooth_quartz},0,0
lostschool_2:staticprop:82,lostschool_2,models/props_downtown/metal_window01_8.mdl,"[-292.9880065917969, -538.0, -516.9920043945312]","[0.0, 0.0, 0.0]",1.0,[],,unmapped,,,False,False,,,,0,owner-reviewed: separate opening/control geometry; preserve native room/checkpoint door behaviour; no static fake closed doors,True,"2036, 60, 22",0,14,Block{minecraft:air},0,0
lostschool_2:staticprop:83,lostschool_2,models/props/de_nuke/window01.mdl,"[-472.9880065917969, -544.0, -482.99200439453125]","[0.0, 269.0, 0.0]",1.0,[],,unmapped,,,False,False,,,,0,owner-reviewed: separate opening/control geometry; preserve native room/checkpoint door behaviour; no static fake closed doors,True,"2028, 61, 23",0,15,Block{minecraft:air},0,0
lostschool_2:staticprop:84,lostschool_2,models/props_downtown/metal_window01_8.mdl,"[-526.9879760742188, -538.0, -516.9920043945312]","[0.0, 0.0, 0.0]",1.0,[],,unmapped,,,False,False,,,,0,owner-reviewed: separate opening/control geometry; preserve native room/checkpoint door behaviour; no static fake closed doors,True,"2026, 60, 22",0,0,Block{minecraft:smooth_quartz},0,0
lostschool_2:staticprop:85,lostschool_2,models/props_downtown/metal_window01_8.mdl,"[-624.9879760742188, -538.0, -516.9920043945312]","[0.0, 0.0, 0.0]",1.0,[],,unmapped,,,False,False,,,,0,owner-reviewed: separate opening/control geometry; preserve native room/checkpoint door behaviour; no static fake closed doors,True,"2022, 60, 22",0,14,Block{minecraft:air},0,0
lostschool_2:staticprop:86,lostschool_2,models/props/de_nuke/window01.mdl,"[848.0120239257812, -544.0, -482.99200439453125]","[0.0, 269.0, 0.0]",1.0,[],,unmapped,,,False,False,,,,0,owner-reviewed: separate opening/control geometry; preserve native room/checkpoint door behaviour; no static fake closed doors,True,"2083, 61, 23",0,15,Block{minecraft:air},0,0
lostschool_2:staticprop:87,lostschool_2,models/props_downtown/metal_window01_8.mdl,"[794.0120239257812, -538.0, -516.9920043945312]","[0.0, 0.0, 0.0]",1.0,[],,unmapped,,,False,False,,,,0,owner-reviewed: separate opening/control geometry; preserve native room/checkpoint door behaviour; no static fake closed doors,True,"2081, 60, 22",0,0,Block{minecraft:smooth_quartz},0,0
lostschool_2:staticprop:88,lostschool_2,models/props_downtown/metal_window01_8.mdl,"[696.0120239257812, -538.0, -516.9920043945312]","[0.0, 0.0, 0.0]",1.0,[],,unmapped,,,False,False,,,,0,owner-reviewed: separate opening/control geometry; preserve native room/checkpoint door behaviour; no static fake closed doors,True,"2077, 60, 22",0,14,Block{minecraft:air},0,0
lostschool_2:staticprop:89,lostschool_2,models/props/de_nuke/window01.mdl,"[603.9879760742188, 343.0, -482.99200439453125]","[0.0, 89.0, 0.0]",1.0,[],,unmapped,,,False,False,,,,0,owner-reviewed: separate opening/control geometry; preserve native room/checkpoint door behaviour; no static fake closed doors,True,"2073, 61, -14",0,12,Block{minecraft:air},0,0
lostschool_2:staticprop:90,lostschool_2,models/props_downtown/metal_window01_8.mdl,"[755.9879760742188, 337.0, -516.9920043945312]","[0.0, 180.0, 0.0]",1.0,[],,unmapped,,,False,False,,,,0,owner-reviewed: separate opening/control geometry; preserve native room/checkpoint door behaviour; no static fake closed doors,True,"2079, 60, -14",0,13,Block{minecraft:air},0,0
lostschool_2:staticprop:91,lostschool_2,models/props/de_nuke/window01.mdl,"[1513.77001953125, -549.0, -482.99200439453125]","[0.0, 268.9939880371094, 0.0]",1.0,[],,unmapped,,,False,False,,,,0,owner-reviewed: separate opening/control geometry; preserve native room/checkpoint door behaviour; no static fake closed doors,True,"2111, 61, 23",0,15,Block{minecraft:air},0,0
lostschool_2:staticprop:92,lostschool_2,models/props_downtown/metal_window01_8.mdl,"[1459.449951171875, -543.0, -516.9920043945312]","[0.0, 0.0, 0.0]",1.0,[],,unmapped,,,False,False,,,,0,owner-reviewed: separate opening/control geometry; preserve native room/checkpoint door behaviour; no static fake closed doors,True,"2109, 60, 23",0,15,Block{minecraft:air},0,0
lostschool_2:staticprop:93,lostschool_2,models/props_downtown/metal_window01_8.mdl,"[1360.8499755859375, -543.0, -516.9920043945312]","[0.0, 0.0, 0.0]",1.0,[],,unmapped,,,False,False,,,,0,owner-reviewed: separate opening/control geometry; preserve native room/checkpoint door behaviour; no static fake closed doors,True,"2105, 60, 23",0,15,Block{minecraft:air},0,0
lostschool_2:staticprop:94,lostschool_2,models/props/de_nuke/window01.mdl,"[1847.780029296875, -549.0, -482.99200439453125]","[0.0, 268.9939880371094, 0.0]",1.0,[],,unmapped,,,False,False,,,,0,owner-reviewed: separate opening/control geometry; preserve native room/checkpoint door behaviour; no static fake closed doors,True,"2125, 61, 23",1,15,Block{minecraft:air},0,0
lostschool_2:staticprop:95,lostschool_2,models/props_downtown/metal_window01_8.mdl,"[1793.449951171875, -543.0, -516.9920043945312]","[0.0, 0.0, 0.0]",1.0,[],,unmapped,,,False,False,,,,0,owner-reviewed: separate opening/control geometry; preserve native room/checkpoint door behaviour; no static fake closed doors,True,"2123, 60, 23",0,15,Block{minecraft:air},0,0
lostschool_2:staticprop:96,lostschool_2,models/props_downtown/metal_window01_8.mdl,"[1694.8599853515625, -543.0, -516.9920043945312]","[0.0, 0.0, 0.0]",1.0,[],,unmapped,,,False,False,,,,0,owner-reviewed: separate opening/control geometry; preserve native room/checkpoint door behaviour; no static fake closed doors,True,"2119, 60, 23",0,15,Block{minecraft:air},0,0
lostschool_2:staticprop:97,lostschool_2,models/props/de_nuke/window01.mdl,"[1595.239990234375, 338.0, -482.99200439453125]","[0.0, 88.99400329589844, 0.0]",1.0,[],,unmapped,,,False,False,,,,0,owner-reviewed: separate opening/control geometry; preserve native room/checkpoint door behaviour; no static fake closed doors,True,"2114, 61, -14",0,0,Block{minecraft:smooth_quartz},0,0
lostschool_2:staticprop:98,lostschool_2,models/props_downtown/metal_window01_8.mdl,"[1748.1600341796875, 332.0, -516.9920043945312]","[0.0, 180.0, 0.0]",1.0,[],,unmapped,,,False,False,,,,0,owner-reviewed: separate opening/control geometry; preserve native room/checkpoint door behaviour; no static fake closed doors,True,"2121, 60, -14",0,13,Block{minecraft:air},0,0
lostschool_2:staticprop:99,lostschool_2,models/props/de_nuke/window01.mdl,"[2181.780029296875, -549.0, -482.99200439453125]","[0.0, 268.9939880371094, 0.0]",1.0,[],,unmapped,,,False,False,,,,0,owner-reviewed: separate opening/control geometry; preserve native room/checkpoint door behaviour; no static fake closed doors,True,"2139, 61, 23",0,15,Block{minecraft:air},0,0
lostschool_2:staticprop:100,lostschool_2,models/props_downtown/metal_window01_8.mdl,"[2127.449951171875, -543.0, -516.9920043945312]","[0.0, 0.0, 0.0]",1.0,[],,unmapped,,,False,False,,,,0,owner-reviewed: separate opening/control geometry; preserve native room/checkpoint door behaviour; no static fake closed doors,True,"2137, 60, 23",1,15,Block{minecraft:air},0,0
lostschool_2:staticprop:101,lostschool_2,models/props_downtown/metal_window01_8.mdl,"[2028.8599853515625, -543.0, -516.9920043945312]","[0.0, 0.0, 0.0]",1.0,[],,unmapped,,,False,False,,,,0,owner-reviewed: separate opening/control geometry; preserve native room/checkpoint door behaviour; no static fake closed doors,True,"2133, 60, 23",3,15,Block{minecraft:air},0,0
lostschool_2:staticprop:102,lostschool_2,models/props/de_nuke/window01.mdl,"[2842.739990234375, -549.0, -482.99200439453125]","[0.0, 268.9939880371094, 0.0]",1.0,[],,unmapped,,,False,False,,,,0,owner-reviewed: separate opening/control geometry; preserve native room/checkpoint door behaviour; no static fake closed doors,True,"2166, 61, 23",0,15,Block{minecraft:air},0,0
lostschool_2:staticprop:103,lostschool_2,models/props_downtown/metal_window01_8.mdl,"[2788.419921875, -543.0, -516.9920043945312]","[0.0, 0.0, 0.0]",1.0,[],,unmapped,,,False,False,,,,0,owner-reviewed: separate opening/control geometry; preserve native room/checkpoint door behaviour; no static fake closed doors,True,"2164, 60, 23",0,15,Block{minecraft:air},0,0
lostschool_2:staticprop:104,lostschool_2,models/props_downtown/metal_window01_8.mdl,"[2689.830078125, -543.0, -516.9920043945312]","[0.0, 0.0, 0.0]",1.0,[],,unmapped,,,False,False,,,,0,owner-reviewed: separate opening/control geometry; preserve native room/checkpoint door behaviour; no static fake closed doors,True,"2160, 60, 23",0,15,Block{minecraft:air},0,0
lostschool_2:staticprop:105,lostschool_2,models/props/de_nuke/window01.mdl,"[2508.739990234375, -549.0, -482.99200439453125]","[0.0, 268.9939880371094, 0.0]",1.0,[],,unmapped,,,False,False,,,,0,owner-reviewed: separate opening/control geometry; preserve native room/checkpoint door behaviour; no static fake closed doors,True,"2153, 61, 23",0,15,Block{minecraft:air},0,0
lostschool_2:staticprop:106,lostschool_2,models/props_downtown/metal_window01_8.mdl,"[2454.409912109375, -543.0, -516.9920043945312]","[0.0, 0.0, 0.0]",1.0,[],,unmapped,,,False,False,,,,0,owner-reviewed: separate opening/control geometry; preserve native room/checkpoint door behaviour; no static fake closed doors,True,"2150, 60, 23",0,15,Block{minecraft:air},0,0
lostschool_2:staticprop:107,lostschool_2,models/props_downtown/metal_window01_8.mdl,"[2355.820068359375, -543.0, -516.9920043945312]","[0.0, 0.0, 0.0]",1.0,[],,unmapped,,,False,False,,,,0,owner-reviewed: separate opening/control geometry; preserve native room/checkpoint door behaviour; no static fake closed doors,True,"2146, 60, 23",0,15,Block{minecraft:air},0,0
lostschool_2:staticprop:108,lostschool_2,models/props/de_nuke/window01.mdl,"[1929.239990234375, 338.0, -482.99200439453125]","[0.0, 88.99400329589844, 0.0]",1.0,[],,unmapped,,,False,False,,,,0,owner-reviewed: separate opening/control geometry; preserve native room/checkpoint door behaviour; no static fake closed doors,True,"2128, 61, -14",0,0,Block{minecraft:smooth_quartz},0,0
lostschool_2:staticprop:109,lostschool_2,models/props_downtown/metal_window01_8.mdl,"[1983.5699462890625, 332.0, -516.9920043945312]","[0.0, 180.0, 0.0]",1.0,[],,unmapped,,,False,False,,,,0,owner-reviewed: separate opening/control geometry; preserve native room/checkpoint door behaviour; no static fake closed doors,True,"2131, 60, -14",0,13,Block{minecraft:air},0,0
lostschool_2:staticprop:110,lostschool_2,models/props_downtown/metal_window01_8.mdl,"[2082.159912109375, 332.0, -516.9920043945312]","[0.0, 180.0, 0.0]",1.0,[],,unmapped,,,False,False,,,,0,owner-reviewed: separate opening/control geometry; preserve native room/checkpoint door behaviour; no static fake closed doors,True,"2135, 60, -14",0,13,Block{minecraft:air},0,0
lostschool_2:staticprop:111,lostschool_2,models/props/de_nuke/window01.mdl,"[2263.25, 338.0, -482.99200439453125]","[0.0, 88.99400329589844, 0.0]",1.0,[],,unmapped,,,False,False,,,,0,owner-reviewed: separate opening/control geometry; preserve native room/checkpoint door behaviour; no static fake closed doors,True,"2142, 61, -14",0,0,Block{minecraft:smooth_quartz},0,0
lostschool_2:staticprop:112,lostschool_2,models/props_downtown/metal_window01_8.mdl,"[2317.570068359375, 332.0, -516.9920043945312]","[0.0, 180.0, 0.0]",1.0,[],,unmapped,,,False,False,,,,0,owner-reviewed: separate opening/control geometry; preserve native room/checkpoint door behaviour; no static fake closed doors,True,"2145, 60, -14",0,13,Block{minecraft:air},0,0
lostschool_2:staticprop:113,lostschool_2,models/props_downtown/metal_window01_8.mdl,"[2416.159912109375, 332.0, -516.9920043945312]","[0.0, 180.0, 0.0]",1.0,[],,unmapped,,,False,False,,,,0,owner-reviewed: separate opening/control geometry; preserve native room/checkpoint door behaviour; no static fake closed doors,True,"2149, 60, -14",0,13,Block{minecraft:air},0,0
lostschool_2:staticprop:114,lostschool_2,models/props/de_nuke/window01.mdl,"[2597.25, 338.0, -482.99200439453125]","[0.0, 88.99400329589844, 0.0]",1.0,[],,unmapped,,,False,False,,,,0,owner-reviewed: separate opening/control geometry; preserve native room/checkpoint door behaviour; no static fake closed doors,True,"2156, 61, -14",0,0,Block{minecraft:smooth_quartz},0,0
lostschool_2:staticprop:115,lostschool_2,models/props_downtown/metal_window01_8.mdl,"[2651.580078125, 332.0, -516.9920043945312]","[0.0, 180.0, 0.0]",1.0,[],,unmapped,,,False,False,,,,0,owner-reviewed: separate opening/control geometry; preserve native room/checkpoint door behaviour; no static fake closed doors,True,"2158, 60, -14",0,0,Block{minecraft:smooth_quartz},0,0
lostschool_2:staticprop:116,lostschool_2,models/props_downtown/metal_window01_8.mdl,"[2750.169921875, 332.0, -516.9920043945312]","[0.0, 180.0, 0.0]",1.0,[],,unmapped,,,False,False,,,,0,owner-reviewed: separate opening/control geometry; preserve native room/checkpoint door behaviour; no static fake closed doors,True,"2163, 60, -14",0,13,Block{minecraft:air},0,0
lostschool_2:staticprop:117,lostschool_2,models/props/de_nuke/window01.mdl,"[848.0120239257812, -535.02001953125, -243.99200439453125]","[0.0, 269.0, 0.0]",1.0,[],,unmapped,,,False,False,,,,0,owner-reviewed: separate opening/control geometry; preserve native room/checkpoint door behaviour; no static fake closed doors,True,"2083, 71, 22",0,0,Block{minecraft:smooth_quartz},0,0
lostschool_2:staticprop:118,lostschool_2,models/props_downtown/metal_window01_8.mdl,"[794.0120239257812, -529.02001953125, -277.99200439453125]","[0.0, 0.0, 0.0]",1.0,[],,unmapped,,,False,False,,,,0,owner-reviewed: separate opening/control geometry; preserve native room/checkpoint door behaviour; no static fake closed doors,True,"2081, 70, 22",0,0,Block{minecraft:smooth_quartz},0,0
lostschool_2:staticprop:119,lostschool_2,models/props_downtown/metal_window01_8.mdl,"[696.0120239257812, -529.02001953125, -277.99200439453125]","[0.0, 0.0, 0.0]",1.0,[],,unmapped,,,False,False,,,,0,owner-reviewed: separate opening/control geometry; preserve native room/checkpoint door behaviour; no static fake closed doors,True,"2077, 70, 22",0,14,Block{minecraft:air},0,0
lostschool_2:staticprop:120,lostschool_2,models/props/de_nuke/window01.mdl,"[603.9879760742188, 343.0199890136719, -243.99200439453125]","[0.0, 89.0, 0.0]",1.0,[],,unmapped,,,False,False,,,,0,owner-reviewed: separate opening/control geometry; preserve native room/checkpoint door behaviour; no static fake closed doors,True,"2073, 71, -14",0,12,Block{minecraft:air},0,0
lostschool_2:staticprop:121,lostschool_2,models/props_downtown/metal_window01_8.mdl,"[657.9879760742188, 337.0199890136719, -277.99200439453125]","[0.0, 180.0, 0.0]",1.0,[],,unmapped,,,False,False,,,,0,owner-reviewed: separate opening/control geometry; preserve native room/checkpoint door behaviour; no static fake closed doors,True,"2075, 70, -14",0,12,Block{minecraft:air},0,0
lostschool_2:staticprop:122,lostschool_2,models/props_downtown/metal_window01_8.mdl,"[755.9879760742188, 337.0199890136719, -277.99200439453125]","[0.0, 180.0, 0.0]",1.0,[],,unmapped,,,False,False,,,,0,owner-reviewed: separate opening/control geometry; preserve native room/checkpoint door behaviour; no static fake closed doors,True,"2079, 70, -14",0,13,Block{minecraft:air},0,0
lostschool_2:staticprop:123,lostschool_2,models/props/de_nuke/window01.mdl,"[2256.989990234375, 343.0199890136719, -243.99200439453125]","[0.0, 89.0, 0.0]",1.0,[],,unmapped,,,False,False,,,,0,owner-reviewed: separate opening/control geometry; preserve native room/checkpoint door behaviour; no static fake closed doors,True,"2142, 71, -14",0,12,Block{minecraft:air},0,0
lostschool_2:staticprop:124,lostschool_2,models/props_downtown/metal_window01_8.mdl,"[2310.989990234375, 337.0199890136719, -277.99200439453125]","[0.0, 180.0, 0.0]",1.0,[],,unmapped,,,False,False,,,,0,owner-reviewed: separate opening/control geometry; preserve native room/checkpoint door behaviour; no static fake closed doors,True,"2144, 70, -14",0,12,Block{minecraft:air},0,0
lostschool_2:staticprop:125,lostschool_2,models/props_downtown/metal_window01_8.mdl,"[2408.989990234375, 337.0199890136719, -277.99200439453125]","[0.0, 180.0, 0.0]",1.0,[],,unmapped,,,False,False,,,,0,owner-reviewed: separate opening/control geometry; preserve native room/checkpoint door behaviour; no static fake closed doors,True,"2148, 70, -14",0,13,Block{minecraft:air},0,0
lostschool_2:staticprop:126,lostschool_2,models/props/de_nuke/window01.mdl,"[2511.010009765625, -540.02001953125, -243.99200439453125]","[0.0, 269.0, 0.0]",1.0,[],,unmapped,,,False,False,,,,0,owner-reviewed: separate opening/control geometry; preserve native room/checkpoint door behaviour; no static fake closed doors,True,"2153, 71, 23",0,15,Block{minecraft:air},0,0
lostschool_2:staticprop:127,lostschool_2,models/props_downtown/metal_window01_8.mdl,"[2457.010009765625, -534.02001953125, -277.99200439453125]","[0.0, 0.0, 0.0]",1.0,[],,unmapped,,,False,False,,,,0,owner-reviewed: separate opening/control geometry; preserve native room/checkpoint door behaviour; no static fake closed doors,True,"2150, 70, 22",0,0,Block{minecraft:smooth_quartz},0,0
lostschool_2:staticprop:128,lostschool_2,models/props_downtown/metal_window01_8.mdl,"[2359.010009765625, -534.02001953125, -277.99200439453125]","[0.0, 0.0, 0.0]",1.0,[],,unmapped,,,False,False,,,,0,owner-reviewed: separate opening/control geometry; preserve native room/checkpoint door behaviour; no static fake closed doors,True,"2146, 70, 22",0,14,Block{minecraft:air},0,0
lostschool_2:staticprop:129,lostschool_2,models/props/cs_militia/ladderwood.mdl,"[2143.699951171875, -308.6289978027344, -287.3299865722656]","[15.5, 0.0, 0.0]",1.0,[],,unmapped,,,False,False,,,,0,owner-reviewed: access/structural or breakable geometry; preserve verified native NAV and passage layout; Source collision/damage model absent,True,"2137, 69, 13",14,3,Block{minecraft:air},0,0
lostschool_2:staticprop:130,lostschool_2,models/props/de_inferno/bed.mdl,"[2187.699951171875, -356.0, -243.33999633789062]","[0.0, 270.5, 0.0]",1.0,[],bed,placed_display,"[2139, 70, 14]","[-0.508707, 0.139167, -0.995599]",True,False,1.0,protected_navigation_or_gameplay,zero-hitbox Source-pose display,9,,True,"2139, 71, 14",12,1,Block{minecraft:air},0,9
lostschool_2:staticprop:131,lostschool_2,models/props/de_inferno/bed.mdl,"[2187.699951171875, -262.0, -243.33999633789062]","[0.0, 270.5, 0.0]",1.0,[],bed,placed_display,"[2139, 70, 11]","[-0.24999, 0.139167, 0.002182]",True,False,1.0,bed_head_unsupported,zero-hitbox Source-pose display,9,,True,"2139, 71, 11",11,0,Block{minecraft:air},0,9
lostschool_2:staticprop:132,lostschool_2,models/props/de_inferno/bed.mdl,"[1945.699951171875, -357.0, -243.33999633789062]","[0.0, 270.5, 0.0]",1.0,[],bed,placed,"[2129, 69, 15]",0,False,True,,,,0,,True,"2129, 70, 15",11,5,Block{minecraft:air},0,0
lostschool_2:staticprop:133,lostschool_2,models/props/de_inferno/bed.mdl,"[1945.699951171875, -263.0, -243.33999633789062]","[0.0, 270.5, 0.0]",1.0,[],bed,placed_display,"[2129, 70, 11]","[0.0, 0.139167, 0.0]",True,False,1.0,protected_navigation_or_gameplay,zero-hitbox Source-pose display,9,,True,"2129, 71, 11",12,2,Block{minecraft:air},0,9
lostschool_2:staticprop:134,lostschool_2,models/props_downtown/metal_window01_8.mdl,"[2027.02001953125, -534.0, -277.99700927734375]","[0.0, 0.0, 0.0]",1.0,[],,unmapped,,,False,False,,,,0,owner-reviewed: separate opening/control geometry; preserve native room/checkpoint door behaviour; no static fake closed doors,True,"2132, 70, 22",10,14,Block{minecraft:air},0,0
lostschool_2:staticprop:135,lostschool_2,models/props_downtown/metal_window01_8.mdl,"[2125.02001953125, -534.0, -277.99700927734375]","[0.0, 0.0, 0.0]",1.0,[],,unmapped,,,False,False,,,,0,owner-reviewed: separate opening/control geometry; preserve native room/checkpoint door behaviour; no static fake closed doors,True,"2137, 70, 22",0,0,Block{minecraft:smooth_quartz},0,0
lostschool_2:staticprop:136,lostschool_2,models/props_interiors/bathroomsink01.mdl,"[1964.02001953125, -451.0, -270.3399963378906]","[0.0, 0.0, 0.0]",1.0,[],bathroom_sink,placed_display,"[2130, 69, 19]","[0.0, 0.264167, 0.0]",True,False,1.0,reviewed_accessory_requires_pose_preserving_display,zero-hitbox Source-pose display,4,,True,"2130, 70, 19",13,11,Block{minecraft:air},0,4
lostschool_2:staticprop:137,lostschool_2,models/props/de_nuke/window01.mdl,"[2179.02001953125, -540.0, -243.9969940185547]","[0.0, 269.0, 0.0]",1.0,[],,unmapped,,,False,False,,,,0,owner-reviewed: separate opening/control geometry; preserve native room/checkpoint door behaviour; no static fake closed doors,True,"2139, 71, 23",4,15,Block{minecraft:air},0,0
lostschool_2:staticprop:138,lostschool_2,models/props/cs_militia/ladderwood.mdl,"[1987.699951171875, -308.6289978027344, -287.3299865722656]","[15.5, 180.0, 0.0]",1.0,[],,unmapped,,,False,False,,,,0,owner-reviewed: access/structural or breakable geometry; preserve verified native NAV and passage layout; Source collision/damage model absent,True,"2131, 69, 13",13,3,Block{minecraft:air},0,0
lostschool_2:staticprop:139,lostschool_2,models/props_urban/hotel_bathroom_showerhead001.mdl,"[2213.02001953125, -499.0, -230.33999633789062]","[0.0, 180.0, 0.0]",1.0,[],showerhead,placed_display,"[2139, 70, 21]","[-0.75, 0.0, -0.0]",True,False,1.0,reviewed_accessory_requires_pose_preserving_display,zero-hitbox Source-pose display,3,,True,"2139, 71, 21",6,12,Block{minecraft:air},0,3
lostschool_2:staticprop:140,lostschool_2,models/props_interiors/toilet_d.mdl,"[2185.02001953125, -417.0, -320.3399963378906]","[0.0, 270.0, 0.0]",1.0,[],toilet,placed_display,"[2139, 67, 18]","[-0.0, 0.3475, 0.5]",True,False,1.0,reviewed_accessory_requires_pose_preserving_display,zero-hitbox Source-pose display,4,,True,"2139, 68, 18",7,9,Block{minecraft:air},0,4
lostschool_2:staticprop:141,lostschool_2,models/props/cs_office/light_inset.mdl,"[2176.02001953125, -477.0, -151.33999633789062]","[0.0, 0.0, 0.0]",1.0,[],fixture,placed_display,"[2139, 72, 20]","[0.0, -0.75, 0.0]",True,False,1.0,existing_geometry_or_prior_prop,zero-hitbox Source-pose display,2,,True,"2139, 73, 20",0,0,Block{minecraft:white_concrete},0,2
lostschool_2:staticprop:142,lostschool_2,models/props/de_nuke/wall_light.mdl,"[2085.60009765625, -406.0, -149.33999633789062]","[60.0, 90.0, -180.0]",1.0,[],fixture,placed_display,"[2135, 71, 17]","[0.0, -2.0, 0.0]",True,False,1.0,tilted_or_scaled_model,zero-hitbox Source-pose display,2,,True,"2135, 72, 17",0,0,Block{minecraft:white_concrete},0,2
lostschool_2:staticprop:143,lostschool_2,models/props/cs_militia/ladderwood.mdl,"[1303.31005859375, 111.62899780273438, -287.32501220703125]","[15.5, 180.0, 0.0]",1.0,[],,unmapped,,,False,False,,,,0,owner-reviewed: access/structural or breakable geometry; preserve verified native NAV and passage layout; Source collision/damage model absent,True,"2102, 69, -5",11,3,Block{minecraft:air},0,0
lostschool_2:staticprop:144,lostschool_2,models/props/de_inferno/bed.mdl,"[1259.31005859375, 159.0, -243.3350067138672]","[0.0, 90.5, 0.0]",1.0,[],bed,placed_display,"[2101, 70, -6]","[0.508707, 0.138959, 0.995599]",True,False,1.0,protected_navigation_or_gameplay,zero-hitbox Source-pose display,9,,True,"2101, 71, -6",15,2,"Block{minecraft:light}[level=15,waterlogged=false]",0,9
lostschool_2:staticprop:145,lostschool_2,models/props/de_inferno/bed.mdl,"[1259.31005859375, 65.00029754638672, -243.3350067138672]","[0.0, 90.5, 0.0]",1.0,[],bed,placed_display,"[2100, 70, -3]","[0.0, 0.138959, 0.0]",True,False,1.0,protected_navigation_or_gameplay,zero-hitbox Source-pose display,9,,True,"2100, 71, -3",13,0,Block{minecraft:air},0,9
lostschool_2:staticprop:146,lostschool_2,models/props/de_inferno/bed.mdl,"[1501.31005859375, 160.0, -243.3350067138672]","[0.0, 90.5, 0.0]",1.0,[],bed,placed_display,"[2110, 70, -5]","[-0.739063, 0.138959, 1.256497]",True,False,1.0,no_support_at_source_xz,zero-hitbox Source-pose display,9,,True,"2110, 71, -5",13,3,Block{minecraft:air},0,9
lostschool_2:staticprop:147,lostschool_2,models/props/de_inferno/bed.mdl,"[1501.31005859375, 66.00029754638672, -243.3350067138672]","[0.0, 90.5, 0.0]",1.0,[],bed,placed_display,"[2110, 70, -3]","[-0.749971, 0.138959, 0.006545]",True,False,1.0,no_support_at_source_xz,zero-hitbox Source-pose display,9,,True,"2110, 71, -3",14,1,"Block{minecraft:light}[level=14,waterlogged=false]",0,9
lostschool_2:staticprop:148,lostschool_2,models/props_downtown/metal_window01_8.mdl,"[1419.989990234375, 337.0, -277.99200439453125]","[0.0, 180.0, 0.0]",1.0,[],,unmapped,,,False,False,,,,0,owner-reviewed: separate opening/control geometry; preserve native room/checkpoint door behaviour; no static fake closed doors,True,"2107, 70, -14",12,13,Block{minecraft:air},0,0
lostschool_2:staticprop:149,lostschool_2,models/props_downtown/metal_window01_8.mdl,"[1321.989990234375, 337.0, -277.99200439453125]","[0.0, 180.0, 0.0]",1.0,[],,unmapped,,,False,False,,,,0,owner-reviewed: separate opening/control geometry; preserve native room/checkpoint door behaviour; no static fake closed doors,True,"2103, 70, -14",11,13,Block{minecraft:air},0,0
lostschool_2:staticprop:150,lostschool_2,models/props_interiors/bathroomsink01.mdl,"[1482.989990234375, 254.0, -270.3349914550781]","[0.0, 180.0, 0.0]",1.0,[],bathroom_sink,placed_display,"[2110, 69, -11]","[0.0, 0.263958, 0.0]",True,False,1.0,reviewed_accessory_requires_pose_preserving_display,zero-hitbox Source-pose display,4,,True,"2110, 70, -11",12,10,Block{minecraft:air},0,4
lostschool_2:staticprop:151,lostschool_2,models/props/de_nuke/window01.mdl,"[1267.989990234375, 343.0, -243.99200439453125]","[0.0, 89.0, 0.0]",1.0,[],,unmapped,,,False,False,,,,0,owner-reviewed: separate opening/control geometry; preserve native room/checkpoint door behaviour; no static fake closed doors,True,"2101, 71, -14",8,12,Block{minecraft:air},0,0
lostschool_2:staticprop:152,lostschool_2,models/props/cs_militia/ladderwood.mdl,"[1459.31005859375, 111.62899780273438, -287.32501220703125]","[15.5, 0.0, 0.0]",1.0,[],,unmapped,,,False,False,,,,0,owner-reviewed: access/structural or breakable geometry; preserve verified native NAV and passage layout; Source collision/damage model absent,True,"2109, 69, -5",0,0,Block{minecraft:spruce_planks},0,0
lostschool_2:staticprop:153,lostschool_2,models/props_urban/hotel_bathroom_showerhead001.mdl,"[1233.989990234375, 302.0, -230.3350067138672]","[0.0, 0.0, 0.0]",1.0,[],showerhead,placed_display,"[2100, 70, -13]","[0.25, 0.0, 0.0]",True,False,1.0,reviewed_accessory_requires_pose_preserving_display,zero-hitbox Source-pose display,3,,True,"2100, 71, -13",8,11,Block{minecraft:air},0,3
lostschool_2:staticprop:154,lostschool_2,models/props_interiors/toilet_d.mdl,"[1261.989990234375, 220.0, -320.3349914550781]","[0.0, 90.0, 0.0]",1.0,[],toilet,placed_display,"[2101, 67, -10]","[-0.0, 0.347291, -0.75]",True,False,1.0,reviewed_accessory_requires_pose_preserving_display,zero-hitbox Source-pose display,4,,True,"2101, 68, -10",10,8,Block{minecraft:air},0,4
lostschool_2:staticprop:155,lostschool_2,models/props/cs_office/light_inset.mdl,"[1270.989990234375, 280.0, -151.3350067138672]","[0.0, 180.0, 0.0]",1.0,[],fixture,placed_display,"[2101, 72, -12]","[0.0, -0.75, 0.0]",True,False,0.7,existing_geometry_or_prior_prop,zero-hitbox Source-pose display,2,,True,"2101, 73, -12",0,0,Block{minecraft:white_concrete},0,2
lostschool_2:staticprop:156,lostschool_2,models/props/de_nuke/wall_light.mdl,"[1361.4100341796875, 209.0, -149.3350067138672]","[60.0, 270.0, -180.0]",1.0,[],fixture,placed_display,"[2105, 71, -9]","[0.0, -2.0, 0.0]",True,False,1.0,tilted_or_scaled_model,zero-hitbox Source-pose display,2,,True,"2105, 72, -9",0,0,Block{minecraft:white_concrete},0,2
lostschool_2:staticprop:157,lostschool_2,models/props/de_nuke/window01.mdl,"[935.9879760742188, 343.0199890136719, -241.99200439453125]","[0.0, 89.0, 0.0]",1.0,[],,unmapped,,,False,False,,,,0,owner-reviewed: separate opening/control geometry; preserve native room/checkpoint door behaviour; no static fake closed doors,True,"2087, 71, -14",0,12,Block{minecraft:air},0,0
lostschool_2:staticprop:158,lostschool_2,models/props_downtown/metal_window01_8.mdl,"[989.9879760742188, 337.0199890136719, -275.99200439453125]","[0.0, 180.0, 0.0]",1.0,[],,unmapped,,,False,False,,,,0,owner-reviewed: separate opening/control geometry; preserve native room/checkpoint door behaviour; no static fake closed doors,True,"2089, 70, -14",0,12,Block{minecraft:air},0,0
lostschool_2:staticprop:159,lostschool_2,models/props_downtown/metal_window01_8.mdl,"[1087.989990234375, 337.0199890136719, -275.99200439453125]","[0.0, 180.0, 0.0]",1.0,[],,unmapped,,,False,False,,,,0,owner-reviewed: separate opening/control geometry; preserve native room/checkpoint door behaviour; no static fake closed doors,True,"2093, 70, -14",2,13,Block{minecraft:air},0,0
lostschool_2:staticprop:160,lostschool_2,models/props/de_nuke/window01.mdl,"[2588.989990234375, 343.0199890136719, -243.99200439453125]","[0.0, 89.0, 0.0]",1.0,[],,unmapped,,,False,False,,,,0,owner-reviewed: separate opening/control geometry; preserve native room/checkpoint door behaviour; no static fake closed doors,True,"2156, 71, -14",0,12,Block{minecraft:air},0,0
lostschool_2:staticprop:161,lostschool_2,models/props_downtown/metal_window01_8.mdl,"[2642.989990234375, 337.0199890136719, -277.99200439453125]","[0.0, 180.0, 0.0]",1.0,[],,unmapped,,,False,False,,,,0,owner-reviewed: separate opening/control geometry; preserve native room/checkpoint door behaviour; no static fake closed doors,True,"2158, 70, -14",0,13,Block{minecraft:air},0,0
lostschool_2:staticprop:162,lostschool_2,models/props_downtown/metal_window01_8.mdl,"[2740.989990234375, 337.0199890136719, -277.99200439453125]","[0.0, 180.0, 0.0]",1.0,[],,unmapped,,,False,False,,,,0,owner-reviewed: separate opening/control geometry; preserve native room/checkpoint door behaviour; no static fake closed doors,True,"2162, 70, -14",0,13,Block{minecraft:air},0,0
lostschool_2:staticprop:163,lostschool_2,models/props/de_nuke/window01.mdl,"[2843.010009765625, -540.02001953125, -243.99200439453125]","[0.0, 269.0, 0.0]",1.0,[],,unmapped,,,False,False,,,,0,owner-reviewed: separate opening/control geometry; preserve native room/checkpoint door behaviour; no static fake closed doors,True,"2166, 71, 23",0,15,Block{minecraft:air},0,0
lostschool_2:staticprop:164,lostschool_2,models/props_downtown/metal_window01_8.mdl,"[2789.010009765625, -534.02001953125, -277.99200439453125]","[0.0, 0.0, 0.0]",1.0,[],,unmapped,,,False,False,,,,0,owner-reviewed: separate opening/control geometry; preserve native room/checkpoint door behaviour; no static fake closed doors,True,"2164, 70, 22",0,0,Block{minecraft:smooth_quartz},0,0
lostschool_2:staticprop:165,lostschool_2,models/props_downtown/metal_window01_8.mdl,"[2691.010009765625, -534.02001953125, -277.99200439453125]","[0.0, 0.0, 0.0]",1.0,[],,unmapped,,,False,False,,,,0,owner-reviewed: separate opening/control geometry; preserve native room/checkpoint door behaviour; no static fake closed doors,True,"2160, 70, 22",0,14,Block{minecraft:air},0,0
lostschool_2:staticprop:166,lostschool_2,models/props_downtown/metal_door_doublewide_112_16_frame.mdl,"[-770.0, -152.0, -80.35600280761719]","[0.0, 0.0, 0.0]",1.0,[],,unmapped,,,False,False,,,,0,owner-reviewed: separate opening/control geometry; preserve native room/checkpoint door behaviour; no static fake closed doors,True,"2016, 78, 6",0,0,Block{minecraft:white_concrete},0,0
lostschool_2:staticprop:167,lostschool_2,models/props_interiors/table_kitchen.mdl,"[238.0, -116.0, -77.3479995727539]","[0.0, 232.0, 0.0]",1.0,[],table,placed,"[2058, 77, 5]",0,False,True,,,,0,,True,"2058, 78, 5",5,0,"Block{minecraft:spruce_slab}[type=bottom,waterlogged=false]",0,0
lostschool_2:staticprop:168,lostschool_2,models/props_interiors/table_kitchen.mdl,"[260.0, -86.0, -77.3479995727539]","[0.0, 230.0, 0.0]",1.0,[],table,placed,"[2059, 77, 4]",0,False,True,,,,0,,True,"2059, 78, 4",6,0,"Block{minecraft:spruce_slab}[type=bottom,waterlogged=false]",0,0
lostschool_2:staticprop:169,lostschool_2,models/props_interiors/table_kitchen.mdl,"[250.0, -99.0, -43.0]","[0.0, 317.5, 0.0]",1.0,[],table,placed,"[2058, 77, 4]",0,False,True,,,,0,,True,"2058, 78, 4",6,0,"Block{minecraft:spruce_slab}[type=bottom,waterlogged=false]",0,0
lostschool_2:staticprop:170,lostschool_2,models/props/cs_assault/box_stack2.mdl,"[485.0, -93.0, -18.0]","[0.0, 0.0, 0.0]",1.0,[],container_box,placed_display,"[2068, 79, 4]","[0.0, 0.0, 0.0]",True,False,1.0,reviewed_accessory_requires_pose_preserving_display,zero-hitbox Source-pose display,2,,True,"2068, 80, 4",4,0,Block{minecraft:air},0,2
lostschool_2:staticprop:171,lostschool_2,models/props/cs_assault/box_stack2.mdl,"[501.0, -93.0, -79.12000274658203]","[0.0, 0.0, 0.0]",1.0,[],container_box,placed_display,"[2069, 77, 4]","[0.0, 0.296667, 0.0]",True,False,1.0,reviewed_accessory_requires_pose_preserving_display,zero-hitbox Source-pose display,2,,True,"2069, 78, 4",1,0,Block{minecraft:air},0,2
lostschool_2:staticprop:172,lostschool_2,models/props_cemetery/curb_128.mdl,"[-3.0, -162.0, -335.0]","[19.5, 0.0, 0.0]",1.0,[],,unmapped,,,False,False,,,,0,owner-reviewed model group; outside requested bed/table/cabinet/chair/lighting scope; exact mesh or interactive state unavailable,True,"2048, 67, 7",12,0,Block{minecraft:air},0,0
lostschool_2:staticprop:173,lostschool_2,models/props_debris/walldestroyed01a.mdl,"[61.0, -87.0, -367.0]","[51.5, 180.0, 180.0]",1.0,[],,unmapped,,,False,False,,,,0,owner-reviewed model group; outside requested bed/table/cabinet/chair/lighting scope; exact mesh or interactive state unavailable,True,"2051, 66, 4",11,0,Block{minecraft:air},0,0
lostschool_2:staticprop:174,lostschool_2,models/props/cs_office/light_inset.mdl,"[274.9960021972656, 281.00799560546875, -151.3350067138672]","[0.0, 180.0, 0.0]",1.0,[],fixture,placed_display,"[2059, 72, -12]","[0.0, -0.75, 0.0]",True,False,1.0,existing_geometry_or_prior_prop,zero-hitbox Source-pose display,2,,True,"2059, 73, -12",0,0,Block{minecraft:white_concrete},0,2
lostschool_2:staticprop:175,lostschool_2,models/props_debris/walldestroyed05a.mdl,"[424.0, -99.0, -564.0]","[87.49949645996094, 179.1009979248047, -1.3965100049972534]",1.0,[],,unmapped,,,False,False,,,,0,owner-reviewed model group; outside requested bed/table/cabinet/chair/lighting scope; exact mesh or interactive state unavailable,True,"2066, 58, 4",0,0,Block{minecraft:air},0,0
lostschool_2:staticprop:176,lostschool_2,models/props_downtown/metal_door_doublewide_112_16_frame.mdl,"[-770.0, -152.0, -321.3559875488281]","[0.0, 0.0, 0.0]",1.0,[],,unmapped,,,False,False,,,,0,owner-reviewed: separate opening/control geometry; preserve native room/checkpoint door behaviour; no static fake closed doors,True,"2016, 68, 6",0,0,Block{minecraft:bricks},0,0
lostschool_2:staticprop:177,lostschool_2,models/props_downtown/metal_door_doublewide_112_16_frame.mdl,"[-770.0, -152.0, -563.3560180664062]","[0.0, 0.0, 0.0]",1.0,[],,unmapped,,,False,False,,,,0,owner-reviewed: separate opening/control geometry; preserve native room/checkpoint door behaviour; no static fake closed doors,True,"2016, 58, 6",0,0,Block{minecraft:bricks},0,0
lostschool_2:staticprop:178,lostschool_2,models/props_downtown/metal_window01_8.mdl,"[1238.0, 253.0, -506.0]","[0.0, 90.0, 0.0]",1.0,[],,unmapped,,,False,False,,,,0,owner-reviewed: separate opening/control geometry; preserve native room/checkpoint door behaviour; no static fake closed doors,True,"2100, 60, -11",0,5,Block{minecraft:air},0,0
lostschool_2:staticprop:179,lostschool_2,models/props_downtown/metal_window01_8.mdl,"[1238.0, 154.22300720214844, -506.0]","[0.0, 90.0, 0.0]",1.0,[],,unmapped,,,False,False,,,,0,owner-reviewed: separate opening/control geometry; preserve native room/checkpoint door behaviour; no static fake closed doors,True,"2100, 60, -6",0,2,Block{minecraft:air},0,0
lostschool_2:staticprop:180,lostschool_2,models/props_office/desk_01.mdl,"[1269.0, 142.01600646972656, -559.0]","[0.0, 0.0, 0.0]",1.0,[],table,placed_display,"[2101, 57, -6]","[0.0, 0.291667, 0.0]",True,False,1.0,protected_navigation_or_gameplay,zero-hitbox Source-pose display,5,,True,"2101, 58, -6",0,0,Block{minecraft:air},0,5
lostschool_2:staticprop:181,lostschool_2,models/props_unique/guncabinet01_main.mdl,"[1373.739990234375, 267.0, -559.0]","[0.0, 180.0, 0.0]",1.0,[],cabinet,placed_display,"[2105, 57, -11]","[0.0, 0.291667, 0.0]",True,False,1.0,protected_navigation_or_gameplay,zero-hitbox Source-pose display,4,,True,"2105, 58, -11",0,0,Block{minecraft:air},0,4
lostschool_2:staticprop:182,lostschool_2,models/props_unique/guncabinet01_main.mdl,"[1373.739990234375, 218.6199951171875, -559.0]","[0.0, 180.0, 0.0]",1.0,[],cabinet,placed_display,"[2105, 57, -9]","[0.0, 0.291667, 0.0]",True,False,1.0,protected_navigation_or_gameplay,zero-hitbox Source-pose display,4,,True,"2105, 58, -9",0,0,Block{minecraft:air},0,4
lostschool_2:staticprop:183,lostschool_2,models/props_unique/guncabinet01_main.mdl,"[1373.739990234375, 170.23899841308594, -559.0]","[0.0, 180.0, 0.0]",1.0,[],cabinet,placed_display,"[2105, 57, -7]","[0.0, 0.291667, 0.0]",True,False,1.0,protected_navigation_or_gameplay,zero-hitbox Source-pose display,4,,True,"2105, 58, -7",0,0,Block{minecraft:air},0,4
lostschool_2:staticprop:184,lostschool_2,models/props_unique/guncabinet01_main.mdl,"[1373.739990234375, 121.85800170898438, -559.0]","[0.0, 180.0, 0.0]",1.0,[],cabinet,placed_display,"[2105, 57, -5]","[0.0, 0.291667, 0.0]",True,False,1.0,protected_navigation_or_gameplay,zero-hitbox Source-pose display,4,,True,"2105, 58, -5",0,0,Block{minecraft:air},0,4
lostschool_2:staticprop:185,lostschool_2,models/props_unique/guncabinet01_main.mdl,"[1373.739990234375, 73.47200012207031, -559.0]","[0.0, 180.0, 0.0]",1.0,[],cabinet,placed_display,"[2105, 57, -3]","[0.0, 0.291667, 0.0]",True,False,1.0,protected_navigation_or_gameplay,zero-hitbox Source-pose display,4,,True,"2105, 58, -3",0,0,Block{minecraft:air},0,4
lostschool_2:staticprop:186,lostschool_2,models/props_unique/guncabinet01_main.mdl,"[1399.0, 73.47200012207031, -559.0]","[0.0, 359.4960021972656, 0.0]",1.0,[],cabinet,placed,"[2106, 57, -3]",0,False,True,,,,0,,True,"2106, 58, -3",0,0,Block{minecraft:spruce_planks},0,0
lostschool_2:staticprop:187,lostschool_2,models/props_unique/guncabinet01_main.mdl,"[1399.0, 121.85800170898438, -559.0]","[0.0, 359.4960021972656, 0.0]",1.0,[],cabinet,placed,"[2106, 57, -5]",0,False,True,,,,0,,True,"2106, 58, -5",0,0,Block{minecraft:spruce_planks},0,0
lostschool_2:staticprop:188,lostschool_2,models/props_unique/guncabinet01_main.mdl,"[1398.1600341796875, 170.2429962158203, -559.0]","[0.0, 359.4960021972656, 0.0]",1.0,[],cabinet,placed,"[2106, 57, -7]",0,False,True,,,,0,,True,"2106, 58, -7",0,0,Block{minecraft:spruce_planks},0,0
lostschool_2:staticprop:189,lostschool_2,models/props_unique/guncabinet01_main.mdl,"[1398.5799560546875, 218.6219940185547, -559.0]","[0.0, 359.4960021972656, 0.0]",1.0,[],cabinet,placed,"[2106, 57, -9]",0,False,True,,,,0,,True,"2106, 58, -9",0,0,Block{minecraft:spruce_planks},0,0
lostschool_2:staticprop:190,lostschool_2,models/props_unique/guncabinet01_main.mdl,"[1399.0, 267.0, -559.0]","[0.0, 359.4960021972656, 0.0]",1.0,[],cabinet,placed,"[2106, 57, -11]",0,False,True,,,,0,,True,"2106, 58, -11",0,0,Block{minecraft:spruce_planks},0,0
lostschool_2:staticprop:191,lostschool_2,models/props/de_nuke/electricalbox02.mdl,"[1428.0, 318.8179931640625, -546.0]","[0.0, 270.99200439453125, 0.0]",1.0,[],,unmapped,,,False,False,,,,0,owner-reviewed model group; outside requested bed/table/cabinet/chair/lighting scope; exact mesh or interactive state unavailable,True,"2108, 58, -13",0,0,Block{minecraft:air},0,0
lostschool_2:staticprop:192,lostschool_2,models/props/de_nuke/electricalbox01.mdl,"[1559.0, 124.0, -554.0]","[0.0, 180.0, 0.0]",1.0,[],,unmapped,,,False,False,,,,0,owner-reviewed model group; outside requested bed/table/cabinet/chair/lighting scope; exact mesh or interactive state unavailable,True,"2113, 58, -5",0,0,Block{minecraft:white_concrete},0,0
lostschool_2:staticprop:193,lostschool_2,models/props_c17/handrail04_doublerise.mdl,"[1065.0, -340.2720031738281, -367.0]","[0.0, 0.0, 0.0]",1.0,[],,unmapped,,,False,False,,,,0,owner-reviewed: access/structural or breakable geometry; preserve verified native NAV and passage layout; Source collision/damage model absent,True,"2092, 66, 14",0,6,Block{minecraft:air},0,0
lostschool_2:staticprop:194,lostschool_2,models/props_c17/handrail04_doublerise.mdl,"[1055.0, -348.5740051269531, -483.5419921875]","[0.0, 180.0, 0.8567090034484863]",1.0,[],,unmapped,,,False,False,,,,0,owner-reviewed: access/structural or breakable geometry; preserve verified native NAV and passage layout; Source collision/damage model absent,True,"2092, 61, 15",0,3,Block{minecraft:air},0,0
lostschool_2:staticprop:195,lostschool_2,models/props_equipment/snack_machine.mdl,"[911.0, 233.0, -560.0]","[0.0, 0.0, 0.0]",1.0,[],,unmapped,,,False,False,,,,0,owner-reviewed model group; outside requested bed/table/cabinet/chair/lighting scope; exact mesh or interactive state unavailable,True,"2086, 58, -10",0,8,Block{minecraft:air},0,0
lostschool_2:staticprop:196,lostschool_2,models/props_equipment/snack_machine.mdl,"[912.4000244140625, 187.00999450683594, -560.0]","[0.0, 0.0, 0.0]",1.0,[],,unmapped,,,False,False,,,,0,owner-reviewed model group; outside requested bed/table/cabinet/chair/lighting scope; exact mesh or interactive state unavailable,True,"2086, 58, -8",0,6,Block{minecraft:air},0,0
lostschool_2:staticprop:197,lostschool_2,models/props_office/desk_01.mdl,"[1206.0, 148.0, -558.0]","[0.0, 180.0, 0.0]",1.0,[],table,placed_display,"[2098, 57, -6]","[-0.75, 0.25, -0.0]",True,False,1.0,protected_navigation_or_gameplay,zero-hitbox Source-pose display,5,,True,"2098, 58, -6",0,4,Block{minecraft:air},0,5
lostschool_2:staticprop:198,lostschool_2,models/props_unique/park_gazebo_steps.mdl,"[1143.0, 203.0, -582.0700073242188]","[0.0, 90.0, 0.0]",1.0,[],,unmapped,,,False,False,,,,0,owner-reviewed model group; outside requested bed/table/cabinet/chair/lighting scope; exact mesh or interactive state unavailable,True,"2096, 57, -8",0,7,Block{minecraft:air},0,0
lostschool_2:staticprop:199,lostschool_2,models/props_unique/park_gazebo_steps.mdl,"[1025.0, 203.0, -582.0700073242188]","[0.0, 90.0, 0.0]",1.0,[],,unmapped,,,False,False,,,,0,owner-reviewed model group; outside requested bed/table/cabinet/chair/lighting scope; exact mesh or interactive state unavailable,True,"2091, 57, -8",0,7,Block{minecraft:air},0,0
lostschool_2:staticprop:200,lostschool_2,models/props_unique/park_gazebo_steps.mdl,"[905.0, 203.0, -582.0700073242188]","[0.0, 90.0, 0.0]",1.0,[],,unmapped,,,False,False,,,,0,owner-reviewed model group; outside requested bed/table/cabinet/chair/lighting scope; exact mesh or interactive state unavailable,True,"2086, 57, -8",0,6,Block{minecraft:air},0,0
lostschool_2:staticprop:201,lostschool_2,models/props/cs_office/shelves_metal2.mdl,"[1019.02001953125, -442.4540100097656, -441.5]","[0.0, 88.0, 0.0]",1.0,[],shelf,placed_display,"[2090, 62, 18]","[0.0, 0.395833, 0.0]",True,False,1.0,reviewed_accessory_requires_pose_preserving_display,zero-hitbox Source-pose display,8,,True,"2090, 63, 18",0,9,Block{minecraft:air},0,8
lostschool_2:staticprop:202,lostschool_2,models/props/cs_office/shelves_metal2.mdl,"[941.0, -442.4909973144531, -441.5]","[0.0, 92.0, 0.0]",1.0,[],shelf,placed_display,"[2087, 62, 18]","[0.0, 0.395833, 0.0]",True,False,1.0,reviewed_accessory_requires_pose_preserving_display,zero-hitbox Source-pose display,8,,True,"2087, 63, 18",0,6,Block{minecraft:air},0,8
lostschool_2:staticprop:203,lostschool_2,models/props/cs_office/shelves_metal2.mdl,"[15.544500350952148, -57.00130081176758, -558.0]","[0.0, 74.5, 0.0]",1.0,[],shelf,placed_display,"[2049, 57, 2]","[0.0, 0.25, 0.0]",True,False,1.0,reviewed_accessory_requires_pose_preserving_display,zero-hitbox Source-pose display,8,,True,"2049, 58, 2",1,0,Block{minecraft:air},0,8
lostschool_2:staticprop:204,lostschool_2,models/props/cs_office/shelves_metal2.mdl,"[-7.0, -123.68000030517578, -558.0]","[0.0, 6.5, 0.0]",1.0,[],shelf,placed_display,"[2048, 57, 5]","[0.0, 0.25, 0.0]",True,False,1.0,reviewed_accessory_requires_pose_preserving_display,zero-hitbox Source-pose display,8,,True,"2048, 58, 5",0,0,Block{minecraft:air},0,8
lostschool_2:staticprop:205,lostschool_2,models/props/cs_office/shelves_metal2.mdl,"[1769.3800048828125, -76.78209686279297, -558.0]","[0.0, 159.5, 0.0]",1.0,[],shelf,placed_display,"[2122, 57, 3]","[0.0, 0.25, 0.0]",True,False,1.0,reviewed_accessory_requires_pose_preserving_display,zero-hitbox Source-pose display,8,,True,"2122, 58, 3",0,0,Block{minecraft:air},0,8
lostschool_2:staticprop:206,lostschool_2,models/props/cs_office/shelves_metal2.mdl,"[1781.3800048828125, -125.78199768066406, -558.0]","[0.0, 159.5, 0.0]",1.0,[],shelf,placed_display,"[2122, 57, 5]","[0.0, 0.25, 0.0]",True,False,1.0,reviewed_accessory_requires_pose_preserving_display,zero-hitbox Source-pose display,8,,True,"2122, 58, 5",0,0,Block{minecraft:air},0,8
lostschool_2:staticprop:207,lostschool_2,models/props_vehicles/train_ladder.mdl,"[-593.0, 261.0, -208.0]","[0.0, 90.0, 0.0]",1.0,[],,unmapped,,,False,False,,,,0,owner-reviewed: access/structural or breakable geometry; preserve verified native NAV and passage layout; Source collision/damage model absent,True,"2023, 72, -11",12,8,Block{minecraft:air},0,0
lostschool_2:staticprop:208,lostschool_2,models/props_vehicles/tanker001a.mdl,"[583.7239990234375, 870.1610107421875, -484.1300048828125]","[-2.472520112991333, 278.50799560546875, -0.36975300312042236]",1.0,[],,unmapped,,,False,False,,,,0,owner-reviewed: large vehicle/setpiece or scripted control; outside furniture/light template scope; exact mesh/animation absent,True,"2072, 61, -36",0,15,Block{minecraft:air},0,0
lostschool_2:staticprop:209,lostschool_2,models/props_vehicles/truck001a.mdl,"[496.0, 823.0, -523.0]","[1.767490029335022, 44.97269821166992, -1.7683299779891968]",1.0,[],,unmapped,,,False,False,,,,0,owner-reviewed: large vehicle/setpiece or scripted control; outside furniture/light template scope; exact mesh/animation absent,True,"2069, 59, -34",0,15,Block{minecraft:air},0,0
lostschool_2:staticprop:210,lostschool_2,models/props_vehicles/tankertrailer.mdl,"[289.7239990234375, 1026.0, -560.0]","[-1.9831500053405762, 232.4739990234375, 1.522510051727295]",1.0,[],,unmapped,,,False,False,,,,0,owner-reviewed: access/structural or breakable geometry; preserve verified native NAV and passage layout; Source collision/damage model absent,True,"2060, 58, -43",0,15,Block{minecraft:air},0,0
lostschool_2:staticprop:211,lostschool_2,models/props_street/police_barricade2.mdl,"[2098.080078125, 1015.0, -581.7999877929688]","[0.0, 2.5000100135803223, 0.0]",1.0,[],,unmapped,,,False,False,,,,0,owner-reviewed: access/structural or breakable geometry; preserve verified native NAV and passage layout; Source collision/damage model absent,True,"2135, 57, -42",0,15,Block{minecraft:air},0,0
lostschool_2:staticprop:212,lostschool_2,models/props_street/police_barricade.mdl,"[2093.080078125, 1114.0, -580.2899780273438]","[0.0, 4.500010013580322, 0.0]",1.0,[],,unmapped,,,False,False,,,,0,owner-reviewed: access/structural or breakable geometry; preserve verified native NAV and passage layout; Source collision/damage model absent,True,"2135, 57, -46",0,15,Block{minecraft:air},0,0
lostschool_2:staticprop:213,lostschool_2,models/props_street/police_barricade2.mdl,"[2090.080078125, 1209.0, -581.7999877929688]","[0.0, 2.5000100135803223, 0.0]",1.0,[],,unmapped,,,False,False,,,,0,owner-reviewed: access/structural or breakable geometry; preserve verified native NAV and passage layout; Source collision/damage model absent,True,"2135, 57, -50",0,15,Block{minecraft:air},0,0
lostschool_2:staticprop:214,lostschool_2,models/props_street/police_barricade2.mdl,"[2037.0, 1326.0, -580.0]","[0.0, 43.5, 0.0]",1.0,[],,unmapped,,,False,False,,,,0,owner-reviewed: access/structural or breakable geometry; preserve verified native NAV and passage layout; Source collision/damage model absent,True,"2133, 57, -55",0,15,Block{minecraft:air},0,0
lostschool_2:staticprop:215,lostschool_2,models/props_equipment/cargo_container03.mdl,"[1802.0, 1293.0, -580.47802734375]","[0.0, 278.0, 0.0]",1.0,[],shipping_container,placed_display,"[2123, 56, -54]","[0.0, 0.186584, 0.0]",True,False,1.0,reviewed_accessory_requires_pose_preserving_display,zero-hitbox Source-pose display,2,,True,"2123, 57, -54",0,15,Block{minecraft:air},0,2
lostschool_2:staticprop:216,lostschool_2,models/deadbodies/cemetary/barricade_c.mdl,"[1532.0, 1245.0, -572.47802734375]","[0.0, 0.0, 0.0]",1.0,[],,unmapped,,,False,False,,,,0,owner-reviewed: compound corpse/setpiece mesh; generic furniture boxes would misrepresent it; exact Source mesh absent,True,"2112, 57, -52",0,15,Block{minecraft:air},0,0
lostschool_2:staticprop:217,lostschool_2,models/props/de_nuke/window01.mdl,"[1924.989990234375, 343.0, -243.99200439453125]","[0.0, 89.0, 0.0]",1.0,[],,unmapped,,,False,False,,,,0,owner-reviewed: separate opening/control geometry; preserve native room/checkpoint door behaviour; no static fake closed doors,True,"2128, 71, -14",0,0,Block{minecraft:white_concrete},0,0
lostschool_2:staticprop:218,lostschool_2,models/props_downtown/metal_window01_8.mdl,"[2076.989990234375, 337.0, -277.99200439453125]","[0.0, 180.0, 0.0]",1.0,[],,unmapped,,,False,False,,,,0,owner-reviewed: separate opening/control geometry; preserve native room/checkpoint door behaviour; no static fake closed doors,True,"2135, 70, -14",0,0,Block{minecraft:white_concrete},0,0
lostschool_2:staticprop:219,lostschool_2,models/props_downtown/metal_window01_8.mdl,"[1978.989990234375, 337.0, -277.99200439453125]","[0.0, 180.0, 0.0]",1.0,[],,unmapped,,,False,False,,,,0,owner-reviewed: separate opening/control geometry; preserve native room/checkpoint door behaviour; no static fake closed doors,True,"2130, 70, -14",0,0,Block{minecraft:white_concrete},0,0
lostschool_2:staticprop:220,lostschool_2,models/props/de_nuke/window01.mdl,"[1592.989990234375, 343.0, -242.99200439453125]","[0.0, 89.0, 0.0]",1.0,[],,unmapped,,,False,False,,,,0,owner-reviewed: separate opening/control geometry; preserve native room/checkpoint door behaviour; no static fake closed doors,True,"2114, 71, -14",0,0,Block{minecraft:white_concrete},0,0
lostschool_2:staticprop:221,lostschool_2,models/props_downtown/metal_window01_8.mdl,"[1744.989990234375, 337.0, -276.99200439453125]","[0.0, 180.0, 0.0]",1.0,[],,unmapped,,,False,False,,,,0,owner-reviewed: separate opening/control geometry; preserve native room/checkpoint door behaviour; no static fake closed doors,True,"2121, 70, -14",0,0,Block{minecraft:white_concrete},0,0
lostschool_2:staticprop:222,lostschool_2,models/props_downtown/metal_window01_8.mdl,"[1646.989990234375, 337.0, -276.99200439453125]","[0.0, 180.0, 0.0]",1.0,[],,unmapped,,,False,False,,,,0,owner-reviewed: separate opening/control geometry; preserve native room/checkpoint door behaviour; no static fake closed doors,True,"2117, 70, -14",0,0,Block{minecraft:white_concrete},0,0
lostschool_2:staticprop:223,lostschool_2,models/props/de_nuke/window01.mdl,"[-60.012001037597656, 343.0, -243.99200439453125]","[0.0, 89.0, 0.0]",1.0,[],,unmapped,,,False,False,,,,0,owner-reviewed: separate opening/control geometry; preserve native room/checkpoint door behaviour; no static fake closed doors,True,"2045, 71, -14",0,0,Block{minecraft:white_concrete},0,0
lostschool_2:staticprop:224,lostschool_2,models/props_downtown/metal_window01_8.mdl,"[-6.011990070343018, 337.0, -277.99200439453125]","[0.0, 180.0, 0.0]",1.0,[],,unmapped,,,False,False,,,,0,owner-reviewed: separate opening/control geometry; preserve native room/checkpoint door behaviour; no static fake closed doors,True,"2048, 70, -14",0,0,Block{minecraft:white_concrete},0,0
lostschool_2:staticprop:225,lostschool_2,models/props_downtown/metal_window01_8.mdl,"[91.98799896240234, 337.0, -277.99200439453125]","[0.0, 180.0, 0.0]",1.0,[],,unmapped,,,False,False,,,,0,owner-reviewed: separate opening/control geometry; preserve native room/checkpoint door behaviour; no static fake closed doors,True,"2052, 70, -14",0,0,Block{minecraft:white_concrete},0,0
lostschool_2:staticprop:226,lostschool_2,models/props/de_nuke/window01.mdl,"[-392.0119934082031, 343.0, -243.99200439453125]","[0.0, 89.0, 0.0]",1.0,[],,unmapped,,,False,False,,,,0,owner-reviewed: separate opening/control geometry; preserve native room/checkpoint door behaviour; no static fake closed doors,True,"2032, 71, -14",0,0,Block{minecraft:white_concrete},0,0
lostschool_2:staticprop:227,lostschool_2,models/props_downtown/metal_window01_8.mdl,"[-338.0119934082031, 337.0, -277.99200439453125]","[0.0, 180.0, 0.0]",1.0,[],,unmapped,,,False,False,,,,0,owner-reviewed: separate opening/control geometry; preserve native room/checkpoint door behaviour; no static fake closed doors,True,"2034, 70, -14",0,0,Block{minecraft:white_concrete},0,0
lostschool_2:staticprop:228,lostschool_2,models/props_downtown/metal_window01_8.mdl,"[-240.01199340820312, 337.0, -277.99200439453125]","[0.0, 180.0, 0.0]",1.0,[],,unmapped,,,False,False,,,,0,owner-reviewed: separate opening/control geometry; preserve native room/checkpoint door behaviour; no static fake closed doors,True,"2038, 70, -14",0,0,Block{minecraft:white_concrete},0,0
lostschool_2:staticprop:229,lostschool_2,models/props_downtown/metal_window01_8.mdl,"[755.9879760742188, 345.0199890136719, -37.992000579833984]","[0.0, 180.0, 0.0]",1.0,[],,unmapped,,,False,False,,,,0,owner-reviewed: separate opening/control geometry; preserve native room/checkpoint door behaviour; no static fake closed doors,True,"2079, 80, -14",0,0,Block{minecraft:white_concrete},0,0
lostschool_2:staticprop:230,lostschool_2,models/props_downtown/metal_window01_8.mdl,"[657.9879760742188, 345.0199890136719, -37.992000579833984]","[0.0, 180.0, 0.0]",1.0,[],,unmapped,,,False,False,,,,0,owner-reviewed: separate opening/control geometry; preserve native room/checkpoint door behaviour; no static fake closed doors,True,"2075, 80, -14",0,0,Block{minecraft:white_concrete},0,0
lostschool_2:staticprop:231,lostschool_2,models/props/de_nuke/window01.mdl,"[603.9879760742188, 351.0199890136719, -3.992000102996826]","[0.0, 89.0, 0.0]",1.0,[],,unmapped,,,False,False,,,,0,owner-reviewed: separate opening/control geometry; preserve native room/checkpoint door behaviour; no static fake closed doors,True,"2073, 81, -15",0,0,Block{minecraft:white_concrete},0,0
lostschool_2:staticprop:232,lostschool_2,models/props_downtown/metal_window01_8.mdl,"[423.9880065917969, 345.0199890136719, -37.992000579833984]","[0.0, 180.0, 0.0]",1.0,[],,unmapped,,,False,False,,,,0,owner-reviewed: separate opening/control geometry; preserve native room/checkpoint door behaviour; no static fake closed doors,True,"2066, 80, -14",0,0,Block{minecraft:white_concrete},0,0
lostschool_2:staticprop:233,lostschool_2,models/props_downtown/metal_window01_8.mdl,"[325.9880065917969, 345.0199890136719, -37.992000579833984]","[0.0, 180.0, 0.0]",1.0,[],,unmapped,,,False,False,,,,0,owner-reviewed: separate opening/control geometry; preserve native room/checkpoint door behaviour; no static fake closed doors,True,"2062, 80, -14",0,0,Block{minecraft:white_concrete},0,0
lostschool_2:staticprop:234,lostschool_2,models/props/de_nuke/window01.mdl,"[271.9880065917969, 351.0199890136719, -3.992000102996826]","[0.0, 89.0, 0.0]",1.0,[],,unmapped,,,False,False,,,,0,owner-reviewed: separate opening/control geometry; preserve native room/checkpoint door behaviour; no static fake closed doors,True,"2059, 81, -15",0,0,Block{minecraft:white_concrete},0,0
lostschool_2:staticprop:235,lostschool_2,models/props_downtown/metal_window01_8.mdl,"[91.98799896240234, 345.0, -37.992000579833984]","[0.0, 180.0, 0.0]",1.0,[],,unmapped,,,False,False,,,,0,owner-reviewed: separate opening/control geometry; preserve native room/checkpoint door behaviour; no static fake closed doors,True,"2052, 80, -14",0,0,Block{minecraft:white_concrete},0,0
lostschool_2:staticprop:236,lostschool_2,models/props_downtown/metal_window01_8.mdl,"[-6.011990070343018, 345.0, -37.992000579833984]","[0.0, 180.0, 0.0]",1.0,[],,unmapped,,,False,False,,,,0,owner-reviewed: separate opening/control geometry; preserve native room/checkpoint door behaviour; no static fake closed doors,True,"2048, 80, -14",0,0,Block{minecraft:white_concrete},0,0
lostschool_2:staticprop:237,lostschool_2,models/props/de_nuke/window01.mdl,"[-60.012001037597656, 351.0, -3.992000102996826]","[0.0, 89.0, 0.0]",1.0,[],,unmapped,,,False,False,,,,0,owner-reviewed: separate opening/control geometry; preserve native room/checkpoint door behaviour; no static fake closed doors,True,"2045, 81, -15",0,0,Block{minecraft:white_concrete},0,0
lostschool_2:staticprop:238,lostschool_2,models/props/de_nuke/window01.mdl,"[-392.0119934082031, 351.0, -3.992000102996826]","[0.0, 89.0, 0.0]",1.0,[],,unmapped,,,False,False,,,,0,owner-reviewed: separate opening/control geometry; preserve native room/checkpoint door behaviour; no static fake closed doors,True,"2032, 81, -15",0,0,Block{minecraft:white_concrete},0,0
lostschool_2:staticprop:239,lostschool_2,models/props_downtown/metal_window01_8.mdl,"[-338.0119934082031, 345.0, -37.992000579833984]","[0.0, 180.0, 0.0]",1.0,[],,unmapped,,,False,False,,,,0,owner-reviewed: separate opening/control geometry; preserve native room/checkpoint door behaviour; no static fake closed doors,True,"2034, 80, -14",0,0,Block{minecraft:white_concrete},0,0
lostschool_2:staticprop:240,lostschool_2,models/props_downtown/metal_window01_8.mdl,"[-240.01199340820312, 345.0, -37.992000579833984]","[0.0, 180.0, 0.0]",1.0,[],,unmapped,,,False,False,,,,0,owner-reviewed: separate opening/control geometry; preserve native room/checkpoint door behaviour; no static fake closed doors,True,"2038, 80, -14",0,0,Block{minecraft:white_concrete},0,0
lostschool_2:staticprop:241,lostschool_2,models/props_unique/skybox_cityscape_highrise.mdl,"[-4905.0, -57.0, 476.0]","[0.0, 0.9999970197677612, 0.0]",1.0,[],,unmapped,,,False,False,,,,0,owner-reviewed: skybox scale/origin cannot be inferred as ordinary room furniture,True,"1844, 101, 2",0,15,Block{minecraft:air},0,0
lostschool_2:staticprop:242,lostschool_2,models/props_unique/skybox_cityscape_highrise.mdl,"[-4511.0, 461.0, 474.0]","[0.0, 269.5, 0.0]",1.0,[],,unmapped,,,False,False,,,,0,owner-reviewed: skybox scale/origin cannot be inferred as ordinary room furniture,True,"1860, 101, -19",0,15,Block{minecraft:air},0,0
lostschool_2:staticprop:243,lostschool_2,models/props_unique/skybox_cityscape_highrise.mdl,"[-2811.0, 1600.0, 475.0]","[0.0, 90.0, 0.0]",1.0,[],,unmapped,,,False,False,,,,0,owner-reviewed: skybox scale/origin cannot be inferred as ordinary room furniture,True,"1931, 101, -67",0,15,Block{minecraft:air},0,0
lostschool_2:staticprop:244,lostschool_2,models/props_unique/skybox_cityscape_highrise.mdl,"[-3280.0, 172.0, 488.0]","[0.0, 90.0, 0.0]",1.0,[],,unmapped,,,False,False,,,,0,owner-reviewed: skybox scale/origin cannot be inferred as ordinary room furniture,True,"1911, 101, -7",0,15,Block{minecraft:air},0,0
lostschool_2:staticprop:245,lostschool_2,models/props_foliage/tree_pine_large.mdl,"[1473.0, 547.0, -506.0]","[0.0, 0.0, 0.0]",1.0,[],,unmapped,,,False,False,,,,0,owner-reviewed: large foliage/tent geometry; exact silhouette/base-game mesh absent,True,"2109, 60, -23",1,15,Block{minecraft:air},0,0
lostschool_2:staticprop:246,lostschool_2,models/props_foliage/tree_pine_large.mdl,"[757.9840087890625, 549.0330200195312, -505.28399658203125]","[0.0, 0.0, 0.0]",1.0,[],,unmapped,,,False,False,,,,0,owner-reviewed: large foliage/tent geometry; exact silhouette/base-game mesh absent,True,"2080, 60, -23",0,15,Block{minecraft:air},0,0
lostschool_2:staticprop:247,lostschool_2,models/props_foliage/trees_dryleaves01.mdl,"[1783.18994140625, 563.6909790039062, -497.9079895019531]","[0.0, 0.0, 0.0]",1.0,[],,unmapped,,,False,False,,,,0,owner-reviewed: large foliage/tent geometry; exact silhouette/base-game mesh absent,True,"2122, 60, -23",0,15,Block{minecraft:air},0,0
lostschool_2:staticprop:248,lostschool_2,models/props_foliage/tree_pine_large.mdl,"[2121.0, 553.0, -529.0]","[0.0, 0.0, 0.0]",1.0,[],,unmapped,,,False,False,,,,0,owner-reviewed: large foliage/tent geometry; exact silhouette/base-game mesh absent,True,"2136, 59, -23",0,15,Block{minecraft:air},0,0
lostschool_2:staticprop:249,lostschool_2,models/props_foliage/urban_tree_base_bushes01.mdl,"[631.0, 564.0, -506.0]","[0.0, 0.0, 0.0]",1.0,[],,unmapped,,,False,False,,,,0,owner-reviewed: large foliage/tent geometry; exact silhouette/base-game mesh absent,True,"2074, 60, -23",0,15,Block{minecraft:air},0,0
lostschool_2:staticprop:250,lostschool_2,models/props_foliage/urban_tree_base_bushes01_large.mdl,"[452.3380126953125, 614.0, -509.0]","[0.0, 0.0, 0.0]",1.0,[],,unmapped,,,False,False,,,,0,owner-reviewed: large foliage/tent geometry; exact silhouette/base-game mesh absent,True,"2067, 60, -26",0,15,Block{minecraft:air},0,0
lostschool_2:staticprop:251,lostschool_2,models/props_foliage/urban_tree_base_bushes01_large.mdl,"[452.3380126953125, 516.0, -498.0]","[0.0, 0.0, 0.0]",1.0,[],,unmapped,,,False,False,,,,0,owner-reviewed: large foliage/tent geometry; exact silhouette/base-game mesh absent,True,"2067, 60, -21",0,15,Block{minecraft:air},0,0
lostschool_2:staticprop:252,lostschool_2,models/props_foliage/urban_trees_cluster01.mdl,"[294.77801513671875, 580.0269775390625, -497.9079895019531]","[0.0, 0.0, 0.0]",1.0,[],,unmapped,,,False,False,,,,0,owner-reviewed: large foliage/tent geometry; exact silhouette/base-game mesh absent,True,"2060, 60, -24",0,15,Block{minecraft:air},0,0
lostschool_2:staticprop:253,lostschool_2,models/props_foliage/urban_trees_dryleaves01.mdl,"[-3.5497100353240967, 540.0, -526.0]","[0.0, 0.0, 0.0]",1.0,[],,unmapped,,,False,False,,,,0,owner-reviewed: large foliage/tent geometry; exact silhouette/base-game mesh absent,True,"2048, 59, -22",0,15,Block{minecraft:air},0,0
lostschool_2:staticprop:254,lostschool_2,models/props_foliage/urban_trees_dryleaves01_dense.mdl,"[-378.0, 538.0659790039062, -537.0]","[0.0, 0.0, 0.0]",1.0,[],,unmapped,,,False,False,,,,0,owner-reviewed: large foliage/tent geometry; exact silhouette/base-game mesh absent,True,"2032, 59, -22",1,15,Block{minecraft:air},0,0
lostschool_2:staticprop:255,lostschool_2,models/props_foliage/urban_tree_base_bushes01_large.mdl,"[266.3659973144531, 606.4619750976562, -496.760009765625]","[0.0, 0.0, 0.0]",1.0,[],,unmapped,,,False,False,,,,0,owner-reviewed: large foliage/tent geometry; exact silhouette/base-game mesh absent,True,"2059, 60, -25",0,15,Block{minecraft:air},0,0
lostschool_2:staticprop:256,lostschool_2,models/props_foliage/urban_tree_base_bushes01_large.mdl,"[61.41749954223633, 572.0369873046875, -521.9199829101562]","[0.0, 0.0, 0.0]",1.0,[],,unmapped,,,False,False,,,,0,owner-reviewed: large foliage/tent geometry; exact silhouette/base-game mesh absent,True,"2051, 59, -24",0,15,Block{minecraft:air},0,0
lostschool_2:staticprop:257,lostschool_2,models/props_foliage/urban_tree_base_bushes01_large.mdl,"[-131.97999572753906, 544.0759887695312, -521.9199829101562]","[0.0, 302.5, 0.0]",1.0,[],,unmapped,,,False,False,,,,0,owner-reviewed: large foliage/tent geometry; exact silhouette/base-game mesh absent,True,"2043, 59, -23",0,15,Block{minecraft:air},0,0
lostschool_2:staticprop:258,lostschool_2,models/props_foliage/urban_tree_base_bushes01_large.mdl,"[-507.0, 544.0759887695312, -528.0]","[0.0, 302.5, 0.0]",1.0,[],,unmapped,,,False,False,,,,0,owner-reviewed: large foliage/tent geometry; exact silhouette/base-game mesh absent,True,"2027, 59, -23",0,15,Block{minecraft:air},0,0
lostschool_2:staticprop:259,lostschool_2,models/props_foliage/urban_tree_base_bushes01_large.mdl,"[-240.0, 544.0759887695312, -529.0]","[0.0, 302.5, 0.0]",1.0,[],,unmapped,,,False,False,,,,0,owner-reviewed: large foliage/tent geometry; exact silhouette/base-game mesh absent,True,"2038, 59, -23",0,15,Block{minecraft:air},0,0
lostschool_2:staticprop:260,lostschool_2,models/props_foliage/urban_trees_dryleaves01_dense.mdl,"[72.17469787597656, 1577.0, -480.0]","[0.0, 0.0, 0.0]",1.0,[],,unmapped,,,False,False,,,,0,owner-reviewed: large foliage/tent geometry; exact silhouette/base-game mesh absent,True,"2051, 61, -66",0,15,Block{minecraft:air},0,0
lostschool_2:staticprop:261,lostschool_2,models/props_foliage/urban_trees_dryleaves01.mdl,"[446.625, 1578.9300537109375, -469.0]","[0.0, 0.0, 0.0]",1.0,[],,unmapped,,,False,False,,,,0,owner-reviewed: large foliage/tent geometry; exact silhouette/base-game mesh absent,True,"2067, 62, -66",0,15,Block{minecraft:air},0,0
lostschool_2:staticprop:262,lostschool_2,models/props_foliage/urban_tree_base_bushes01_large.mdl,"[318.1940002441406, 1583.010009765625, -464.9200134277344]","[0.0, 302.5, 0.0]",1.0,[],,unmapped,,,False,False,,,,0,owner-reviewed: large foliage/tent geometry; exact silhouette/base-game mesh absent,True,"2061, 62, -66",0,15,Block{minecraft:air},0,0
lostschool_2:staticprop:263,lostschool_2,models/props_foliage/urban_tree_base_bushes01_large.mdl,"[210.1750030517578, 1583.010009765625, -472.0]","[0.0, 302.5, 0.0]",1.0,[],,unmapped,,,False,False,,,,0,owner-reviewed: large foliage/tent geometry; exact silhouette/base-game mesh absent,True,"2057, 61, -66",0,15,Block{minecraft:air},0,0
lostschool_2:staticprop:264,lostschool_2,models/props_foliage/urban_tree_base_bushes01_large.mdl,"[-56.82529830932617, 1583.010009765625, -471.0]","[0.0, 302.5, 0.0]",1.0,[],,unmapped,,,False,False,,,,0,owner-reviewed: large foliage/tent geometry; exact silhouette/base-game mesh absent,True,"2046, 61, -66",0,15,Block{minecraft:air},0,0
lostschool_2:staticprop:265,lostschool_2,models/props_foliage/tree_pine_large.mdl,"[761.2589721679688, 1567.699951171875, -480.9620056152344]","[0.0, 0.0, 0.0]",1.0,[],,unmapped,,,False,False,,,,0,owner-reviewed: large foliage/tent geometry; exact silhouette/base-game mesh absent,True,"2080, 61, -65",0,15,Block{minecraft:air},0,0
lostschool_2:staticprop:266,lostschool_2,models/props_foliage/urban_tree_base_bushes01_large.mdl,"[1059.4200439453125, 1524.5899658203125, -472.43798828125]","[0.0, 0.0, 0.0]",1.0,[],,unmapped,,,False,False,,,,0,owner-reviewed: large foliage/tent geometry; exact silhouette/base-game mesh absent,True,"2092, 61, -64",0,15,Block{minecraft:air},0,0
lostschool_2:staticprop:267,lostschool_2,models/props_foliage/urban_tree_base_bushes01_large.mdl,"[905.4199829101562, 1586.5400390625, -472.43798828125]","[0.0, 0.0, 0.0]",1.0,[],,unmapped,,,False,False,,,,0,owner-reviewed: large foliage/tent geometry; exact silhouette/base-game mesh absent,True,"2086, 61, -66",0,15,Block{minecraft:air},0,0
lostschool_2:staticprop:268,lostschool_2,models/props_foliage/urban_tree_base_bushes01_large.mdl,"[907.7930297851562, 1478.0699462890625, -472.43798828125]","[0.0, 0.0, 0.0]",1.0,[],,unmapped,,,False,False,,,,0,owner-reviewed: large foliage/tent geometry; exact silhouette/base-game mesh absent,True,"2086, 61, -62",0,15,Block{minecraft:air},0,0
lostschool_2:staticprop:269,lostschool_2,models/props_foliage/urban_tree_base_bushes01_large.mdl,"[1123.550048828125, 1540.449951171875, -472.43798828125]","[0.0, 0.0, 0.0]",1.0,[],,unmapped,,,False,False,,,,0,owner-reviewed: large foliage/tent geometry; exact silhouette/base-game mesh absent,True,"2095, 61, -64",0,15,Block{minecraft:air},0,0
lostschool_2:staticprop:270,lostschool_2,models/props_foliage/urban_tree_base_bushes01_large.mdl,"[1214.5799560546875, 1481.1700439453125, -472.43798828125]","[0.0, 0.0, 0.0]",1.0,[],,unmapped,,,False,False,,,,0,owner-reviewed: large foliage/tent geometry; exact silhouette/base-game mesh absent,True,"2099, 61, -62",0,15,Block{minecraft:air},0,0
lostschool_2:staticprop:271,lostschool_2,models/props_foliage/trees_dryleaves01.mdl,"[1612.469970703125, 1538.260009765625, -481.8030090332031]","[0.0, 0.0, 0.0]",1.0,[],,unmapped,,,False,False,,,,0,owner-reviewed: large foliage/tent geometry; exact silhouette/base-game mesh absent,True,"2115, 61, -64",0,15,Block{minecraft:air},0,0
lostschool_2:staticprop:272,lostschool_2,models/props_foliage/tree_pine_large.mdl,"[1788.449951171875, 1535.6600341796875, -480.9620056152344]","[0.0, 0.0, 0.0]",1.0,[],,unmapped,,,False,False,,,,0,owner-reviewed: large foliage/tent geometry; exact silhouette/base-game mesh absent,True,"2123, 61, -64",0,15,Block{minecraft:air},0,0
lostschool_2:staticprop:273,lostschool_2,models/props_foliage/tree_pine_large.mdl,"[2083.389892578125, 1544.0699462890625, -480.9620056152344]","[0.0, 271.0, 0.0]",1.0,[],,unmapped,,,False,False,,,,0,owner-reviewed: large foliage/tent geometry; exact silhouette/base-game mesh absent,True,"2135, 61, -64",0,15,Block{minecraft:air},0,0
lostschool_2:staticprop:274,lostschool_2,models/props_foliage/urban_tree_base_bushes01_large.mdl,"[847.9290161132812, 476.0, -499.0]","[0.0, 0.0, 0.0]",1.0,[],,unmapped,,,False,False,,,,0,owner-reviewed: large foliage/tent geometry; exact silhouette/base-game mesh absent,True,"2083, 60, -20",0,15,Block{minecraft:air},0,0
lostschool_2:staticprop:275,lostschool_2,models/props_foliage/urban_tree_base_bushes01_large.mdl,"[826.52099609375, 594.4970092773438, -496.760009765625]","[0.0, 0.0, 0.0]",1.0,[],,unmapped,,,False,False,,,,0,owner-reviewed: large foliage/tent geometry; exact silhouette/base-game mesh absent,True,"2082, 60, -25",0,15,Block{minecraft:air},0,0
lostschool_2:staticprop:276,lostschool_2,models/props_foliage/urban_tree_base_bushes01_large.mdl,"[693.85302734375, 625.1959838867188, -496.760009765625]","[0.0, 0.0, 0.0]",1.0,[],,unmapped,,,False,False,,,,0,owner-reviewed: large foliage/tent geometry; exact silhouette/base-game mesh absent,True,"2077, 60, -26",0,15,Block{minecraft:air},0,0
lostschool_2:staticprop:277,lostschool_2,models/props_foliage/urban_tree_base_bushes01_large.mdl,"[1294.0, 586.0, -496.760009765625]","[0.0, 0.0, 0.0]",1.0,[],,unmapped,,,False,False,,,,0,owner-reviewed: large foliage/tent geometry; exact silhouette/base-game mesh absent,True,"2102, 60, -24",3,15,Block{minecraft:air},0,0
lostschool_2:staticprop:278,lostschool_2,models/props_foliage/urban_tree_base_bushes01_large.mdl,"[1275.8599853515625, 486.9679870605469, -496.760009765625]","[0.0, 0.0, 0.0]",1.0,[],,unmapped,,,False,False,,,,0,owner-reviewed: large foliage/tent geometry; exact silhouette/base-game mesh absent,True,"2101, 60, -20",4,15,Block{minecraft:air},0,0
lostschool_2:staticprop:279,lostschool_2,models/props_foliage/urban_tree_base_bushes01_large.mdl,"[1391.3299560546875, 616.0390014648438, -496.760009765625]","[0.0, 0.0, 0.0]",1.0,[],,unmapped,,,False,False,,,,0,owner-reviewed: large foliage/tent geometry; exact silhouette/base-game mesh absent,True,"2106, 60, -26",4,15,Block{minecraft:air},0,0
lostschool_2:staticprop:280,lostschool_2,models/props_foliage/urban_tree_base_bushes01_large.mdl,"[1498.949951171875, 618.885009765625, -496.760009765625]","[0.0, 0.0, 0.0]",1.0,[],,unmapped,,,False,False,,,,0,owner-reviewed: large foliage/tent geometry; exact silhouette/base-game mesh absent,True,"2110, 60, -26",5,15,Block{minecraft:air},0,0
lostschool_2:staticprop:281,lostschool_2,models/props_foliage/urban_tree_base_bushes01_large.mdl,"[1852.280029296875, 632.8200073242188, -496.760009765625]","[0.0, 0.0, 0.0]",1.0,[],,unmapped,,,False,False,,,,0,owner-reviewed: large foliage/tent geometry; exact silhouette/base-game mesh absent,True,"2125, 60, -26",0,15,Block{minecraft:air},0,0
lostschool_2:staticprop:282,lostschool_2,models/props_foliage/urban_tree_base_bushes01_large.mdl,"[1714.0699462890625, 607.4810180664062, -496.760009765625]","[0.0, 0.0, 0.0]",1.0,[],,unmapped,,,False,False,,,,0,owner-reviewed: large foliage/tent geometry; exact silhouette/base-game mesh absent,True,"2119, 60, -25",2,15,Block{minecraft:air},0,0
lostschool_2:staticprop:283,lostschool_2,models/props_foliage/urban_tree_base_bushes01_large.mdl,"[1599.25, 616.5460205078125, -496.760009765625]","[0.0, 0.0, 0.0]",1.0,[],,unmapped,,,False,False,,,,0,owner-reviewed: large foliage/tent geometry; exact silhouette/base-game mesh absent,True,"2115, 60, -26",3,15,Block{minecraft:air},0,0
lostschool_2:staticprop:284,lostschool_2,models/props_foliage/urban_tree_base_bushes01_large.mdl,"[1525.6300048828125, 1476.06005859375, -472.43798828125]","[0.0, 0.0, 0.0]",1.0,[],,unmapped,,,False,False,,,,0,owner-reviewed: large foliage/tent geometry; exact silhouette/base-game mesh absent,True,"2112, 61, -62",0,15,Block{minecraft:air},0,0
lostschool_2:staticprop:285,lostschool_2,models/props_foliage/urban_tree_base_bushes01_large.mdl,"[1672.8199462890625, 1455.6199951171875, -472.43798828125]","[0.0, 0.0, 0.0]",1.0,[],,unmapped,,,False,False,,,,0,owner-reviewed: large foliage/tent geometry; exact silhouette/base-game mesh absent,True,"2118, 61, -61",0,15,Block{minecraft:air},0,0
lostschool_2:staticprop:286,lostschool_2,models/props_foliage/urban_tree_base_bushes01_large.mdl,"[1387.52001953125, 1489.219970703125, -472.43798828125]","[0.0, 0.0, 0.0]",1.0,[],,unmapped,,,False,False,,,,0,owner-reviewed: large foliage/tent geometry; exact silhouette/base-game mesh absent,True,"2106, 61, -62",0,15,Block{minecraft:air},0,0
lostschool_2:staticprop:287,lostschool_2,models/props_foliage/urban_tree_base_bushes01_large.mdl,"[1302.050048828125, 1530.8399658203125, -472.43798828125]","[0.0, 0.0, 0.0]",1.0,[],,unmapped,,,False,False,,,,0,owner-reviewed: large foliage/tent geometry; exact silhouette/base-game mesh absent,True,"2102, 61, -64",0,15,Block{minecraft:air},0,0
lostschool_2:staticprop:288,lostschool_2,models/props_foliage/urban_tree_base_bushes01_large.mdl,"[1313.0, 1486.0, -472.43798828125]","[0.0, 0.0, 0.0]",1.0,[],,unmapped,,,False,False,,,,0,owner-reviewed: large foliage/tent geometry; exact silhouette/base-game mesh absent,True,"2103, 61, -62",0,15,Block{minecraft:air},0,0
lostschool_2:staticprop:289,lostschool_2,models/props_foliage/urban_tree_base_bushes01_large.mdl,"[575.1680297851562, 1498.0799560546875, -472.43798828125]","[0.0, 0.0, 0.0]",1.0,[],,unmapped,,,False,False,,,,0,owner-reviewed: large foliage/tent geometry; exact silhouette/base-game mesh absent,True,"2072, 61, -62",0,15,Block{minecraft:air},0,0
lostschool_2:entity:89,lostschool_2,models/props_doors/doormain01.mdl,"[-677.01, 323.0, -26.363]","[0.0, 181.0, 0.0]",1.0,[],,unmapped,,,False,False,,,,0,owner-reviewed: separate opening/control geometry; preserve native room/checkpoint door behaviour; no static fake closed doors,True,"2020, 80, -13",11,11,Block{minecraft:air},0,0
lostschool_2:entity:246,lostschool_2,models/props_interiors/furniture_chair03a.mdl,"[-523.28, 178.0, -60.706]","[0.0, 40.0, 0.0]",1.0,[],chair,placed_display,"[2026, 77, -7]","[-0.191511, 0.0, 0.160697]",True,False,1.0,protected_navigation_or_gameplay,zero-hitbox Source-pose display,6,,True,"2026, 78, -7",12,2,Block{minecraft:air},0,6
lostschool_2:entity:250,lostschool_2,models/props_interiors/furniture_chair03a.mdl,"[-538.48, 52.5393, -57.838]","[0.0, 40.0, 0.0]",1.0,[],chair,placed_display,"[2026, 77, -2]","[0.0, 0.0, 0.0]",True,False,1.0,protected_navigation_or_gameplay,zero-hitbox Source-pose display,6,,True,"2026, 78, -2",12,0,Block{minecraft:air},0,6
lostschool_2:entity:254,lostschool_2,models/props_interiors/furniture_chair03a.mdl,"[-671.58, 57.3613, -57.838]","[0.0, 40.0, 0.0]",1.0,[],chair,placed_display,"[2020, 77, -2]","[0.0, 0.0, 0.0]",True,False,1.0,protected_navigation_or_gameplay,zero-hitbox Source-pose display,6,,True,"2020, 78, -2",12,0,Block{minecraft:air},0,6
lostschool_2:entity:258,lostschool_2,models/props_interiors/furniture_chair03a.mdl,"[-657.29, 163.847, -57.838]","[0.0, 40.0, 0.0]",1.0,[],chair,placed_display,"[2021, 77, -7]","[0.0, 0.0, 0.0]",True,False,1.0,protected_navigation_or_gameplay,zero-hitbox Source-pose display,6,,True,"2021, 78, -7",13,5,Block{minecraft:air},0,6
lostschool_2:entity:325,lostschool_2,models/props_doors/doormain01.mdl,"[-512.99, -515.0, -27.363]","[0.0, 0.999994, 0.0]",1.0,[],,unmapped,,,False,False,,,,0,owner-reviewed: separate opening/control geometry; preserve native room/checkpoint door behaviour; no static fake closed doors,True,"2027, 80, 21",9,13,Block{minecraft:air},0,0
lostschool_2:entity:482,lostschool_2,models/props_interiors/furniture_chair03a.mdl,"[-666.72, -370.0, -61.706]","[0.0, 220.0, 0.0]",1.0,[],chair,placed_display,"[2020, 77, 15]","[0.061628, 0.0, -0.704416]",True,False,1.0,protected_navigation_or_gameplay,zero-hitbox Source-pose display,6,,True,"2020, 78, 15",12,3,Block{minecraft:air},0,6
lostschool_2:entity:486,lostschool_2,models/props_interiors/furniture_chair03a.mdl,"[-651.52, -244.539, -58.838]","[0.0, 220.0, 0.0]",1.0,[],chair,placed_display,"[2021, 77, 10]","[0.0, 0.0, 0.0]",True,False,1.0,protected_navigation_or_gameplay,zero-hitbox Source-pose display,6,,True,"2021, 78, 10",14,0,"Block{minecraft:light}[level=14,waterlogged=false]",0,6
lostschool_2:entity:490,lostschool_2,models/props_interiors/furniture_chair03a.mdl,"[-518.42, -249.361, -58.838]","[0.0, 220.0, 0.0]",1.0,[],chair,placed_display,"[2026, 77, 11]","[-0.383022, 0.0, 0.321394]",True,False,1.0,protected_navigation_or_gameplay,zero-hitbox Source-pose display,6,,True,"2026, 78, 11",11,1,Block{minecraft:air},0,6
lostschool_2:entity:494,lostschool_2,models/props_interiors/furniture_chair03a.mdl,"[-532.71, -355.847, -58.838]","[0.0, 220.0, 0.0]",1.0,[],chair,placed_display,"[2026, 77, 15]","[0.0, 0.0, 0.0]",True,False,1.0,protected_navigation_or_gameplay,zero-hitbox Source-pose display,6,,True,"2026, 78, 15",12,5,Block{minecraft:air},0,6
lostschool_2:entity:512,lostschool_2,models/props_doors/doormainmetal01.mdl,"[-232.99, -27.096, -25.636]","[0.0, 90.0081, 0.0]",1.0,[],,unmapped,,,False,False,,,,0,owner-reviewed: separate opening/control geometry; preserve native room/checkpoint door behaviour; no static fake closed doors,True,"2038, 80, 1",0,0,Block{minecraft:white_concrete},0,0
lostschool_2:entity:523,lostschool_2,models/props_doors/doormainmetal01.mdl,"[96.01, -27.0961, -25.293]","[0.0, 90.0081, 0.0]",1.0,[],,unmapped,,,False,False,,,,0,owner-reviewed: separate opening/control geometry; preserve native room/checkpoint door behaviour; no static fake closed doors,True,"2052, 80, 1",0,0,Block{minecraft:white_concrete},0,0
lostschool_2:entity:547,lostschool_2,models/props_doors/doormainmetal01.mdl,"[32.01, -165.018, -25.636]","[0.0, 270.008, 0.0]",1.0,[],,unmapped,,,False,False,,,,0,owner-reviewed: separate opening/control geometry; preserve native room/checkpoint door behaviour; no static fake closed doors,True,"2049, 80, 7",0,0,Block{minecraft:white_concrete},0,0
lostschool_2:entity:558,lostschool_2,models/props_doors/doormainmetal01.mdl,"[-296.99, -165.018, -25.293]","[0.0, 270.008, 0.0]",1.0,[],,unmapped,,,False,False,,,,0,owner-reviewed: separate opening/control geometry; preserve native room/checkpoint door behaviour; no static fake closed doors,True,"2036, 80, 7",10,0,Block{minecraft:air},0,0
lostschool_2:entity:580,lostschool_2,models/props_doors/doormainmetal01.mdl,"[424.0, -27.096, -25.636]","[0.0, 90.0081, 0.0]",1.0,[],,unmapped,,,False,False,,,,0,owner-reviewed: separate opening/control geometry; preserve native room/checkpoint door behaviour; no static fake closed doors,True,"2066, 80, 1",0,0,Block{minecraft:white_concrete},0,0
lostschool_2:entity:591,lostschool_2,models/props_doors/doormainmetal01.mdl,"[753.0, -27.0961, -25.293]","[0.0, 90.0081, 0.0]",1.0,[],,unmapped,,,False,False,,,,0,owner-reviewed: separate opening/control geometry; preserve native room/checkpoint door behaviour; no static fake closed doors,True,"2079, 80, 1",0,0,Block{minecraft:white_concrete},0,0
lostschool_2:entity:616,lostschool_2,models/props_doors/doormainmetal01.mdl,"[689.0, -165.018, -25.636]","[0.0, 270.008, 0.0]",1.0,[],,unmapped,,,False,False,,,,0,owner-reviewed: separate opening/control geometry; preserve native room/checkpoint door behaviour; no static fake closed doors,True,"2077, 80, 7",0,0,Block{minecraft:white_concrete},0,0
lostschool_2:entity:627,lostschool_2,models/props_doors/doormainmetal01.mdl,"[360.0, -165.018, -25.293]","[0.0, 270.008, 0.0]",1.0,[],,unmapped,,,False,False,,,,0,owner-reviewed: separate opening/control geometry; preserve native room/checkpoint door behaviour; no static fake closed doors,True,"2063, 80, 7",4,0,Block{minecraft:air},0,0
lostschool_2:entity:1611,lostschool_2,models/props_doors/doormain01.mdl,"[-677.01, 323.0, -267.992]","[0.0, 181.0, 0.0]",1.0,[],,unmapped,,,False,False,,,,0,owner-reviewed: separate opening/control geometry; preserve native room/checkpoint door behaviour; no static fake closed doors,True,"2020, 70, -13",11,11,Block{minecraft:air},0,0
lostschool_2:entity:1768,lostschool_2,models/props_interiors/furniture_chair03a.mdl,"[-523.28, 178.0, -302.335]","[0.0, 40.0, 0.0]",1.0,[],chair,placed_display,"[2026, 67, -7]","[-0.191511, 0.0, 0.160697]",True,False,1.0,protected_navigation_or_gameplay,zero-hitbox Source-pose display,6,,True,"2026, 68, -7",12,2,"Block{minecraft:ladder}[facing=west,waterlogged=false]",0,6
lostschool_2:entity:1772,lostschool_2,models/props_interiors/furniture_chair03a.mdl,"[-538.48, 52.5393, -299.467]","[0.0, 40.0, 0.0]",1.0,[],chair,placed_display,"[2026, 67, -2]","[0.0, 0.0, 0.0]",True,False,1.0,protected_navigation_or_gameplay,zero-hitbox Source-pose display,6,,True,"2026, 68, -2",12,0,Block{minecraft:air},0,6
lostschool_2:entity:1776,lostschool_2,models/props_interiors/furniture_chair03a.mdl,"[-671.58, 57.3613, -299.467]","[0.0, 40.0, 0.0]",1.0,[],chair,placed_display,"[2020, 67, -2]","[0.0, 0.0, 0.0]",True,False,1.0,protected_navigation_or_gameplay,zero-hitbox Source-pose display,6,,True,"2020, 68, -2",12,0,Block{minecraft:air},0,6
lostschool_2:entity:1780,lostschool_2,models/props_interiors/furniture_chair03a.mdl,"[-657.29, 163.847, -299.467]","[0.0, 40.0, 0.0]",1.0,[],chair,placed_display,"[2021, 67, -7]","[0.0, 0.0, 0.0]",True,False,1.0,protected_navigation_or_gameplay,zero-hitbox Source-pose display,6,,True,"2021, 68, -7",13,5,Block{minecraft:air},0,6
lostschool_2:entity:3018,lostschool_2,models/props_doors/doormain01.mdl,"[144.017, -515.0, -267.997]","[0.0, 0.999994, 0.0]",1.0,[],,unmapped,,,False,False,,,,0,owner-reviewed: separate opening/control geometry; preserve native room/checkpoint door behaviour; no static fake closed doors,True,"2054, 70, 21",0,0,Block{minecraft:smooth_quartz},0,0
lostschool_2:entity:3175,lostschool_2,models/props_interiors/furniture_chair03a.mdl,"[-9.71322, -370.0, -302.34]","[0.0, 220.0, 0.0]",1.0,[],chair,placed_display,"[2047, 67, 15]","[-0.321394, 0.0, -0.383022]",True,False,1.0,protected_navigation_or_gameplay,zero-hitbox Source-pose display,6,,True,"2047, 68, 15",11,3,Block{minecraft:air},0,6
lostschool_2:entity:3179,lostschool_2,models/props_interiors/furniture_chair03a.mdl,"[5.48673, -244.539, -299.472]","[0.0, 220.0, 0.0]",1.0,[],chair,placed_display,"[2048, 67, 10]","[0.0, 0.0, 0.0]",True,False,1.0,protected_navigation_or_gameplay,zero-hitbox Source-pose display,6,,True,"2048, 68, 10",14,0,"Block{minecraft:light}[level=14,waterlogged=false]",0,6
lostschool_2:entity:3183,lostschool_2,models/props_interiors/furniture_chair03a.mdl,"[138.587, -249.361, -299.472]","[0.0, 220.0, 0.0]",1.0,[],chair,placed_display,"[2054, 67, 10]","[0.0, 0.0, 0.0]",True,False,1.0,protected_navigation_or_gameplay,zero-hitbox Source-pose display,6,,True,"2054, 68, 10",14,0,"Block{minecraft:light}[level=14,waterlogged=false]",0,6
lostschool_2:entity:3187,lostschool_2,models/props_interiors/furniture_chair03a.mdl,"[124.297, -355.847, -299.472]","[0.0, 220.0, 0.0]",1.0,[],chair,placed_display,"[2053, 67, 15]","[0.0, 0.0, 0.0]",True,False,1.0,protected_navigation_or_gameplay,zero-hitbox Source-pose display,6,,True,"2053, 68, 15",12,5,Block{minecraft:air},0,6
lostschool_2:entity:3207,lostschool_2,models/props_doors/doormainmetal01.mdl,"[-299.998, -165.018, -266.989]","[0.0, 270.008, 0.0]",1.0,[],,unmapped,,,False,False,,,,0,owner-reviewed: separate opening/control geometry; preserve native room/checkpoint door behaviour; no static fake closed doors,True,"2036, 70, 7",0,0,Block{minecraft:white_concrete},0,0
lostschool_2:entity:3218,lostschool_2,models/props_doors/doormainmetal01.mdl,"[-628.998, -165.018, -266.646]","[0.0, 270.008, 0.0]",1.0,[],,unmapped,,,False,False,,,,0,owner-reviewed: separate opening/control geometry; preserve native room/checkpoint door behaviour; no static fake closed doors,True,"2022, 70, 7",9,0,Block{minecraft:air},0,0
lostschool_2:entity:4496,lostschool_2,models/props_doors/doormainmetal01.mdl,"[-233.002, -26.9817, -266.991]","[0.0, 90.008, 0.0]",1.0,[],,unmapped,,,False,False,,,,0,owner-reviewed: separate opening/control geometry; preserve native room/checkpoint door behaviour; no static fake closed doors,True,"2038, 70, 1",0,0,Block{minecraft:white_concrete},0,0
lostschool_2:entity:4507,lostschool_2,models/props_doors/doormainmetal01.mdl,"[95.9983, -26.9818, -266.648]","[0.0, 90.008, 0.0]",1.0,[],,unmapped,,,False,False,,,,0,owner-reviewed: separate opening/control geometry; preserve native room/checkpoint door behaviour; no static fake closed doors,True,"2052, 70, 1",0,0,Block{minecraft:white_concrete},0,0
lostschool_2:entity:6685,lostschool_2,models/props_doors/doormainmetal01.mdl,"[414.002, -31.9335, -509.007]","[0.0, 90.008, 0.0]",1.0,[],,unmapped,,,False,False,,,,0,owner-reviewed: separate opening/control geometry; preserve native room/checkpoint door behaviour; no static fake closed doors,True,"2065, 60, 1",0,0,Block{minecraft:white_concrete},0,0
lostschool_2:entity:6917,lostschool_2,models/props_doors/doormainmetal01.mdl,"[82.0023, -31.9335, -509.007]","[-4.5, 90.008, 0.0]",1.0,[],,unmapped,,,False,False,,,,0,owner-reviewed: separate opening/control geometry; preserve native room/checkpoint door behaviour; no static fake closed doors,True,"2051, 60, 1",0,0,Block{minecraft:white_concrete},0,0
lostschool_2:entity:6999,lostschool_2,models/props_doors/doormainmetal01.mdl,"[-249.998, -31.9335, -509.007]","[0.0, 90.008, 0.0]",1.0,[],,unmapped,,,False,False,,,,0,owner-reviewed: separate opening/control geometry; preserve native room/checkpoint door behaviour; no static fake closed doors,True,"2038, 60, 1",0,0,Block{minecraft:white_concrete},0,0
lostschool_2:entity:7081,lostschool_2,models/props_doors/doormainmetal01.mdl,"[-574.998, -31.9335, -509.007]","[0.0, 90.008, 0.0]",1.0,[],,unmapped,,,False,False,,,,0,owner-reviewed: separate opening/control geometry; preserve native room/checkpoint door behaviour; no static fake closed doors,True,"2024, 60, 1",0,0,Block{minecraft:white_concrete},0,0
lostschool_2:entity:5855,lostschool_2,models/props_doors/doormainmetal01.mdl,"[414.002, -31.9139, -270.007]","[0.0, 90.008, 0.0]",1.0,[],,unmapped,,,False,False,,,,0,owner-reviewed: separate opening/control geometry; preserve native room/checkpoint door behaviour; no static fake closed doors,True,"2065, 70, 1",0,0,Block{minecraft:white_concrete},0,0
lostschool_2:entity:7383,lostschool_2,models/props_doors/doormainmetal01.mdl,"[373.998, -160.086, -270.007]","[0.0, 270.008, 0.0]",1.0,[],,unmapped,,,False,False,,,,0,owner-reviewed: separate opening/control geometry; preserve native room/checkpoint door behaviour; no static fake closed doors,True,"2064, 70, 7",0,0,Block{minecraft:air},0,0
lostschool_2:entity:7718,lostschool_2,models/props_doors/doormainmetal01.mdl,"[373.998, -169.066, -509.007]","[0.0, 270.008, 0.0]",1.0,[],,unmapped,,,False,False,,,,0,owner-reviewed: separate opening/control geometry; preserve native room/checkpoint door behaviour; no static fake closed doors,True,"2064, 60, 7",0,0,Block{minecraft:air},0,0
lostschool_2:entity:7759,lostschool_2,models/props_doors/doormainmetal01.mdl,"[48.9978, -169.066, -509.007]","[0.0, 270.008, 0.0]",1.0,[],,unmapped,,,False,False,,,,0,owner-reviewed: separate opening/control geometry; preserve native room/checkpoint door behaviour; no static fake closed doors,True,"2050, 60, 7",1,0,Block{minecraft:air},0,0
lostschool_2:entity:7800,lostschool_2,models/props_doors/doormainmetal01.mdl,"[-283.002, -169.066, -509.007]","[0.0, 270.008, 0.0]",1.0,[],,unmapped,,,False,False,,,,0,owner-reviewed: separate opening/control geometry; preserve native room/checkpoint door behaviour; no static fake closed doors,True,"2036, 60, 7",0,0,Block{minecraft:white_concrete},0,0
lostschool_2:entity:7841,lostschool_2,models/props_doors/doormainmetal01.mdl,"[-615.002, -169.066, -509.007]","[0.0, 270.008, 0.0]",1.0,[],,unmapped,,,False,False,,,,0,owner-reviewed: separate opening/control geometry; preserve native room/checkpoint door behaviour; no static fake closed doors,True,"2022, 60, 7",0,0,Block{minecraft:white_concrete},0,0
lostschool_2:entity:9162,lostschool_2,models/props_doors/doormainmetal01.mdl,"[705.998, -169.066, -509.007]","[0.0, 270.008, 0.0]",1.0,[],,unmapped,,,False,False,,,,0,owner-reviewed: separate opening/control geometry; preserve native room/checkpoint door behaviour; no static fake closed doors,True,"2077, 60, 7",0,0,Block{minecraft:white_concrete},0,0
lostschool_2:entity:9367,lostschool_2,models/props_doors/doormainmetal01.mdl,"[746.002, -31.9335, -509.007]","[0.0, 90.008, 0.0]",1.0,[],,unmapped,,,False,False,,,,0,owner-reviewed: separate opening/control geometry; preserve native room/checkpoint door behaviour; no static fake closed doors,True,"2079, 60, 1",0,0,Block{minecraft:white_concrete},0,0
lostschool_2:entity:9467,lostschool_2,models/props_doors/doormainmetal01.mdl,"[1370.91, -174.066, -509.007]","[0.0, 270.008, 0.0]",1.0,[],,unmapped,,,False,False,,,,0,owner-reviewed: separate opening/control geometry; preserve native room/checkpoint door behaviour; no static fake closed doors,True,"2105, 60, 7",0,0,Block{minecraft:air},0,0
lostschool_2:entity:9549,lostschool_2,models/props_doors/doormainmetal01.mdl,"[1704.91, -174.066, -509.007]","[0.0, 270.008, 0.0]",1.0,[],,unmapped,,,False,False,,,,0,owner-reviewed: separate opening/control geometry; preserve native room/checkpoint door behaviour; no static fake closed doors,True,"2119, 60, 7",0,0,Block{minecraft:air},0,0
lostschool_2:entity:9590,lostschool_2,models/props_doors/doormainmetal01.mdl,"[1738.11, -36.9335, -509.007]","[0.0, 90.008, 0.0]",1.0,[],,unmapped,,,False,False,,,,0,owner-reviewed: separate opening/control geometry; preserve native room/checkpoint door behaviour; no static fake closed doors,True,"2120, 60, 2",0,0,Block{minecraft:air},0,0
lostschool_2:entity:9631,lostschool_2,models/props_doors/doormainmetal01.mdl,"[2038.91, -174.066, -509.007]","[0.0, 270.008, 0.0]",1.0,[],,unmapped,,,False,False,,,,0,owner-reviewed: separate opening/control geometry; preserve native room/checkpoint door behaviour; no static fake closed doors,True,"2133, 60, 7",0,0,Block{minecraft:air},0,0
lostschool_2:entity:9678,lostschool_2,models/props_doors/doormainmetal01.mdl,"[2699.88, -174.066, -509.007]","[0.0, 270.008, 0.0]",1.0,[],,unmapped,,,False,False,,,,0,owner-reviewed: separate opening/control geometry; preserve native room/checkpoint door behaviour; no static fake closed doors,True,"2160, 60, 7",0,0,Block{minecraft:white_concrete},0,0
lostschool_2:entity:9719,lostschool_2,models/props_doors/doormainmetal01.mdl,"[2365.87, -174.066, -509.007]","[0.0, 270.008, 0.0]",1.0,[],,unmapped,,,False,False,,,,0,owner-reviewed: separate opening/control geometry; preserve native room/checkpoint door behaviour; no static fake closed doors,True,"2147, 60, 7",0,0,Block{minecraft:air},0,0
lostschool_2:entity:9766,lostschool_2,models/props_doors/doormainmetal01.mdl,"[2072.11, -36.9335, -509.007]","[0.0, 90.008, 0.0]",1.0,[],,unmapped,,,False,False,,,,0,owner-reviewed: separate opening/control geometry; preserve native room/checkpoint door behaviour; no static fake closed doors,True,"2134, 60, 2",0,0,Block{minecraft:air},0,0
lostschool_2:entity:9801,lostschool_2,models/props_doors/doormainmetal01.mdl,"[2406.11, -36.9335, -509.007]","[0.0, 90.008, 0.0]",1.0,[],,unmapped,,,False,False,,,,0,owner-reviewed: separate opening/control geometry; preserve native room/checkpoint door behaviour; no static fake closed doors,True,"2148, 60, 2",0,0,Block{minecraft:air},0,0
lostschool_2:entity:9836,lostschool_2,models/props_doors/doormainmetal01.mdl,"[2740.12, -36.9335, -509.007]","[0.0, 90.008, 0.0]",1.0,[],,unmapped,,,False,False,,,,0,owner-reviewed: separate opening/control geometry; preserve native room/checkpoint door behaviour; no static fake closed doors,True,"2162, 60, 2",0,0,Block{minecraft:air},0,0
lostschool_2:entity:15295,lostschool_2,models/props_doors/doormainmetal01.mdl,"[705.998, -160.086, -270.007]","[0.0, 270.008, 0.0]",1.0,[],,unmapped,,,False,False,,,,0,owner-reviewed: separate opening/control geometry; preserve native room/checkpoint door behaviour; no static fake closed doors,True,"2077, 70, 7",0,0,Block{minecraft:air},0,0
lostschool_2:entity:15334,lostschool_2,models/props_doors/doormainmetal01.mdl,"[746.002, -31.9139, -270.007]","[0.0, 90.008, 0.0]",1.0,[],,unmapped,,,False,False,,,,0,owner-reviewed: separate opening/control geometry; preserve native room/checkpoint door behaviour; no static fake closed doors,True,"2079, 70, 1",0,0,Block{minecraft:white_concrete},0,0
lostschool_2:entity:15521,lostschool_2,models/props_doors/doormainmetal01.mdl,"[2399.0, -31.9139, -270.007]","[0.0, 90.008, 0.0]",1.0,[],,unmapped,,,False,False,,,,0,owner-reviewed: separate opening/control geometry; preserve native room/checkpoint door behaviour; no static fake closed doors,True,"2148, 70, 1",0,0,Block{minecraft:white_concrete},0,0
lostschool_2:entity:15560,lostschool_2,models/props_doors/doormainmetal01.mdl,"[2369.0, -165.086, -270.007]","[0.0, 270.008, 0.0]",1.0,[],,unmapped,,,False,False,,,,0,owner-reviewed: separate opening/control geometry; preserve native room/checkpoint door behaviour; no static fake closed doors,True,"2147, 70, 7",0,0,Block{minecraft:air},0,0
lostschool_2:entity:15640,lostschool_2,models/props_doors/doormain01.mdl,"[2139.02, -520.0, -267.997]","[0.0, 0.999994, 0.0]",1.0,[],,unmapped,,,False,False,,,,0,owner-reviewed: separate opening/control geometry; preserve native room/checkpoint door behaviour; no static fake closed doors,True,"2137, 70, 22",0,0,Block{minecraft:smooth_quartz},0,0
lostschool_2:entity:15797,lostschool_2,models/props_interiors/furniture_chair03a.mdl,"[1985.29, -375.0, -302.34]","[0.0, 220.0, 0.0]",1.0,[],chair,placed_display,"[2131, 67, 16]","[0.0, 0.0, 0.0]",True,False,1.0,protected_navigation_or_gameplay,zero-hitbox Source-pose display,6,,True,"2131, 68, 16",15,5,"Block{minecraft:light}[level=15,waterlogged=false]",0,6
lostschool_2:entity:15801,lostschool_2,models/props_interiors/furniture_chair03a.mdl,"[2000.49, -249.539, -299.472]","[0.0, 220.0, 0.0]",1.0,[],chair,placed_display,"[2131, 67, 10]","[0.0, 0.0, 0.0]",True,False,1.0,protected_navigation_or_gameplay,zero-hitbox Source-pose display,6,,True,"2131, 68, 10",14,0,"Block{minecraft:light}[level=14,waterlogged=false]",0,6
lostschool_2:entity:15805,lostschool_2,models/props_interiors/furniture_chair03a.mdl,"[2133.59, -254.361, -299.472]","[0.0, 220.0, 0.0]",1.0,[],chair,placed_display,"[2137, 67, 11]","[0.0, 0.0, 0.0]",True,False,1.0,protected_navigation_or_gameplay,zero-hitbox Source-pose display,6,,True,"2137, 68, 11",13,0,Block{minecraft:air},0,6
lostschool_2:entity:15809,lostschool_2,models/props_interiors/furniture_chair03a.mdl,"[2119.3, -360.847, -299.472]","[0.0, 220.0, 0.0]",1.0,[],chair,placed_display,"[2136, 67, 15]","[0.0, 0.0, 0.0]",True,False,1.0,protected_navigation_or_gameplay,zero-hitbox Source-pose display,6,,True,"2136, 68, 15",13,5,Block{minecraft:air},0,6
lostschool_2:entity:15827,lostschool_2,models/props_doors/doormainmetal01.mdl,"[1752.0, -26.9817, -266.991]","[0.0, 90.008, 0.0]",1.0,[],,unmapped,,,False,False,,,,0,owner-reviewed: separate opening/control geometry; preserve native room/checkpoint door behaviour; no static fake closed doors,True,"2121, 70, 1",0,0,Block{minecraft:white_concrete},0,0
lostschool_2:entity:15838,lostschool_2,models/props_doors/doormainmetal01.mdl,"[2081.0, -26.9818, -266.648]","[0.0, 90.008, 0.0]",1.0,[],,unmapped,,,False,False,,,,0,owner-reviewed: separate opening/control geometry; preserve native room/checkpoint door behaviour; no static fake closed doors,True,"2135, 70, 1",0,0,Block{minecraft:white_concrete},0,0
lostschool_2:entity:15862,lostschool_2,models/props_doors/doormainmetal01.mdl,"[1695.0, -170.018, -266.989]","[0.0, 270.008, 0.0]",1.0,[],,unmapped,,,False,False,,,,0,owner-reviewed: separate opening/control geometry; preserve native room/checkpoint door behaviour; no static fake closed doors,True,"2119, 70, 7",0,0,Block{minecraft:white_concrete},0,0
lostschool_2:entity:15873,lostschool_2,models/props_doors/doormainmetal01.mdl,"[1366.0, -170.018, -266.646]","[0.0, 270.008, 0.0]",1.0,[],,unmapped,,,False,False,,,,0,owner-reviewed: separate opening/control geometry; preserve native room/checkpoint door behaviour; no static fake closed doors,True,"2105, 70, 7",5,0,Block{minecraft:air},0,0
lostschool_2:entity:15941,lostschool_2,models/props_doors/doormain01.mdl,"[1307.99, 323.0, -267.992]","[0.0, 181.0, 0.0]",1.0,[],,unmapped,,,False,False,,,,0,owner-reviewed: separate opening/control geometry; preserve native room/checkpoint door behaviour; no static fake closed doors,True,"2102, 70, -13",11,11,Block{minecraft:air},0,0
lostschool_2:entity:16098,lostschool_2,models/props_interiors/furniture_chair03a.mdl,"[1461.72, 178.0, -302.335]","[0.0, 40.0, 0.0]",1.0,[],chair,placed_display,"[2108, 67, -8]","[-0.865113, 0.0, -0.25314]",True,False,1.0,no_support_at_source_xz,zero-hitbox Source-pose display,6,,True,"2108, 68, -8",12,3,Block{minecraft:air},0,6
lostschool_2:entity:16102,lostschool_2,models/props_interiors/furniture_chair03a.mdl,"[1446.52, 52.5393, -299.467]","[0.0, 40.0, 0.0]",1.0,[],chair,placed_display,"[2108, 67, -2]","[-0.383022, 0.0, 0.321394]",True,False,1.0,protected_navigation_or_gameplay,zero-hitbox Source-pose display,6,,True,"2108, 68, -2",12,0,Block{minecraft:air},0,6
lostschool_2:entity:16106,lostschool_2,models/props_interiors/furniture_chair03a.mdl,"[1313.42, 57.3613, -299.467]","[0.0, 40.0, 0.0]",1.0,[],chair,placed_display,"[2103, 67, -2]","[0.0, 0.0, 0.0]",True,False,1.0,protected_navigation_or_gameplay,zero-hitbox Source-pose display,6,,True,"2103, 68, -2",12,0,Block{minecraft:air},0,6
lostschool_2:entity:16110,lostschool_2,models/props_interiors/furniture_chair03a.mdl,"[1327.71, 163.847, -299.467]","[0.0, 40.0, 0.0]",1.0,[],chair,placed_display,"[2103, 67, -7]","[0.0, 0.0, 0.0]",True,False,1.0,protected_navigation_or_gameplay,zero-hitbox Source-pose display,6,,True,"2103, 68, -7",13,5,Block{minecraft:air},0,6
lostschool_2:entity:19212,lostschool_2,models/props_doors/doormainmetal01.mdl,"[1078.0, -31.9139, -268.007]","[0.0, 90.008, 0.0]",1.0,[],,unmapped,,,False,False,,,,0,owner-reviewed: separate opening/control geometry; preserve native room/checkpoint door behaviour; no static fake closed doors,True,"2093, 70, 1",0,0,Block{minecraft:white_concrete},0,0
lostschool_2:entity:26677,lostschool_2,models/props_vehicles/cara_95sedan_glass.mdl,"[1383.64, 775.0, -579.84]","[0.0, 359.5, 0.0]",1.0,[],,unmapped,,,False,False,,,,0,owner-reviewed: large vehicle/setpiece or scripted control; outside furniture/light template scope; exact mesh/animation absent,True,"2106, 57, -32",2,15,Block{minecraft:air},0,0
lostschool_2:entity:26681,lostschool_2,models/props_vehicles/cara_95sedan.mdl,"[1383.64, 775.528, -581.84]","[0.0, 359.5, 0.0]",1.0,[],,unmapped,,,False,False,,,,0,owner-reviewed: large vehicle/setpiece or scripted control; outside furniture/light template scope; exact mesh/animation absent,True,"2106, 57, -32",2,15,Block{minecraft:air},0,0
lostschool_2:entity:29104,lostschool_2,models/props_doors/doormainmetal01.mdl,"[2731.0, -31.9139, -270.007]","[0.0, 90.008, 0.0]",1.0,[],,unmapped,,,False,False,,,,0,owner-reviewed: separate opening/control geometry; preserve native room/checkpoint door behaviour; no static fake closed doors,True,"2162, 70, 1",0,0,Block{minecraft:white_concrete},0,0
lostschool_2:entity:29143,lostschool_2,models/props_doors/doormainmetal01.mdl,"[2701.0, -165.086, -270.007]","[0.0, 270.008, 0.0]",1.0,[],,unmapped,,,False,False,,,,0,owner-reviewed: separate opening/control geometry; preserve native room/checkpoint door behaviour; no static fake closed doors,True,"2161, 70, 7",0,0,Block{minecraft:air},0,0
lostschool_2:entity:23,lostschool_2,models/props_downtown/metal_door_112_static.mdl,"[-770.0, -151.0, -81.0]","[0.0, 0.0, 0.0]",1.0,[],,unmapped,,,False,False,,,,0,owner-reviewed: separate opening/control geometry; preserve native room/checkpoint door behaviour; no static fake closed doors,True,"2016, 78, 6",0,0,Block{minecraft:white_concrete},0,0
lostschool_2:entity:655,lostschool_2,models/props_junk/wood_crate001a.mdl,"[467.0, -128.0, 62.88]","[0.0, 0.0, 0.0]",1.0,[],container_box,placed_display,"[2067, 82, 5]","[0.0, 0.0, -0.5]",True,False,1.0,reviewed_accessory_requires_pose_preserving_display,zero-hitbox Source-pose display,2,,True,"2067, 83, 5",4,0,Block{minecraft:air},0,2
lostschool_2:entity:659,lostschool_2,models/props_junk/wood_crate001a.mdl,"[441.0, -85.0, 63.88]","[0.0, 2.0, 0.0]",1.0,[],container_box,placed_display,"[2066, 82, 4]","[0.0, 0.0, 0.0]",True,False,1.0,reviewed_accessory_requires_pose_preserving_display,zero-hitbox Source-pose display,2,,True,"2066, 83, 4",6,0,Block{minecraft:air},0,2
lostschool_2:entity:663,lostschool_2,models/props_junk/wood_crate001a.mdl,"[484.0, -55.0, 64.88]","[0.0, 0.0, 0.0]",1.0,[],container_box,placed_display,"[2068, 82, 2]","[0.0, 0.0, 0.0]",True,False,1.0,reviewed_accessory_requires_pose_preserving_display,zero-hitbox Source-pose display,2,,True,"2068, 83, 2",2,0,Block{minecraft:air},0,2
lostschool_2:entity:681,lostschool_2,models/props_doors/checkpoint_door_-01.mdl,"[-1019.0, 282.0, -26.7313]","[0.0, 0.0, 0.0]",1.0,[],,unmapped,,,False,False,,,,0,owner-reviewed: separate opening/control geometry; preserve native room/checkpoint door behaviour; no static fake closed doors,True,"2006, 80, -12",0,0,Block{minecraft:grass_block}[snowy=false],0,0
lostschool_2:entity:1202,lostschool_2,models/props_doors/doormainmetal01.mdl,"[-576.0, -31.0, -27.0]","[0.0, 89.5, 0.0]",1.0,[],,unmapped,,,False,False,,,,0,owner-reviewed: separate opening/control geometry; preserve native room/checkpoint door behaviour; no static fake closed doors,True,"2024, 80, 1",0,0,Block{minecraft:white_concrete},0,0
lostschool_2:entity:1226,lostschool_2,models/props/objectives/key_old_ring.mdl,"[-796.0, 500.288, -79.0]","[0.0, 0.0, 0.0]",1.0,[],,unmapped,,,False,False,,,,0,owner-reviewed model group; outside requested bed/table/cabinet/chair/lighting scope; exact mesh or interactive state unavailable,True,"2015, 78, -21",0,0,Block{minecraft:white_concrete},0,0
lostschool_2:entity:4460,lostschool_2,models/props_doors/doormainmetal01.mdl,"[74.0, -152.534, -266.0]","[0.0, 270.008, 0.0]",1.0,[],,unmapped,,,False,False,,,,0,owner-reviewed: separate opening/control geometry; preserve native room/checkpoint door behaviour; no static fake closed doors,True,"2051, 70, 6",12,0,Block{minecraft:air},0,0
lostschool_2:entity:8884,lostschool_2,models/props_downtown/metal_door_112_static.mdl,"[-770.0, -151.0, -322.0]","[0.0, 0.0, 0.0]",1.0,[],,unmapped,,,False,False,,,,0,owner-reviewed: separate opening/control geometry; preserve native room/checkpoint door behaviour; no static fake closed doors,True,"2016, 68, 6",0,0,Block{minecraft:bricks},0,0
lostschool_2:entity:12078,lostschool_2,models/props_doors/doormainmetal01_dm01.mdl,"[1359.0, -35.0, -507.0]","[1.48821, 89.4921, 0.0]",1.0,[],,unmapped,,,False,False,,,,0,owner-reviewed: separate opening/control geometry; preserve native room/checkpoint door behaviour; no static fake closed doors,True,"2105, 60, 1",0,0,Block{minecraft:white_concrete},0,0
lostschool_2:entity:12097,lostschool_2,models/props_c17/furniturechair001a.mdl,"[1294.0, 140.0, -538.0]","[0.0, 180.0, 0.0]",1.0,[],chair,placed_display,"[2102, 57, -6]","[0.0, 0.0, 0.0]",True,False,1.0,protected_navigation_or_gameplay,zero-hitbox Source-pose display,6,,True,"2102, 58, -6",0,0,Block{minecraft:air},0,6
lostschool_2:entity:12101,lostschool_2,models/props_interiors/waterbottle.mdl,"[1267.0, 268.071, -554.0]","[0.0, 178.5, 0.0]",1.0,[],,unmapped,,,False,False,,,,0,owner-reviewed model group; outside requested bed/table/cabinet/chair/lighting scope; exact mesh or interactive state unavailable,True,"2101, 58, -11",0,3,Block{minecraft:air},0,0
lostschool_2:entity:12105,lostschool_2,models/props_interiors/waterbottle.mdl,"[1283.92, 264.627, -554.0]","[0.0, 178.5, 0.0]",1.0,[],,unmapped,,,False,False,,,,0,owner-reviewed model group; outside requested bed/table/cabinet/chair/lighting scope; exact mesh or interactive state unavailable,True,"2101, 58, -11",0,3,Block{minecraft:air},0,0
lostschool_2:entity:12109,lostschool_2,models/props_interiors/waterbottle.mdl,"[1268.5, 287.038, -554.0]","[0.0, 178.5, 0.0]",1.0,[],,unmapped,,,False,False,,,,0,owner-reviewed model group; outside requested bed/table/cabinet/chair/lighting scope; exact mesh or interactive state unavailable,True,"2101, 58, -12",0,2,Block{minecraft:air},0,0
lostschool_2:entity:12113,lostschool_2,models/props_interiors/waterbottle.mdl,"[1299.49, 286.227, -554.0]","[0.0, 178.5, 0.0]",1.0,[],,unmapped,,,False,False,,,,0,owner-reviewed model group; outside requested bed/table/cabinet/chair/lighting scope; exact mesh or interactive state unavailable,True,"2102, 58, -12",0,1,Block{minecraft:air},0,0
lostschool_2:entity:12117,lostschool_2,models/props_interiors/waterbottle.mdl,"[1304.96, 304.09, -554.0]","[0.0, 178.5, 0.0]",1.0,[],,unmapped,,,False,False,,,,0,owner-reviewed model group; outside requested bed/table/cabinet/chair/lighting scope; exact mesh or interactive state unavailable,True,"2102, 58, -13",0,0,Block{minecraft:air},0,0
lostschool_2:entity:12121,lostschool_2,models/props_interiors/waterbottle.mdl,"[1320.29, 316.693, -554.0]","[0.0, 178.5, 0.0]",1.0,[],,unmapped,,,False,False,,,,0,owner-reviewed model group; outside requested bed/table/cabinet/chair/lighting scope; exact mesh or interactive state unavailable,True,"2103, 58, -13",0,0,Block{minecraft:air},0,0
lostschool_2:entity:12125,lostschool_2,models/props_interiors/waterbottle.mdl,"[1304.37, 320.11, -554.0]","[0.0, 178.5, 0.0]",1.0,[],,unmapped,,,False,False,,,,0,owner-reviewed model group; outside requested bed/table/cabinet/chair/lighting scope; exact mesh or interactive state unavailable,True,"2102, 58, -13",0,0,Block{minecraft:air},0,0
lostschool_2:entity:12129,lostschool_2,models/props_interiors/waterbottle.mdl,"[1276.34, 280.831, -511.0]","[0.0, 178.5, 179.5]",1.0,[],,unmapped,,,False,False,,,,0,owner-reviewed model group; outside requested bed/table/cabinet/chair/lighting scope; exact mesh or interactive state unavailable,True,"2101, 60, -12",0,3,Block{minecraft:air},0,0
lostschool_2:entity:12133,lostschool_2,models/props_interiors/waterbottle.mdl,"[1276.76, 296.825, -511.0]","[0.0, 178.5, 179.5]",1.0,[],,unmapped,,,False,False,,,,0,owner-reviewed model group; outside requested bed/table/cabinet/chair/lighting scope; exact mesh or interactive state unavailable,True,"2101, 60, -12",0,3,Block{minecraft:air},0,0
lostschool_2:entity:12137,lostschool_2,models/props_interiors/waterbottle.mdl,"[1277.17, 312.82, -511.0]","[0.0, 178.5, 179.5]",1.0,[],,unmapped,,,False,False,,,,0,owner-reviewed model group; outside requested bed/table/cabinet/chair/lighting scope; exact mesh or interactive state unavailable,True,"2101, 60, -13",0,2,Block{minecraft:air},0,0
lostschool_2:entity:12141,lostschool_2,models/props_interiors/waterbottle.mdl,"[1295.17, 312.349, -511.0]","[0.0, 178.5, 179.5]",1.0,[],,unmapped,,,False,False,,,,0,owner-reviewed model group; outside requested bed/table/cabinet/chair/lighting scope; exact mesh or interactive state unavailable,True,"2102, 60, -13",0,1,Block{minecraft:air},0,0
lostschool_2:entity:12145,lostschool_2,models/props_interiors/waterbottle.mdl,"[1270.41, 322.0, -554.0]","[0.0, 178.5, 0.0]",1.0,[],,unmapped,,,False,False,,,,0,owner-reviewed model group; outside requested bed/table/cabinet/chair/lighting scope; exact mesh or interactive state unavailable,True,"2101, 58, -13",0,1,Block{minecraft:air},0,0
lostschool_2:entity:12149,lostschool_2,models/props_interiors/waterbottle.mdl,"[1269.97, 305.006, -554.0]","[0.0, 178.5, 0.0]",1.0,[],,unmapped,,,False,False,,,,0,owner-reviewed model group; outside requested bed/table/cabinet/chair/lighting scope; exact mesh or interactive state unavailable,True,"2101, 58, -13",0,1,Block{minecraft:air},0,0
lostschool_2:entity:12153,lostschool_2,models/props_interiors/waterbottle.mdl,"[1288.35, 319.53, -554.0]","[0.0, 178.5, 0.0]",1.0,[],,unmapped,,,False,False,,,,0,owner-reviewed model group; outside requested bed/table/cabinet/chair/lighting scope; exact mesh or interactive state unavailable,True,"2102, 58, -13",0,0,Block{minecraft:air},0,0
lostschool_2:entity:12157,lostschool_2,models/props_interiors/waterbottle.mdl,"[1286.46, 285.567, -554.0]","[0.0, 178.5, 0.0]",1.0,[],,unmapped,,,False,False,,,,0,owner-reviewed model group; outside requested bed/table/cabinet/chair/lighting scope; exact mesh or interactive state unavailable,True,"2102, 58, -12",0,1,Block{minecraft:air},0,0
lostschool_2:entity:12161,lostschool_2,models/props_interiors/waterbottle.mdl,"[1285.91, 302.588, -554.0]","[0.0, 178.5, 0.0]",1.0,[],,unmapped,,,False,False,,,,0,owner-reviewed model group; outside requested bed/table/cabinet/chair/lighting scope; exact mesh or interactive state unavailable,True,"2102, 58, -13",0,0,Block{minecraft:air},0,0
lostschool_2:entity:19748,lostschool_2,models/props_mill/elevator01_cagedoor02.mdl,"[1076.0, 293.0, -501.0]","[-90.0, 0.0, 0.0]",1.0,[],,unmapped,,,False,False,,,,0,owner-reviewed: separate opening/control geometry; preserve native room/checkpoint door behaviour; no static fake closed doors,True,"2093, 60, -12",0,11,Block{minecraft:air},0,0
lostschool_2:entity:19752,lostschool_2,models/props_mill/elevator01_cagedoor02.mdl,"[1075.0, 293.0, -501.0]","[89.5, 0.0, 0.0]",1.0,[],,unmapped,,,False,False,,,,0,owner-reviewed: separate opening/control geometry; preserve native room/checkpoint door behaviour; no static fake closed doors,True,"2093, 60, -12",0,11,Block{minecraft:air},0,0
lostschool_2:entity:21906,lostschool_2,models/props_mill/freightelevatorbutton01.mdl,"[1556.0, 309.0, -483.517]","[0.0, 180.5, 0.0]",1.0,[],,unmapped,,,False,False,,,,0,owner-reviewed model group; outside requested bed/table/cabinet/chair/lighting scope; exact mesh or interactive state unavailable,True,"2113, 61, -13",0,0,Block{minecraft:white_concrete},0,0
lostschool_2:entity:27279,lostschool_2,models/destruction_tanker/destruction_tanker_rear.mdl,"[601.724, 792.493, -497.755]","[0.0, 0.0, 11.5]",1.0,[],,unmapped,,,False,False,,,,0,owner-reviewed: large vehicle/setpiece or scripted control; outside furniture/light template scope; exact mesh/animation absent,True,"2073, 60, -33",0,15,Block{minecraft:air},0,0
lostschool_2:entity:27399,lostschool_2,models/props_street/barricade_unique.mdl,"[2103.45, 768.0, -582.0]","[0.0, 276.5, 0.0]",1.0,[],,unmapped,,,False,False,,,,0,owner-reviewed: access/structural or breakable geometry; preserve verified native NAV and passage layout; Source collision/damage model absent,True,"2136, 57, -32",0,15,Block{minecraft:air},0,0
lostschool_2:entity:28245,lostschool_2,models/props_doors/checkpoint_door_-02.mdl,"[-1030.0, 335.0, -508.0]","[0.0, 180.0, 0.0]",1.0,[],,unmapped,,,False,False,,,,0,owner-reviewed: separate opening/control geometry; preserve native room/checkpoint door behaviour; no static fake closed doors,True,"2005, 60, -14",0,0,Block{minecraft:air},0,0
lostschool_2:entity:38360,lostschool_2,models/props_vehicles/radio_generator_fillup.mdl,"[1308.0, 743.0, -554.0]","[0.0654215, 181.499, 32.5009]",1.0,[],,unmapped,,,False,False,,,,0,owner-reviewed: large vehicle/setpiece or scripted control; outside furniture/light template scope; exact mesh/animation absent,True,"2103, 58, -31",2,15,Block{minecraft:air},0,0
lostschool_3:staticprop:0,lostschool_3,models/props_vehicles/cara_82hatchback_wrecked.mdl,"[555.8270263671875, 9.0, 65.0]","[7.9969401359558105, 311.3710021972656, -8.976289749145508]",1.0,[],,unmapped,,,False,False,,,,0,owner-reviewed: large vehicle/setpiece or scripted control; outside furniture/light template scope; exact mesh/animation absent,True,"4119, 84, 0",8,5,Block{minecraft:air},0,0
lostschool_3:staticprop:1,lostschool_3,models/props_equipment/surgicaltray_01.mdl,"[490.0, -2996.0, -5.0]","[0.0, 88.5, 0.0]",1.0,[],medical_cart,placed_display,"[4116, 79, 125]","[0.0, 0.0, 0.0]",True,False,1.0,reviewed_accessory_requires_pose_preserving_display,zero-hitbox Source-pose display,10,,True,"4116, 80, 125",0,15,Block{minecraft:air},0,10
lostschool_3:staticprop:2,lostschool_3,models/props_vehicles/police_car_rural.mdl,"[301.0, -987.0, 180.0]","[0.0, 303.5, 0.0]",1.0,[],,unmapped,,,False,False,,,,0,owner-reviewed: large vehicle/setpiece or scripted control; outside furniture/light template scope; exact mesh/animation absent,True,"4109, 89, 41",7,0,Block{minecraft:air},0,0
lostschool_3:staticprop:3,lostschool_3,models/props_vehicles/airplane_piperwreck.mdl,"[383.0, -973.0, 182.0]","[0.0, 62.5, 0.0]",1.0,[],,unmapped,,,False,False,,,,0,owner-reviewed: large vehicle/setpiece or scripted control; outside furniture/light template scope; exact mesh/animation absent,True,"4112, 89, 41",7,0,Block{minecraft:air},0,0
lostschool_3:staticprop:4,lostschool_3,models/c1_chargerexit/mall_rampbundle.mdl,"[472.8080139160156, -806.0, 42.0]","[0.0, 0.0, 8.5]",1.0,[],,unmapped,,,False,False,,,,0,owner-reviewed: access/structural or breakable geometry; preserve verified native NAV and passage layout; Source collision/damage model absent,True,"4116, 83, 34",5,0,Block{minecraft:air},0,0
lostschool_3:staticprop:5,lostschool_3,models/props/cs_militia/boxes_frontroom.mdl,"[498.0, -907.0, 40.0]","[-5.498109817504883, 88.49310302734375, 0.14441700279712677]",1.0,[],crate,placed_display,"[4117, 82, 38]","[0.0, 0.5, 0.0]",True,False,1.0,tilted_or_scaled_model,zero-hitbox Source-pose display,1,,True,"4117, 83, 38",4,0,Block{minecraft:air},0,1
lostschool_3:staticprop:6,lostschool_3,models/props/cs_militia/boxes_frontroom.mdl,"[498.0, -794.0, 56.0]","[-5.498109817504883, 88.49310302734375, 0.14441700279712677]",1.0,[],crate,placed_display,"[4117, 82, 33]","[0.0, 0.0, 0.0]",True,False,1.0,tilted_or_scaled_model,zero-hitbox Source-pose display,1,,True,"4117, 83, 33",3,0,Block{minecraft:air},0,1
lostschool_3:staticprop:7,lostschool_3,models/props/cs_militia/boxes_frontroom.mdl,"[473.0, -856.0, 108.0]","[5.441870212554932, 263.9939880371094, -1.0049099922180176]",1.0,[],crate,placed_display,"[4116, 84, 36]","[0.0, 0.0, 0.0]",True,False,1.0,tilted_or_scaled_model,zero-hitbox Source-pose display,1,,True,"4116, 85, 36",5,0,Block{minecraft:air},0,1
lostschool_3:staticprop:8,lostschool_3,models/props/cs_militia/boxes_frontroom.mdl,"[473.0, -765.0, 115.0]","[5.441870212554932, 182.49400329589844, -1.0049099922180176]",1.0,[],crate,placed_display,"[4116, 84, 32]","[0.0, 0.0, 0.0]",True,False,1.0,tilted_or_scaled_model,zero-hitbox Source-pose display,1,,True,"4116, 85, 32",4,0,Block{minecraft:air},0,1
lostschool_3:staticprop:9,lostschool_3,models/props_c17/handrail04_doublerise.mdl,"[1235.030029296875, -643.6119995117188, 223.90699768066406]","[0.0, 179.5, 0.0]",1.0,[],,unmapped,,,False,False,,,,0,owner-reviewed: access/structural or breakable geometry; preserve verified native NAV and passage layout; Source collision/damage model absent,True,"4147, 90, 27",7,0,Block{minecraft:air},0,0
lostschool_3:staticprop:10,lostschool_3,models/props_c17/handrail04_doublerise.mdl,"[1235.0, -639.0, 107.36499786376953]","[0.0, 359.5, 0.8567090034484863]",1.0,[],,unmapped,,,False,False,,,,0,owner-reviewed: access/structural or breakable geometry; preserve verified native NAV and passage layout; Source collision/damage model absent,True,"4147, 86, 27",11,0,Block{minecraft:air},0,0
lostschool_3:staticprop:11,lostschool_3,models/deadbodies/dead_male_sittingchair.mdl,"[1111.0, -1311.0, 31.0]","[0.0, 89.5, 0.0]",1.0,[],,unmapped,,,False,False,,,,0,owner-reviewed: compound corpse/setpiece mesh; generic furniture boxes would misrepresent it; exact Source mesh absent,True,"4142, 82, 55",0,0,Block{minecraft:white_concrete},0,0
lostschool_3:staticprop:12,lostschool_3,models/props_interiors/desk_executive.mdl,"[1125.0, -1243.0, 31.0]","[0.0, 269.5, 0.0]",1.0,[],table,placed,"[4143, 82, 52]",0,False,True,,,,0,,True,"4143, 83, 52",0,0,"Block{minecraft:spruce_slab}[type=bottom,waterlogged=false]",0,0
lostschool_3:staticprop:13,lostschool_3,models/props_interiors/desk_metal.mdl,"[1096.0, -1012.0, 31.0]","[0.0, 1.0, 0.0]",1.0,[],table,placed_display,"[4142, 82, 42]","[0.0, 0.708333, 0.0]",True,False,1.0,protected_navigation_or_gameplay,zero-hitbox Source-pose display,5,,True,"4142, 83, 42",1,0,Block{minecraft:air},0,5
lostschool_3:staticprop:14,lostschool_3,models/props_office/filecabinet01group.mdl,"[1415.0, -1318.0, 32.0]","[0.0, 90.5, 0.0]",1.0,[],cabinet,placed_display,"[4155, 82, 54]","[-0.008727, 0.666667, -0.999962]",True,False,1.0,no_support_at_source_xz,zero-hitbox Source-pose display,4,,True,"4155, 83, 54",0,0,Block{minecraft:air},0,4
lostschool_3:staticprop:15,lostschool_3,models/props_office/filecabinet01group.mdl,"[1351.0, -1318.0, 32.0]","[0.0, 90.5, 0.0]",1.0,[],cabinet,placed_display,"[4152, 82, 54]","[-0.008727, 0.666667, -0.999962]",True,False,1.0,no_support_at_source_xz,zero-hitbox Source-pose display,4,,True,"4152, 83, 54",0,0,Block{minecraft:air},0,4
lostschool_3:staticprop:16,lostschool_3,models/props_office/filecabinet01group.mdl,"[1415.0, -1318.0, 95.0]","[0.0, 90.5, 0.0]",1.0,[],cabinet,placed_display,"[4155, 83, 54]","[-0.008727, 0.0, -0.999962]",True,False,1.0,no_support_at_source_xz,zero-hitbox Source-pose display,4,,True,"4155, 84, 54",0,0,Block{minecraft:air},0,4
lostschool_3:staticprop:17,lostschool_3,models/props_office/filecabinet01group.mdl,"[1351.0, -1318.0, 95.0]","[0.0, 90.5, 0.0]",1.0,[],cabinet,placed_display,"[4152, 83, 54]","[-0.008727, 0.0, -0.999962]",True,False,1.0,no_support_at_source_xz,zero-hitbox Source-pose display,4,,True,"4152, 84, 54",0,0,Block{minecraft:air},0,4
lostschool_3:staticprop:18,lostschool_3,models/props_interiors/desk_executive.mdl,"[1219.0, -1243.0, 31.0]","[0.0, 269.5, 0.0]",1.0,[],table,placed,"[4147, 82, 52]",0,False,True,,,,0,,True,"4147, 83, 52",2,0,"Block{minecraft:spruce_slab}[type=bottom,waterlogged=false]",0,0
lostschool_3:staticprop:19,lostschool_3,models/props_interiors/desk_executive.mdl,"[1399.0, -1107.0, 31.0]","[0.0, 269.5, 0.0]",1.0,[],table,placed,"[4154, 82, 46]",0,False,True,,,,0,,True,"4154, 83, 46",9,0,"Block{minecraft:spruce_slab}[type=bottom,waterlogged=false]",0,0
lostschool_3:staticprop:20,lostschool_3,models/props_interiors/desk_executive.mdl,"[1306.0, -1108.0, 31.0]","[0.0, 269.5, 0.0]",1.0,[],table,placed,"[4150, 82, 46]",0,False,True,,,,0,,True,"4150, 83, 46",5,0,"Block{minecraft:spruce_slab}[type=bottom,waterlogged=false]",0,0
lostschool_3:staticprop:21,lostschool_3,models/props/cs_assault/light_shop2.mdl,"[1253.0, -1149.0, 275.0]","[0.0, 0.0, 0.0]",1.0,[],fixture,placed_display,"[4148, 90, 48]","[0.0, -0.5, 0.0]",True,False,1.0,existing_geometry_or_prior_prop,zero-hitbox Source-pose display,2,,True,"4148, 91, 48",15,0,Block{minecraft:sea_lantern},0,2
lostschool_3:staticprop:22,lostschool_3,models/props_waterfront/door02_80_136_redlight.mdl,"[1428.0, -808.0, 31.0]","[0.0, 180.5, 0.0]",1.0,[],,unmapped,,,False,False,,,,0,owner-reviewed: separate opening/control geometry; preserve native room/checkpoint door behaviour; no static fake closed doors,True,"4156, 82, 34",12,7,Block{minecraft:air},0,0
lostschool_3:staticprop:23,lostschool_3,models/props_c17/handrail04_doublerise.mdl,"[1235.0, -633.0, 329.364990234375]","[0.0, 359.5, 0.8567090034484863]",1.0,[],,unmapped,,,False,False,,,,0,owner-reviewed: access/structural or breakable geometry; preserve verified native NAV and passage layout; Source collision/damage model absent,True,"4147, 95, 26",1,0,Block{minecraft:air},0,0
lostschool_3:staticprop:24,lostschool_3,models/props_c17/handrail04_doublerise.mdl,"[1235.030029296875, -637.6119995117188, 445.9070129394531]","[0.0, 179.5, 0.0]",1.0,[],,unmapped,,,False,False,,,,0,owner-reviewed: access/structural or breakable geometry; preserve verified native NAV and passage layout; Source collision/damage model absent,True,"4147, 100, 27",0,0,Block{minecraft:light_gray_concrete},0,0
lostschool_3:staticprop:25,lostschool_3,models/props_downtown/metal_door_doublewide_112_16_frame.mdl,"[1441.0, -889.0, 250.0]","[0.0, 0.0, 0.0]",1.0,[],,unmapped,,,False,False,,,,0,owner-reviewed: separate opening/control geometry; preserve native room/checkpoint door behaviour; no static fake closed doors,True,"4156, 92, 37",0,0,Block{minecraft:white_concrete},0,0
lostschool_3:staticprop:26,lostschool_3,models/props_waterfront/door02_80_136_redlight.mdl,"[1454.0, -888.0, 31.0]","[0.0, 0.49998900294303894, 0.0]",1.0,[],,unmapped,,,False,False,,,,0,owner-reviewed: separate opening/control geometry; preserve native room/checkpoint door behaviour; no static fake closed doors,True,"4157, 82, 37",12,10,Block{minecraft:air},0,0
lostschool_3:staticprop:27,lostschool_3,models/props_c17/handrail04_brokenlong.mdl,"[2121.0, -983.0, 260.0]","[0.0, 89.5, 0.0]",1.0,[],,unmapped,,,False,False,,,,0,owner-reviewed: access/structural or breakable geometry; preserve verified native NAV and passage layout; Source collision/damage model absent,True,"4184, 92, 41",0,15,Block{minecraft:air},0,0
lostschool_3:staticprop:28,lostschool_3,models/props_waterfront/door02_80_136_redlight.mdl,"[2164.0, -859.0, 31.0]","[0.0, 180.5, 0.0]",1.0,[],,unmapped,,,False,False,,,,0,owner-reviewed: separate opening/control geometry; preserve native room/checkpoint door behaviour; no static fake closed doors,True,"4186, 82, 36",4,8,Block{minecraft:air},0,0
lostschool_3:staticprop:29,lostschool_3,models/props_downtown/metal_door_doublewide_112_16_frame.mdl,"[2177.0, -940.0, 250.0]","[0.0, 0.0, 0.0]",1.0,[],,unmapped,,,False,False,,,,0,owner-reviewed: separate opening/control geometry; preserve native room/checkpoint door behaviour; no static fake closed doors,True,"4187, 92, 39",0,0,Block{minecraft:white_concrete},0,0
lostschool_3:staticprop:30,lostschool_3,models/props_c17/handrail04_long.mdl,"[2130.0, -687.0, 271.0]","[0.0, 270.0, 0.0]",1.0,[],,unmapped,,,False,False,,,,0,owner-reviewed: access/structural or breakable geometry; preserve verified native NAV and passage layout; Source collision/damage model absent,True,"4185, 92, 29",0,15,Block{minecraft:air},0,0
lostschool_3:staticprop:31,lostschool_3,models/props_c17/handrail04_doublerise.mdl,"[1235.0, -631.5020141601562, 544.4550170898438]","[0.0, 359.5, 0.8567090034484863]",1.0,[],,unmapped,,,False,False,,,,0,owner-reviewed: access/structural or breakable geometry; preserve verified native NAV and passage layout; Source collision/damage model absent,True,"4147, 104, 26",0,0,Block{minecraft:air},0,0
lostschool_3:staticprop:32,lostschool_3,models/props_vehicles/racecar_damaged.mdl,"[1924.0, -99.0, 38.0]","[0.0, 44.0, 0.0]",1.0,[],,unmapped,,,False,False,,,,0,owner-reviewed: large vehicle/setpiece or scripted control; outside furniture/light template scope; exact mesh/animation absent,True,"4176, 83, 4",0,15,Block{minecraft:air},0,0
lostschool_3:staticprop:33,lostschool_3,models/props_equipment/cargo_container01.mdl,"[1650.0, 52.0, 29.0]","[0.0, 273.0, 0.0]",1.0,[],shipping_container,placed_display,"[4165, 81, -2]","[0.0, 0.0, 0.0]",True,False,1.0,reviewed_accessory_requires_pose_preserving_display,zero-hitbox Source-pose display,2,,True,"4165, 82, -2",0,15,Block{minecraft:air},0,2
lostschool_3:staticprop:34,lostschool_3,models/props_equipment/cargo_container01.mdl,"[1992.0, 67.0, 29.0]","[0.0, 228.5, 0.0]",1.0,[],shipping_container,placed_display,"[4179, 81, -3]","[0.0, 0.0, 0.0]",True,False,1.0,reviewed_accessory_requires_pose_preserving_display,zero-hitbox Source-pose display,2,,True,"4179, 82, -3",0,15,Block{minecraft:air},0,2
lostschool_3:staticprop:35,lostschool_3,models/props_equipment/cargo_container01.mdl,"[1872.0, 76.0, 157.0]","[0.0, 87.0, 0.0]",1.0,[],shipping_container,placed_display,"[4174, 86, -3]","[0.0, 0.0, 0.0]",True,False,1.0,reviewed_accessory_requires_pose_preserving_display,zero-hitbox Source-pose display,2,,True,"4174, 87, -3",0,15,Block{minecraft:air},0,2
lostschool_3:staticprop:36,lostschool_3,models/props_downtown/railing04_256.mdl,"[1029.52001953125, -2076.0, 150.0]","[0.0, 270.0, 0.0]",1.0,[],,unmapped,,,False,False,,,,0,owner-reviewed: access/structural or breakable geometry; preserve verified native NAV and passage layout; Source collision/damage model absent,True,"4139, 87, 87",0,15,Block{minecraft:air},0,0
lostschool_3:staticprop:37,lostschool_3,models/props_downtown/railing04_256.mdl,"[775.0, -2076.0, 152.0]","[0.0, 270.0, 0.0]",1.0,[],,unmapped,,,False,False,,,,0,owner-reviewed: access/structural or breakable geometry; preserve verified native NAV and passage layout; Source collision/damage model absent,True,"4128, 87, 87",0,15,Block{minecraft:air},0,0
lostschool_3:staticprop:38,lostschool_3,models/props_downtown/railing04_256.mdl,"[520.52197265625, -2076.0, 152.0]","[0.0, 270.0, 0.0]",1.0,[],,unmapped,,,False,False,,,,0,owner-reviewed: access/structural or breakable geometry; preserve verified native NAV and passage layout; Source collision/damage model absent,True,"4118, 87, 87",0,15,Block{minecraft:air},0,0
lostschool_3:staticprop:39,lostschool_3,models/props_downtown/railing04_256.mdl,"[2044.0, -2074.0, 150.0]","[0.0, 270.0, 0.0]",1.0,[],,unmapped,,,False,False,,,,0,owner-reviewed: access/structural or breakable geometry; preserve verified native NAV and passage layout; Source collision/damage model absent,True,"4181, 87, 86",0,15,Block{minecraft:air},0,0
lostschool_3:staticprop:40,lostschool_3,models/props_downtown/railing04_256.mdl,"[1538.0, -2074.0, 150.0]","[0.0, 270.0, 0.0]",1.0,[],,unmapped,,,False,False,,,,0,owner-reviewed: access/structural or breakable geometry; preserve verified native NAV and passage layout; Source collision/damage model absent,True,"4160, 87, 86",0,15,Block{minecraft:air},0,0
lostschool_3:staticprop:41,lostschool_3,models/props_downtown/railing04_256.mdl,"[1791.0, -2074.0, 150.0]","[0.0, 270.0, 0.0]",1.0,[],,unmapped,,,False,False,,,,0,owner-reviewed: access/structural or breakable geometry; preserve verified native NAV and passage layout; Source collision/damage model absent,True,"4171, 87, 86",0,15,Block{minecraft:air},0,0
lostschool_3:staticprop:42,lostschool_3,models/props_vehicles/racecar_damaged.mdl,"[2646.0, -1692.0, 24.369800567626953]","[0.0, 46.0, 0.0]",1.0,[],,unmapped,,,False,False,,,,0,owner-reviewed: large vehicle/setpiece or scripted control; outside furniture/light template scope; exact mesh/animation absent,True,"4206, 82, 71",0,15,Block{minecraft:air},0,0
lostschool_3:staticprop:43,lostschool_3,models/props_vehicles/train_orecar.mdl,"[2325.0, -1525.0, 25.0]","[0.0, 1.5, 0.0]",1.0,[],,unmapped,,,False,False,,,,0,owner-reviewed: large vehicle/setpiece or scripted control; outside furniture/light template scope; exact mesh/animation absent,True,"4193, 82, 64",0,15,Block{minecraft:air},0,0
lostschool_3:staticprop:44,lostschool_3,models/props_vehicles/train_enginecar.mdl,"[582.0, -1632.0, 24.0]","[0.0, 57.0, 0.0]",1.0,[],,unmapped,,,False,False,,,,0,owner-reviewed: large vehicle/setpiece or scripted control; outside furniture/light template scope; exact mesh/animation absent,True,"4120, 82, 68",0,15,Block{minecraft:air},0,0
lostschool_3:staticprop:45,lostschool_3,models/props_vehicles/train_orecar.mdl,"[621.0, -1996.0, 23.0]","[0.0, 1.5, 0.0]",1.0,[],,unmapped,,,False,False,,,,0,owner-reviewed: large vehicle/setpiece or scripted control; outside furniture/light template scope; exact mesh/animation absent,True,"4122, 82, 83",0,15,Block{minecraft:air},0,0
lostschool_3:staticprop:46,lostschool_3,models/props_downtown/railing04_256.mdl,"[2294.0, -2074.0, 150.0]","[0.0, 270.0, 0.0]",1.0,[],,unmapped,,,False,False,,,,0,owner-reviewed: access/structural or breakable geometry; preserve verified native NAV and passage layout; Source collision/damage model absent,True,"4192, 87, 86",0,15,Block{minecraft:air},0,0
lostschool_3:staticprop:47,lostschool_3,models/props_downtown/railing04_256.mdl,"[2547.0, -2074.0, 150.0]","[0.0, 270.0, 0.0]",1.0,[],,unmapped,,,False,False,,,,0,owner-reviewed: access/structural or breakable geometry; preserve verified native NAV and passage layout; Source collision/damage model absent,True,"4202, 87, 86",0,15,Block{minecraft:air},0,0
lostschool_3:staticprop:48,lostschool_3,models/props_downtown/railing04_256.mdl,"[2800.0, -2074.0, 150.0]","[0.0, 270.0, 0.0]",1.0,[],,unmapped,,,False,False,,,,0,owner-reviewed: access/structural or breakable geometry; preserve verified native NAV and passage layout; Source collision/damage model absent,True,"4213, 87, 86",0,15,Block{minecraft:air},0,0
lostschool_3:staticprop:49,lostschool_3,models/props_downtown/railing04_256.mdl,"[3055.0, -2074.0, 150.0]","[0.0, 270.0, 0.0]",1.0,[],,unmapped,,,False,False,,,,0,owner-reviewed: access/structural or breakable geometry; preserve verified native NAV and passage layout; Source collision/damage model absent,True,"4223, 87, 86",0,15,Block{minecraft:air},0,0
lostschool_3:staticprop:50,lostschool_3,models/props_downtown/railing04_256.mdl,"[3308.0, -2074.0, 150.0]","[0.0, 270.0, 0.0]",1.0,[],,unmapped,,,False,False,,,,0,owner-reviewed: access/structural or breakable geometry; preserve verified native NAV and passage layout; Source collision/damage model absent,True,"4234, 87, 86",0,15,Block{minecraft:air},0,0
lostschool_3:staticprop:51,lostschool_3,models/props_downtown/railing04_256.mdl,"[3561.0, -2074.0, 150.0]","[0.0, 270.0, 0.0]",1.0,[],,unmapped,,,False,False,,,,0,owner-reviewed: access/structural or breakable geometry; preserve verified native NAV and passage layout; Source collision/damage model absent,True,"4244, 87, 86",0,15,Block{minecraft:air},0,0
lostschool_3:staticprop:52,lostschool_3,models/props_downtown/railing04_256.mdl,"[3811.0, -2074.0, 150.0]","[0.0, 270.0, 0.0]",1.0,[],,unmapped,,,False,False,,,,0,owner-reviewed: access/structural or breakable geometry; preserve verified native NAV and passage layout; Source collision/damage model absent,True,"4255, 87, 86",0,15,Block{minecraft:air},0,0
lostschool_3:staticprop:53,lostschool_3,models/props_downtown/railing04_256.mdl,"[4064.0, -2074.0, 150.0]","[0.0, 270.0, 0.0]",1.0,[],,unmapped,,,False,False,,,,0,owner-reviewed: access/structural or breakable geometry; preserve verified native NAV and passage layout; Source collision/damage model absent,True,"4265, 87, 86",0,15,Block{minecraft:air},0,0
lostschool_3:staticprop:54,lostschool_3,models/props_downtown/railing04_256.mdl,"[4317.0, -2074.0, 150.0]","[0.0, 270.0, 0.0]",1.0,[],,unmapped,,,False,False,,,,0,owner-reviewed: access/structural or breakable geometry; preserve verified native NAV and passage layout; Source collision/damage model absent,True,"4276, 87, 86",0,15,Block{minecraft:air},0,0
lostschool_3:staticprop:55,lostschool_3,models/props_downtown/railing04_256.mdl,"[-242.9980010986328, -2076.0, 152.0]","[0.0, 270.0, 0.0]",1.0,[],,unmapped,,,False,False,,,,0,owner-reviewed: access/structural or breakable geometry; preserve verified native NAV and passage layout; Source collision/damage model absent,True,"4086, 87, 87",0,15,Block{minecraft:air},0,0
lostschool_3:staticprop:56,lostschool_3,models/props_downtown/railing04_256.mdl,"[11.479999542236328, -2076.0, 152.0]","[0.0, 270.0, 0.0]",1.0,[],,unmapped,,,False,False,,,,0,owner-reviewed: access/structural or breakable geometry; preserve verified native NAV and passage layout; Source collision/damage model absent,True,"4096, 87, 87",0,15,Block{minecraft:air},0,0
lostschool_3:staticprop:57,lostschool_3,models/props_downtown/railing04_256.mdl,"[266.0, -2076.0, 150.0]","[0.0, 270.0, 0.0]",1.0,[],,unmapped,,,False,False,,,,0,owner-reviewed: access/structural or breakable geometry; preserve verified native NAV and passage layout; Source collision/damage model absent,True,"4107, 87, 87",0,15,Block{minecraft:air},0,0
lostschool_3:staticprop:58,lostschool_3,models/props_misc/fairground_tent_closed.mdl,"[1571.0, -2438.0, -43.0]","[0.0, 0.0, 0.0]",1.0,[],,unmapped,,,False,False,,,,0,owner-reviewed: large foliage/tent geometry; exact silhouette/base-game mesh absent,True,"4161, 79, 102",0,15,Block{minecraft:air},0,0
lostschool_3:staticprop:59,lostschool_3,models/props_misc/fairground_tent_board.mdl,"[1570.0, -2571.0, -43.0]","[0.0, 0.0, 0.0]",1.0,[],,unmapped,,,False,False,,,,0,owner-reviewed: large foliage/tent geometry; exact silhouette/base-game mesh absent,True,"4161, 79, 107",0,15,Block{minecraft:air},0,0
lostschool_3:staticprop:60,lostschool_3,models/props_misc/fairground_tent_open.mdl,"[430.0, -2160.0, -62.0]","[0.0, 0.0, 0.0]",1.0,[],,unmapped,,,False,False,,,,0,owner-reviewed: large foliage/tent geometry; exact silhouette/base-game mesh absent,True,"4114, 79, 90",0,15,Block{minecraft:air},0,0
lostschool_3:staticprop:61,lostschool_3,models/props_misc/triage_tent.mdl,"[950.0, -2276.0, -60.0]","[0.0, 0.0, 0.0]",1.0,[],,unmapped,,,False,False,,,,0,owner-reviewed: large foliage/tent geometry; exact silhouette/base-game mesh absent,True,"4136, 79, 95",0,15,Block{minecraft:air},0,0
lostschool_3:staticprop:62,lostschool_3,models/props_downtown/sign_donotenter.mdl,"[1140.0, -2061.0, 130.0]","[0.0, 89.5, 0.0]",1.0,[],,unmapped,,,False,False,,,,0,owner-reviewed: large foliage/tent geometry; exact silhouette/base-game mesh absent,True,"4144, 87, 86",0,15,Block{minecraft:air},0,0
lostschool_3:staticprop:63,lostschool_3,models/props_misc/triage_tent.mdl,"[1113.0, -3114.0, -41.0]","[0.0, 0.0, 0.0]",1.0,[],,unmapped,,,False,False,,,,0,owner-reviewed: large foliage/tent geometry; exact silhouette/base-game mesh absent,True,"4142, 79, 130",0,15,Block{minecraft:air},0,0
lostschool_3:staticprop:64,lostschool_3,models/props_misc/fairground_tent_closed.mdl,"[1017.0, -2537.0, -62.0]","[0.0, 0.0, 0.0]",1.0,[],,unmapped,,,False,False,,,,0,owner-reviewed: large foliage/tent geometry; exact silhouette/base-game mesh absent,True,"4138, 79, 106",0,15,Block{minecraft:air},0,0
lostschool_3:staticprop:65,lostschool_3,models/props_misc/fairground_tent_closed.mdl,"[889.0, -2531.0, -62.0]","[0.0, 0.0, 0.0]",1.0,[],,unmapped,,,False,False,,,,0,owner-reviewed: large foliage/tent geometry; exact silhouette/base-game mesh absent,True,"4133, 79, 105",0,15,Block{minecraft:air},0,0
lostschool_3:staticprop:66,lostschool_3,models/props_misc/fairground_tent_closed.mdl,"[887.0, -2661.0, -40.0]","[0.0, 0.0, 0.0]",1.0,[],,unmapped,,,False,False,,,,0,owner-reviewed: large foliage/tent geometry; exact silhouette/base-game mesh absent,True,"4133, 79, 111",0,15,Block{minecraft:air},0,0
lostschool_3:staticprop:67,lostschool_3,models/props_misc/fairground_tent_closed.mdl,"[1015.0, -2661.0, -40.0]","[0.0, 0.0, 0.0]",1.0,[],,unmapped,,,False,False,,,,0,owner-reviewed: large foliage/tent geometry; exact silhouette/base-game mesh absent,True,"4138, 79, 111",0,15,Block{minecraft:air},0,0
lostschool_3:staticprop:68,lostschool_3,models/props_misc/fairground_tent_board.mdl,"[1933.0, -4580.0, -63.0]","[0.0, 0.0, 0.0]",1.0,[],,unmapped,,,False,False,,,,0,owner-reviewed: large foliage/tent geometry; exact silhouette/base-game mesh absent,True,"4177, 78, 191",0,15,Block{minecraft:air},0,0
lostschool_3:staticprop:69,lostschool_3,models/props_misc/fairground_tent_closed.mdl,"[1934.0, -4447.0, -63.0]","[0.0, 0.0, 0.0]",1.0,[],,unmapped,,,False,False,,,,0,owner-reviewed: large foliage/tent geometry; exact silhouette/base-game mesh absent,True,"4177, 78, 185",0,15,Block{minecraft:air},0,0
lostschool_3:staticprop:70,lostschool_3,models/props_downtown/railing03_128.mdl,"[3292.909912109375, -5953.0, 397.0]","[0.0, 270.0, 0.0]",1.0,[],,unmapped,,,False,False,,,,0,owner-reviewed: access/structural or breakable geometry; preserve verified native NAV and passage layout; Source collision/damage model absent,True,"4233, 98, 248",0,15,Block{minecraft:air},0,0
lostschool_3:staticprop:71,lostschool_3,models/props_downtown/railing03_128.mdl,"[3420.93994140625, -5953.0, 397.0]","[0.0, 270.0, 0.0]",1.0,[],,unmapped,,,False,False,,,,0,owner-reviewed: access/structural or breakable geometry; preserve verified native NAV and passage layout; Source collision/damage model absent,True,"4239, 98, 248",0,15,Block{minecraft:air},0,0
lostschool_3:staticprop:72,lostschool_3,models/props_downtown/railing03_128.mdl,"[3676.9599609375, -5953.0, 397.0]","[0.0, 270.0, 0.0]",1.0,[],,unmapped,,,False,False,,,,0,owner-reviewed: access/structural or breakable geometry; preserve verified native NAV and passage layout; Source collision/damage model absent,True,"4249, 98, 248",0,15,Block{minecraft:air},0,0
lostschool_3:staticprop:73,lostschool_3,models/props_downtown/railing03_128.mdl,"[3548.93994140625, -5953.0, 397.0]","[0.0, 270.0, 0.0]",1.0,[],,unmapped,,,False,False,,,,0,owner-reviewed: access/structural or breakable geometry; preserve verified native NAV and passage layout; Source collision/damage model absent,True,"4244, 98, 248",0,15,Block{minecraft:air},0,0
lostschool_3:staticprop:74,lostschool_3,models/props_downtown/railing03_128.mdl,"[3164.93994140625, -5953.0, 397.0]","[0.0, 270.0, 0.0]",1.0,[],,unmapped,,,False,False,,,,0,owner-reviewed: access/structural or breakable geometry; preserve verified native NAV and passage layout; Source collision/damage model absent,True,"4228, 98, 248",0,15,Block{minecraft:air},0,0
lostschool_3:staticprop:75,lostschool_3,models/props_downtown/railing03_128.mdl,"[3036.909912109375, -5953.0, 397.0]","[0.0, 270.0, 0.0]",1.0,[],,unmapped,,,False,False,,,,0,owner-reviewed: access/structural or breakable geometry; preserve verified native NAV and passage layout; Source collision/damage model absent,True,"4223, 98, 248",0,15,Block{minecraft:air},0,0
lostschool_3:staticprop:76,lostschool_3,models/props_downtown/railing03_128.mdl,"[2908.909912109375, -5953.0, 397.0]","[0.0, 270.0, 0.0]",1.0,[],,unmapped,,,False,False,,,,0,owner-reviewed: access/structural or breakable geometry; preserve verified native NAV and passage layout; Source collision/damage model absent,True,"4217, 98, 248",0,15,Block{minecraft:air},0,0
lostschool_3:staticprop:77,lostschool_3,models/props_downtown/railing03_128.mdl,"[2780.889892578125, -5953.0, 397.0]","[0.0, 270.0, 0.0]",1.0,[],,unmapped,,,False,False,,,,0,owner-reviewed: access/structural or breakable geometry; preserve verified native NAV and passage layout; Source collision/damage model absent,True,"4212, 98, 248",0,15,Block{minecraft:air},0,0
lostschool_3:staticprop:78,lostschool_3,models/props_downtown/railing03_128.mdl,"[4188.97998046875, -5953.0, 397.0]","[0.0, 270.0, 0.0]",1.0,[],,unmapped,,,False,False,,,,0,owner-reviewed: access/structural or breakable geometry; preserve verified native NAV and passage layout; Source collision/damage model absent,True,"4271, 98, 248",0,15,Block{minecraft:air},0,0
lostschool_3:staticprop:79,lostschool_3,models/props_downtown/railing03_128.mdl,"[4060.9599609375, -5953.0, 397.0]","[0.0, 270.0, 0.0]",1.0,[],,unmapped,,,False,False,,,,0,owner-reviewed: access/structural or breakable geometry; preserve verified native NAV and passage layout; Source collision/damage model absent,True,"4265, 98, 248",0,15,Block{minecraft:air},0,0
lostschool_3:staticprop:80,lostschool_3,models/props_downtown/railing03_128.mdl,"[3932.9599609375, -5953.0, 397.0]","[0.0, 270.0, 0.0]",1.0,[],,unmapped,,,False,False,,,,0,owner-reviewed: access/structural or breakable geometry; preserve verified native NAV and passage layout; Source collision/damage model absent,True,"4260, 98, 248",0,15,Block{minecraft:air},0,0
lostschool_3:staticprop:81,lostschool_3,models/props_downtown/railing03_128.mdl,"[3804.93994140625, -5953.0, 397.0]","[0.0, 270.0, 0.0]",1.0,[],,unmapped,,,False,False,,,,0,owner-reviewed: access/structural or breakable geometry; preserve verified native NAV and passage layout; Source collision/damage model absent,True,"4255, 98, 248",0,15,Block{minecraft:air},0,0
lostschool_3:staticprop:82,lostschool_3,models/props_downtown/railing03_128.mdl,"[4316.9599609375, -5953.0, 397.0]","[0.0, 270.0, 0.0]",1.0,[],,unmapped,,,False,False,,,,0,owner-reviewed: access/structural or breakable geometry; preserve verified native NAV and passage layout; Source collision/damage model absent,True,"4276, 98, 248",0,15,Block{minecraft:air},0,0
lostschool_3:staticprop:83,lostschool_3,models/props_downtown/railing03_128.mdl,"[4444.97998046875, -5953.0, 397.0]","[0.0, 270.0, 0.0]",1.0,[],,unmapped,,,False,False,,,,0,owner-reviewed: access/structural or breakable geometry; preserve verified native NAV and passage layout; Source collision/damage model absent,True,"4281, 98, 248",0,15,Block{minecraft:air},0,0
lostschool_3:staticprop:84,lostschool_3,models/props_downtown/railing03_128.mdl,"[4572.97998046875, -5953.0, 397.0]","[0.0, 270.0, 0.0]",1.0,[],,unmapped,,,False,False,,,,0,owner-reviewed: access/structural or breakable geometry; preserve verified native NAV and passage layout; Source collision/damage model absent,True,"4287, 98, 248",0,15,Block{minecraft:air},0,0
lostschool_3:staticprop:85,lostschool_3,models/props_downtown/railing03_128.mdl,"[4701.0, -5953.0, 397.0]","[0.0, 270.0, 0.0]",1.0,[],,unmapped,,,False,False,,,,0,owner-reviewed: access/structural or breakable geometry; preserve verified native NAV and passage layout; Source collision/damage model absent,True,"4292, 98, 248",0,15,Block{minecraft:air},0,0
lostschool_3:staticprop:86,lostschool_3,models/props_downtown/railing03_128.mdl,"[2012.8499755859375, -5953.0, 397.0]","[0.0, 270.0, 0.0]",1.0,[],,unmapped,,,False,False,,,,0,owner-reviewed: access/structural or breakable geometry; preserve verified native NAV and passage layout; Source collision/damage model absent,True,"4180, 98, 248",0,15,Block{minecraft:air},0,0
lostschool_3:staticprop:87,lostschool_3,models/props_downtown/railing03_128.mdl,"[1884.8499755859375, -5953.0, 397.0]","[0.0, 270.0, 0.0]",1.0,[],,unmapped,,,False,False,,,,0,owner-reviewed: access/structural or breakable geometry; preserve verified native NAV and passage layout; Source collision/damage model absent,True,"4175, 98, 248",0,15,Block{minecraft:air},0,0
lostschool_3:staticprop:88,lostschool_3,models/props_downtown/railing03_128.mdl,"[1756.8299560546875, -5953.0, 397.0]","[0.0, 270.0, 0.0]",1.0,[],,unmapped,,,False,False,,,,0,owner-reviewed: access/structural or breakable geometry; preserve verified native NAV and passage layout; Source collision/damage model absent,True,"4169, 98, 248",0,15,Block{minecraft:air},0,0
lostschool_3:staticprop:89,lostschool_3,models/props_downtown/railing03_128.mdl,"[2524.8701171875, -5953.0, 397.0]","[0.0, 270.0, 0.0]",1.0,[],,unmapped,,,False,False,,,,0,owner-reviewed: access/structural or breakable geometry; preserve verified native NAV and passage layout; Source collision/damage model absent,True,"4201, 98, 248",0,15,Block{minecraft:air},0,0
lostschool_3:staticprop:90,lostschool_3,models/props_downtown/railing03_128.mdl,"[2652.889892578125, -5953.0, 397.0]","[0.0, 270.0, 0.0]",1.0,[],,unmapped,,,False,False,,,,0,owner-reviewed: access/structural or breakable geometry; preserve verified native NAV and passage layout; Source collision/damage model absent,True,"4207, 98, 248",0,15,Block{minecraft:air},0,0
lostschool_3:staticprop:91,lostschool_3,models/props_downtown/railing03_128.mdl,"[1628.8499755859375, -5953.0, 397.0]","[0.0, 270.0, 0.0]",1.0,[],,unmapped,,,False,False,,,,0,owner-reviewed: access/structural or breakable geometry; preserve verified native NAV and passage layout; Source collision/damage model absent,True,"4164, 98, 248",0,15,Block{minecraft:air},0,0
lostschool_3:staticprop:92,lostschool_3,models/props_downtown/railing03_128.mdl,"[1500.8299560546875, -5953.0, 397.0]","[0.0, 270.0, 0.0]",1.0,[],,unmapped,,,False,False,,,,0,owner-reviewed: access/structural or breakable geometry; preserve verified native NAV and passage layout; Source collision/damage model absent,True,"4159, 98, 248",0,15,Block{minecraft:air},0,0
lostschool_3:staticprop:93,lostschool_3,models/props_downtown/railing03_128.mdl,"[1372.8299560546875, -5953.0, 397.0]","[0.0, 270.0, 0.0]",1.0,[],,unmapped,,,False,False,,,,0,owner-reviewed: access/structural or breakable geometry; preserve verified native NAV and passage layout; Source collision/damage model absent,True,"4153, 98, 248",0,15,Block{minecraft:air},0,0
lostschool_3:staticprop:94,lostschool_3,models/props_downtown/railing03_128.mdl,"[1244.81005859375, -5953.0, 397.0]","[0.0, 270.0, 0.0]",1.0,[],,unmapped,,,False,False,,,,0,owner-reviewed: access/structural or breakable geometry; preserve verified native NAV and passage layout; Source collision/damage model absent,True,"4148, 98, 248",0,15,Block{minecraft:air},0,0
lostschool_3:staticprop:95,lostschool_3,models/props_downtown/railing03_128.mdl,"[1116.8299560546875, -5953.0, 397.0]","[0.0, 270.0, 0.0]",1.0,[],,unmapped,,,False,False,,,,0,owner-reviewed: access/structural or breakable geometry; preserve verified native NAV and passage layout; Source collision/damage model absent,True,"4143, 98, 248",0,15,Block{minecraft:air},0,0
lostschool_3:staticprop:96,lostschool_3,models/props_downtown/railing03_128.mdl,"[988.8070068359375, -5953.0, 397.0]","[0.0, 270.0, 0.0]",1.0,[],,unmapped,,,False,False,,,,0,owner-reviewed: access/structural or breakable geometry; preserve verified native NAV and passage layout; Source collision/damage model absent,True,"4137, 98, 248",0,15,Block{minecraft:air},0,0
lostschool_3:staticprop:97,lostschool_3,models/props_downtown/railing03_128.mdl,"[860.8070068359375, -5953.0, 397.0]","[0.0, 270.0, 0.0]",1.0,[],,unmapped,,,False,False,,,,0,owner-reviewed: access/structural or breakable geometry; preserve verified native NAV and passage layout; Source collision/damage model absent,True,"4132, 98, 248",0,15,Block{minecraft:air},0,0
lostschool_3:staticprop:98,lostschool_3,models/props_downtown/railing03_128.mdl,"[732.7849731445312, -5953.0, 397.0]","[0.0, 270.0, 0.0]",1.0,[],,unmapped,,,False,False,,,,0,owner-reviewed: access/structural or breakable geometry; preserve verified native NAV and passage layout; Source collision/damage model absent,True,"4127, 98, 248",0,15,Block{minecraft:air},0,0
lostschool_3:staticprop:99,lostschool_3,models/props_downtown/railing03_128.mdl,"[92.87110137939453, -5953.0, 397.0]","[0.0, 270.0, 0.0]",1.0,[],,unmapped,,,False,False,,,,0,owner-reviewed: access/structural or breakable geometry; preserve verified native NAV and passage layout; Source collision/damage model absent,True,"4100, 98, 248",0,15,Block{minecraft:air},0,0
lostschool_3:staticprop:100,lostschool_3,models/props_downtown/railing03_128.mdl,"[-35.15039825439453, -5953.0, 397.0]","[0.0, 270.0, 0.0]",1.0,[],,unmapped,,,False,False,,,,0,owner-reviewed: access/structural or breakable geometry; preserve verified native NAV and passage layout; Source collision/damage model absent,True,"4095, 98, 248",0,15,Block{minecraft:air},0,0
lostschool_3:staticprop:101,lostschool_3,models/props_downtown/railing03_128.mdl,"[-163.14999389648438, -5953.0, 397.0]","[0.0, 270.0, 0.0]",1.0,[],,unmapped,,,False,False,,,,0,owner-reviewed: access/structural or breakable geometry; preserve verified native NAV and passage layout; Source collision/damage model absent,True,"4089, 98, 248",0,15,Block{minecraft:air},0,0
lostschool_3:staticprop:102,lostschool_3,models/props_downtown/railing03_128.mdl,"[-291.1719970703125, -5953.0, 397.0]","[0.0, 270.0, 0.0]",1.0,[],,unmapped,,,False,False,,,,0,owner-reviewed: access/structural or breakable geometry; preserve verified native NAV and passage layout; Source collision/damage model absent,True,"4084, 98, 248",0,15,Block{minecraft:air},0,0
lostschool_3:staticprop:103,lostschool_3,models/props_downtown/railing03_128.mdl,"[220.85000610351562, -5953.0, 397.0]","[0.0, 270.0, 0.0]",1.0,[],,unmapped,,,False,False,,,,0,owner-reviewed: access/structural or breakable geometry; preserve verified native NAV and passage layout; Source collision/damage model absent,True,"4105, 98, 248",0,15,Block{minecraft:air},0,0
lostschool_3:staticprop:104,lostschool_3,models/props_downtown/railing03_128.mdl,"[348.8710021972656, -5953.0, 397.0]","[0.0, 270.0, 0.0]",1.0,[],,unmapped,,,False,False,,,,0,owner-reviewed: access/structural or breakable geometry; preserve verified native NAV and passage layout; Source collision/damage model absent,True,"4111, 98, 248",0,15,Block{minecraft:air},0,0
lostschool_3:staticprop:105,lostschool_3,models/props_downtown/railing03_128.mdl,"[476.8710021972656, -5953.0, 397.0]","[0.0, 270.0, 0.0]",1.0,[],,unmapped,,,False,False,,,,0,owner-reviewed: access/structural or breakable geometry; preserve verified native NAV and passage layout; Source collision/damage model absent,True,"4116, 98, 248",0,15,Block{minecraft:air},0,0
lostschool_3:staticprop:106,lostschool_3,models/props_downtown/railing03_128.mdl,"[604.8930053710938, -5953.0, 397.0]","[0.0, 270.0, 0.0]",1.0,[],,unmapped,,,False,False,,,,0,owner-reviewed: access/structural or breakable geometry; preserve verified native NAV and passage layout; Source collision/damage model absent,True,"4121, 98, 248",0,15,Block{minecraft:air},0,0
lostschool_3:staticprop:107,lostschool_3,models/props_downtown/railing03_128.mdl,"[-419.1499938964844, -5953.0, 397.0]","[0.0, 270.0, 0.0]",1.0,[],,unmapped,,,False,False,,,,0,owner-reviewed: access/structural or breakable geometry; preserve verified native NAV and passage layout; Source collision/damage model absent,True,"4079, 98, 248",0,15,Block{minecraft:air},0,0
lostschool_3:staticprop:108,lostschool_3,models/props_downtown/railing03_128.mdl,"[-547.1719970703125, -5953.0, 397.0]","[0.0, 270.0, 0.0]",1.0,[],,unmapped,,,False,False,,,,0,owner-reviewed: access/structural or breakable geometry; preserve verified native NAV and passage layout; Source collision/damage model absent,True,"4073, 98, 248",0,15,Block{minecraft:air},0,0
lostschool_3:staticprop:109,lostschool_3,models/props_downtown/railing03_128.mdl,"[-675.1719970703125, -5953.0, 397.0]","[0.0, 270.0, 0.0]",1.0,[],,unmapped,,,False,False,,,,0,owner-reviewed: access/structural or breakable geometry; preserve verified native NAV and passage layout; Source collision/damage model absent,True,"4068, 98, 248",0,15,Block{minecraft:air},0,0
lostschool_3:staticprop:110,lostschool_3,models/props_downtown/railing03_128.mdl,"[-803.1929931640625, -5953.0, 397.0]","[0.0, 270.0, 0.0]",1.0,[],,unmapped,,,False,False,,,,0,owner-reviewed: access/structural or breakable geometry; preserve verified native NAV and passage layout; Source collision/damage model absent,True,"4063, 98, 248",0,15,Block{minecraft:air},0,0
lostschool_3:staticprop:111,lostschool_3,models/props_downtown/railing03_128.mdl,"[-931.1719970703125, -5953.0, 397.0]","[0.0, 270.0, 0.0]",1.0,[],,unmapped,,,False,False,,,,0,owner-reviewed: access/structural or breakable geometry; preserve verified native NAV and passage layout; Source collision/damage model absent,True,"4057, 98, 248",0,15,Block{minecraft:air},0,0
lostschool_3:staticprop:112,lostschool_3,models/props_downtown/railing03_128.mdl,"[-1059.18994140625, -5953.0, 397.0]","[0.0, 270.0, 0.0]",1.0,[],,unmapped,,,False,False,,,,0,owner-reviewed: access/structural or breakable geometry; preserve verified native NAV and passage layout; Source collision/damage model absent,True,"4052, 98, 248",0,15,Block{minecraft:air},0,0
lostschool_3:staticprop:113,lostschool_3,models/props_downtown/railing03_128.mdl,"[-1187.18994140625, -5953.0, 397.0]","[0.0, 270.0, 0.0]",1.0,[],,unmapped,,,False,False,,,,0,owner-reviewed: access/structural or breakable geometry; preserve verified native NAV and passage layout; Source collision/damage model absent,True,"4047, 98, 248",0,15,Block{minecraft:air},0,0
lostschool_3:staticprop:114,lostschool_3,models/props_downtown/railing03_128.mdl,"[-1315.2099609375, -5953.0, 397.0]","[0.0, 270.0, 0.0]",1.0,[],,unmapped,,,False,False,,,,0,owner-reviewed: access/structural or breakable geometry; preserve verified native NAV and passage layout; Source collision/damage model absent,True,"4041, 98, 248",0,15,Block{minecraft:air},0,0
lostschool_3:staticprop:115,lostschool_3,models/props_misc/fairground_tent_open.mdl,"[393.0, -4701.0, -59.75]","[0.0, 0.0, 0.0]",1.0,[],,unmapped,,,False,False,,,,0,owner-reviewed: large foliage/tent geometry; exact silhouette/base-game mesh absent,True,"4112, 79, 196",0,15,Block{minecraft:air},0,0
lostschool_3:staticprop:116,lostschool_3,models/props/cs_office/light_ceiling.mdl,"[853.9949951171875, -5102.14013671875, 872.0]","[0.0, 0.0, 0.0]",1.0,[],fixture,placed_display,"[4132, 115, 213]","[0.0, -0.5, 0.0]",True,False,1.0,existing_geometry_or_prior_prop,zero-hitbox Source-pose display,2,,True,"4132, 116, 213",0,0,Block{minecraft:white_concrete},0,2
lostschool_3:staticprop:117,lostschool_3,models/props/cs_office/light_ceiling.mdl,"[1182.0, -5110.0, 872.0]","[0.0, 0.0, 0.0]",1.0,[],fixture,placed_display,"[4145, 115, 213]","[0.0, -0.5, 0.0]",True,False,1.0,existing_geometry_or_prior_prop,zero-hitbox Source-pose display,2,,True,"4145, 116, 213",0,0,Block{minecraft:white_concrete},0,2
lostschool_3:staticprop:118,lostschool_3,models/props/cs_office/light_ceiling.mdl,"[1578.0, -5126.0, 872.0]","[0.0, 0.0, 0.0]",1.0,[],fixture,placed_display,"[4162, 115, 214]","[0.0, -0.5, 0.0]",True,False,1.0,existing_geometry_or_prior_prop,zero-hitbox Source-pose display,2,,True,"4162, 116, 214",0,0,Block{minecraft:white_concrete},0,2
lostschool_3:staticprop:119,lostschool_3,models/props/cs_office/light_ceiling.mdl,"[1946.0, -5142.0, 872.0]","[0.0, 0.0, 0.0]",1.0,[],fixture,placed_display,"[4177, 115, 214]","[0.0, -0.5, 0.0]",True,False,1.0,existing_geometry_or_prior_prop,zero-hitbox Source-pose display,2,,True,"4177, 116, 214",0,0,Block{minecraft:white_concrete},0,2
lostschool_3:staticprop:120,lostschool_3,models/props/cs_office/light_ceiling.mdl,"[2290.0, -5134.0, 872.0]","[0.0, 0.0, 0.0]",1.0,[],fixture,placed_display,"[4191, 115, 214]","[0.0, -0.5, 0.0]",True,False,1.0,existing_geometry_or_prior_prop,zero-hitbox Source-pose display,2,,True,"4191, 116, 214",0,0,Block{minecraft:white_concrete},0,2
lostschool_3:staticprop:121,lostschool_3,models/props/cs_office/light_ceiling.mdl,"[2602.0, -5150.0, 872.0]","[0.0, 0.0, 0.0]",1.0,[],fixture,placed_display,"[4204, 115, 215]","[0.0, -0.5, 0.0]",True,False,1.0,existing_geometry_or_prior_prop,zero-hitbox Source-pose display,2,,True,"4204, 116, 215",0,0,Block{minecraft:white_concrete},0,2
lostschool_3:staticprop:122,lostschool_3,models/props_exteriors/guardrail512_bent.mdl,"[718.2999877929688, -4651.0, 304.0]","[0.0, 0.0, 0.0]",1.0,[],,unmapped,,,False,False,,,,0,owner-reviewed: access/structural or breakable geometry; preserve verified native NAV and passage layout; Source collision/damage model absent,True,"4126, 94, 194",0,13,Block{minecraft:air},0,0
lostschool_3:staticprop:123,lostschool_3,models/props_exteriors/guardrail512.mdl,"[1230.0, -4651.0, 304.0]","[0.0, 0.0, 0.0]",1.0,[],,unmapped,,,False,False,,,,0,owner-reviewed: access/structural or breakable geometry; preserve verified native NAV and passage layout; Source collision/damage model absent,True,"4147, 94, 194",0,13,Block{minecraft:air},0,0
lostschool_3:staticprop:124,lostschool_3,models/props_exteriors/guardrail512.mdl,"[2253.699951171875, -4651.0, 304.0]","[0.0, 0.0, 0.0]",1.0,[],,unmapped,,,False,False,,,,0,owner-reviewed: access/structural or breakable geometry; preserve verified native NAV and passage layout; Source collision/damage model absent,True,"4190, 94, 194",0,13,Block{minecraft:air},0,0
lostschool_3:staticprop:125,lostschool_3,models/props_exteriors/guardrail128b.mdl,"[2574.0, -4651.0, 304.0]","[0.0, 0.0, 0.0]",1.0,[],,unmapped,,,False,False,,,,0,owner-reviewed: access/structural or breakable geometry; preserve verified native NAV and passage layout; Source collision/damage model absent,True,"4203, 94, 194",0,13,Block{minecraft:air},0,0
lostschool_3:staticprop:126,lostschool_3,models/props_exteriors/guardrail128b.mdl,"[2702.0, -4651.0, 304.0]","[0.0, 0.0, 0.0]",1.0,[],,unmapped,,,False,False,,,,0,owner-reviewed: access/structural or breakable geometry; preserve verified native NAV and passage layout; Source collision/damage model absent,True,"4209, 94, 194",0,13,Block{minecraft:air},0,0
lostschool_3:staticprop:127,lostschool_3,models/props_exteriors/guardrail128b.mdl,"[2830.0, -4651.0, 304.0]","[0.0, 0.0, 0.0]",1.0,[],,unmapped,,,False,False,,,,0,owner-reviewed: access/structural or breakable geometry; preserve verified native NAV and passage layout; Source collision/damage model absent,True,"4214, 94, 194",0,13,Block{minecraft:air},0,0
lostschool_3:staticprop:128,lostschool_3,models/props_exteriors/guardrail512.mdl,"[2849.0, -4899.0, 298.0]","[0.0, 90.0, -80.5]",1.0,[],,unmapped,,,False,False,,,,0,owner-reviewed: access/structural or breakable geometry; preserve verified native NAV and passage layout; Source collision/damage model absent,True,"4215, 94, 204",0,14,Block{minecraft:air},0,0
lostschool_3:staticprop:129,lostschool_3,models/props_exteriors/guardrail512.mdl,"[2864.0, -5411.0, 304.0]","[0.0, 90.0, 0.0]",1.0,[],,unmapped,,,False,False,,,,0,owner-reviewed: access/structural or breakable geometry; preserve verified native NAV and passage layout; Source collision/damage model absent,True,"4215, 94, 225",0,14,Block{minecraft:air},0,0
lostschool_3:staticprop:130,lostschool_3,models/props_exteriors/guardrail512.mdl,"[488.0, -5413.0, 304.0]","[0.0, 90.0, 0.0]",1.0,[],,unmapped,,,False,False,,,,0,owner-reviewed: access/structural or breakable geometry; preserve verified native NAV and passage layout; Source collision/damage model absent,True,"4116, 94, 226",0,13,Block{minecraft:air},0,0
lostschool_3:staticprop:131,lostschool_3,models/props_wasteland/controlroom_desk001b.mdl,"[1777.0, -4716.0, -44.0]","[0.0, 270.0, 0.0]",1.0,[],table,placed_display,"[4170, 78, 197]","[0.0, 0.0, 0.0]",True,False,1.0,protected_navigation_or_gameplay,zero-hitbox Source-pose display,5,,True,"4170, 79, 197",0,10,Block{minecraft:air},0,5
lostschool_3:staticprop:132,lostschool_3,models/props_wasteland/controlroom_desk001b.mdl,"[1666.0, -4716.0, -44.0]","[0.0, 270.0, 0.0]",1.0,[],table,placed_display,"[4165, 78, 197]","[0.0, 0.0, 0.0]",True,False,1.0,protected_navigation_or_gameplay,zero-hitbox Source-pose display,5,,True,"4165, 79, 197",0,10,Block{minecraft:air},0,5
lostschool_3:staticprop:133,lostschool_3,models/props_unique/airportdeparturedesk01.mdl,"[1525.0, -5331.0, 291.0]","[0.0, 269.5, 0.0]",1.0,[],table,placed,"[4160, 93, 222]",0,False,True,,,,0,,True,"4160, 94, 222",0,0,"Block{minecraft:spruce_slab}[type=bottom,waterlogged=false]",0,0
lostschool_3:staticprop:134,lostschool_3,models/props_unique/airportdeparturedesk01.mdl,"[1411.0, -5330.0, 291.0]","[0.0, 269.5, 0.0]",1.0,[],table,placed,"[4155, 93, 222]",0,False,True,,,,0,,True,"4155, 94, 222",0,0,"Block{minecraft:spruce_slab}[type=bottom,waterlogged=false]",0,0
lostschool_3:staticprop:135,lostschool_3,models/props_equipment/sleeping_bag1.mdl,"[1312.0, -3228.0, -35.0]","[0.0, 0.0, 0.0]",1.0,[],sleeping_bag,placed_display,"[4151, 79, 135]","[0.0, 0.458333, 0.0]",True,False,1.0,reviewed_accessory_requires_pose_preserving_display,zero-hitbox Source-pose display,2,,True,"4151, 80, 135",0,15,Block{minecraft:air},0,2
lostschool_3:staticprop:136,lostschool_3,models/props_equipment/sleeping_bag2.mdl,"[1313.0, -3173.0, -35.0]","[0.0, 0.0, 0.0]",1.0,[],sleeping_bag,placed_display,"[4151, 79, 132]","[0.0, 0.458333, 0.0]",True,False,1.0,reviewed_accessory_requires_pose_preserving_display,zero-hitbox Source-pose display,2,,True,"4151, 80, 132",0,15,Block{minecraft:air},0,2
lostschool_3:staticprop:137,lostschool_3,models/props_misc/triage_tent.mdl,"[1114.0, -3492.0, -41.0]","[0.0, 0.0, 0.0]",1.0,[],,unmapped,,,False,False,,,,0,owner-reviewed: large foliage/tent geometry; exact silhouette/base-game mesh absent,True,"4142, 79, 146",0,15,Block{minecraft:air},0,0
lostschool_3:staticprop:138,lostschool_3,models/props_misc/triage_tent.mdl,"[568.0, -3500.0, -41.0]","[0.0, 181.0, 0.0]",1.0,[],,unmapped,,,False,False,,,,0,owner-reviewed: large foliage/tent geometry; exact silhouette/base-game mesh absent,True,"4120, 79, 146",0,15,Block{minecraft:air},0,0
lostschool_3:staticprop:139,lostschool_3,models/props_misc/triage_tent.mdl,"[564.0, -3121.0, -41.0]","[0.0, 181.0, 0.0]",1.0,[],,unmapped,,,False,False,,,,0,owner-reviewed: large foliage/tent geometry; exact silhouette/base-game mesh absent,True,"4120, 79, 130",0,15,Block{minecraft:air},0,0
lostschool_3:staticprop:140,lostschool_3,models/props_equipment/sleeping_bag1.mdl,"[1318.0, -3340.0, -35.0]","[0.0, 0.0, 0.0]",1.0,[],sleeping_bag,placed_display,"[4151, 79, 139]","[0.0, 0.458333, 0.0]",True,False,1.0,reviewed_accessory_requires_pose_preserving_display,zero-hitbox Source-pose display,2,,True,"4151, 80, 139",0,15,Block{minecraft:air},0,2
lostschool_3:staticprop:141,lostschool_3,models/props_equipment/sleeping_bag2.mdl,"[1319.0, -3285.0, -35.0]","[0.0, 0.0, 0.0]",1.0,[],sleeping_bag,placed_display,"[4151, 79, 137]","[0.0, 0.458333, 0.0]",True,False,1.0,reviewed_accessory_requires_pose_preserving_display,zero-hitbox Source-pose display,2,,True,"4151, 80, 137",0,15,Block{minecraft:air},0,2
lostschool_3:staticprop:142,lostschool_3,models/props_misc/fairground_tent_closed.mdl,"[2061.0, -4446.0, -63.0]","[0.0, 0.0, 0.0]",1.0,[],,unmapped,,,False,False,,,,0,owner-reviewed: large foliage/tent geometry; exact silhouette/base-game mesh absent,True,"4182, 78, 185",0,15,Block{minecraft:air},0,0
lostschool_3:staticprop:143,lostschool_3,models/props_misc/fairground_tent_board.mdl,"[2060.0, -4579.0, -63.0]","[0.0, 0.0, 0.0]",1.0,[],,unmapped,,,False,False,,,,0,owner-reviewed: large foliage/tent geometry; exact silhouette/base-game mesh absent,True,"4182, 78, 191",0,15,Block{minecraft:air},0,0
lostschool_3:staticprop:144,lostschool_3,models/props_misc/fairground_tent_closed.mdl,"[1378.0, -4444.0, -63.0]","[0.0, 0.0, 0.0]",1.0,[],,unmapped,,,False,False,,,,0,owner-reviewed: large foliage/tent geometry; exact silhouette/base-game mesh absent,True,"4153, 78, 185",0,15,Block{minecraft:air},0,0
lostschool_3:staticprop:145,lostschool_3,models/props_misc/fairground_tent_board.mdl,"[1504.0, -4575.0, -4.0]","[0.0, 0.0, 0.0]",1.0,[],,unmapped,,,False,False,,,,0,owner-reviewed: large foliage/tent geometry; exact silhouette/base-game mesh absent,True,"4159, 81, 191",0,15,Block{minecraft:air},0,0
lostschool_3:staticprop:146,lostschool_3,models/props_misc/fairground_tent_closed.mdl,"[1505.0, -4443.0, -63.0]","[0.0, 0.0, 0.0]",1.0,[],,unmapped,,,False,False,,,,0,owner-reviewed: large foliage/tent geometry; exact silhouette/base-game mesh absent,True,"4159, 78, 185",0,15,Block{minecraft:air},0,0
lostschool_3:staticprop:147,lostschool_3,models/props_misc/fairground_tent_board.mdl,"[1377.0, -4576.0, -4.0]","[0.0, 0.0, 0.0]",1.0,[],,unmapped,,,False,False,,,,0,owner-reviewed: large foliage/tent geometry; exact silhouette/base-game mesh absent,True,"4153, 81, 191",0,15,Block{minecraft:air},0,0
lostschool_3:staticprop:148,lostschool_3,models/props_misc/fairground_tent_open.mdl,"[264.0, -4702.0, -59.75]","[0.0, 0.0, 0.0]",1.0,[],,unmapped,,,False,False,,,,0,owner-reviewed: large foliage/tent geometry; exact silhouette/base-game mesh absent,True,"4107, 79, 196",0,15,Block{minecraft:air},0,0
lostschool_3:staticprop:149,lostschool_3,models/props_interiors/desk_motel.mdl,"[376.0, -4695.0, -60.0]","[0.0, 0.0, 0.0]",1.0,[],table,placed_display,"[4112, 78, 196]","[0.0, 0.5, 0.0]",True,False,1.0,protected_navigation_or_gameplay,zero-hitbox Source-pose display,5,,True,"4112, 79, 196",0,15,Block{minecraft:air},0,5
lostschool_3:staticprop:150,lostschool_3,models/props_vehicles/hmmwv.mdl,"[2296.0, -3033.0, -37.71110153198242]","[0.0, 115.0, 0.0]",1.0,[],,unmapped,,,False,False,,,,0,owner-reviewed: large vehicle/setpiece or scripted control; outside furniture/light template scope; exact mesh/animation absent,True,"4192, 80, 126",0,15,Block{minecraft:air},0,0
lostschool_3:staticprop:151,lostschool_3,models/props_vehicles/hmmwv.mdl,"[2246.0, -2848.0, -37.0]","[0.0, 85.0, 0.0]",1.0,[],,unmapped,,,False,False,,,,0,owner-reviewed: large vehicle/setpiece or scripted control; outside furniture/light template scope; exact mesh/animation absent,True,"4190, 80, 119",0,15,Block{minecraft:air},0,0
lostschool_3:staticprop:152,lostschool_3,models/props_vehicles/ambulance.mdl,"[489.0, -2761.0, -38.749000549316406]","[-0.006949429865926504, 80.53800201416016, -0.7338610291481018]",1.0,[],,unmapped,,,False,False,,,,0,owner-reviewed: large vehicle/setpiece or scripted control; outside furniture/light template scope; exact mesh/animation absent,True,"4116, 80, 115",0,15,Block{minecraft:air},0,0
lostschool_3:staticprop:153,lostschool_3,models/props_vehicles/hmmwv_glass.mdl,"[2299.0, -3033.0, -39.0]","[0.0, 110.5, 0.0]",1.0,[],,unmapped,,,False,False,,,,0,owner-reviewed: large vehicle/setpiece or scripted control; outside furniture/light template scope; exact mesh/animation absent,True,"4192, 79, 126",0,15,Block{minecraft:air},0,0
lostschool_3:staticprop:154,lostschool_3,models/props_vehicles/army_truck.mdl,"[2376.0, -2731.0, -37.62099838256836]","[0.0, 85.0, 0.0]",1.0,[],,unmapped,,,False,False,,,,0,owner-reviewed: large vehicle/setpiece or scripted control; outside furniture/light template scope; exact mesh/animation absent,True,"4195, 80, 114",0,15,Block{minecraft:air},0,0
lostschool_3:staticprop:155,lostschool_3,models/props_vehicles/ambulance.mdl,"[1141.0, -3779.0, -37.095001220703125]","[-0.006949429865926504, 264.5379943847656, -0.7338610291481018]",1.0,[],,unmapped,,,False,False,,,,0,owner-reviewed: large vehicle/setpiece or scripted control; outside furniture/light template scope; exact mesh/animation absent,True,"4144, 80, 157",0,15,Block{minecraft:air},0,0
lostschool_3:staticprop:156,lostschool_3,models/props_vehicles/hmmwv.mdl,"[1816.3900146484375, -3115.419921875, -37.71110153198242]","[0.0, 101.0, 0.0]",1.0,[],,unmapped,,,False,False,,,,0,owner-reviewed: large vehicle/setpiece or scripted control; outside furniture/light template scope; exact mesh/animation absent,True,"4172, 80, 130",0,15,Block{minecraft:air},0,0
lostschool_3:staticprop:157,lostschool_3,models/props_vehicles/semi_trailer.mdl,"[1778.3199462890625, -3472.659912109375, -39.22949981689453]","[0.0017895899945870042, 281.4830017089844, 0.0]",1.0,[],,unmapped,,,False,False,,,,0,owner-reviewed: access/structural or breakable geometry; preserve verified native NAV and passage layout; Source collision/damage model absent,True,"4170, 79, 145",0,15,Block{minecraft:air},0,0
lostschool_3:staticprop:158,lostschool_3,models/props_vehicles/utility_truck.mdl,"[2313.0, -2555.0, -55.0]","[0.8671740293502808, 175.0760040283203, 9.9627103805542]",1.0,[],,unmapped,,,False,False,,,,0,owner-reviewed: large vehicle/setpiece or scripted control; outside furniture/light template scope; exact mesh/animation absent,True,"4192, 79, 106",0,15,Block{minecraft:air},0,0
lostschool_3:staticprop:159,lostschool_3,models/props/cs_militia/boxes_garage_lower.mdl,"[2263.0, -2539.0, -21.0]","[-12.912799835205078, 313.3529968261719, -11.913299560546875]",1.0,[],crate,placed_display,"[4190, 79, 106]","[0.0, 0.0, 0.0]",True,False,1.0,tilted_or_scaled_model,zero-hitbox Source-pose display,1,,True,"4190, 80, 106",0,15,Block{minecraft:air},0,1
lostschool_3:staticprop:160,lostschool_3,models/props/de_nuke/truck_nuke.mdl,"[1584.5699462890625, -2901.22998046875, -38.21549987792969]","[0.0, 299.96099853515625, 0.0]",1.0,[],,unmapped,,,False,False,,,,0,owner-reviewed model group; outside requested bed/table/cabinet/chair/lighting scope; exact mesh or interactive state unavailable,True,"4162, 80, 121",0,15,Block{minecraft:air},0,0
lostschool_3:staticprop:161,lostschool_3,models/props/cs_militia/boxes_garage_lower.mdl,"[1579.7900390625, -2885.5400390625, 1.9725300073623657]","[0.0, 91.5, 0.0]",1.0,[],crate,placed,"[4162, 79, 120]",0,False,True,,,,0,,True,"4162, 80, 120",0,15,Block{minecraft:air},0,0
lostschool_3:staticprop:162,lostschool_3,models/props/cs_militia/boxes_garage_lower.mdl,"[2993.0, -3608.3798828125, -42.0]","[0.0, 112.0, 0.0]",1.0,[],crate,placed,"[4221, 79, 150]",0,False,True,,,,0,,True,"4221, 80, 150",0,15,Block{minecraft:air},0,0
lostschool_3:staticprop:163,lostschool_3,models/props_vehicles/utility_truck.mdl,"[2332.0, -2380.0, -59.0]","[0.0, 220.0, 0.0]",1.0,[],,unmapped,,,False,False,,,,0,owner-reviewed: large vehicle/setpiece or scripted control; outside furniture/light template scope; exact mesh/animation absent,True,"4193, 79, 99",0,15,Block{minecraft:air},0,0
lostschool_3:staticprop:164,lostschool_3,models/props_vehicles/longnose_truck.mdl,"[2060.0, -3408.0, -38.31399917602539]","[0.0, 284.99798583984375, 0.0]",1.0,[],,unmapped,,,False,False,,,,0,owner-reviewed: large vehicle/setpiece or scripted control; outside furniture/light template scope; exact mesh/animation absent,True,"4182, 80, 142",0,15,Block{minecraft:air},0,0
lostschool_3:staticprop:165,lostschool_3,models/props_vehicles/bus01_2.mdl,"[-238.0, -3055.0, -52.0]","[-4.325660228729248, 16.03190040588379, -1.2416000366210938]",1.0,[],,unmapped,,,False,False,,,,0,owner-reviewed: large vehicle/setpiece or scripted control; outside furniture/light template scope; exact mesh/animation absent,True,"4086, 79, 127",0,15,Block{minecraft:air},0,0
lostschool_3:staticprop:166,lostschool_3,models/props_vehicles/airport_fuel_truck.mdl,"[-252.0, -3373.0, -58.2495002746582]","[0.0, 45.000999450683594, 0.0]",1.0,[],,unmapped,,,False,False,,,,0,owner-reviewed: large vehicle/setpiece or scripted control; outside furniture/light template scope; exact mesh/animation absent,True,"4086, 79, 141",0,15,Block{minecraft:air},0,0
lostschool_3:staticprop:167,lostschool_3,models/props_vehicles/bus01_2.mdl,"[-81.0, -3128.0, -41.0]","[0.0, 15.984999656677246, 0.0]",1.0,[],,unmapped,,,False,False,,,,0,owner-reviewed: large vehicle/setpiece or scripted control; outside furniture/light template scope; exact mesh/animation absent,True,"4093, 79, 130",0,15,Block{minecraft:air},0,0
lostschool_3:staticprop:168,lostschool_3,models/props_vehicles/bus01_2.mdl,"[28.0, -3198.0, -41.0]","[0.0, 15.984999656677246, 0.0]",1.0,[],,unmapped,,,False,False,,,,0,owner-reviewed: large vehicle/setpiece or scripted control; outside furniture/light template scope; exact mesh/animation absent,True,"4097, 79, 133",0,15,Block{minecraft:air},0,0
lostschool_3:staticprop:169,lostschool_3,models/props_vehicles/airport_fuel_truck.mdl,"[32.0, -3461.0, -42.0]","[0.0, 45.000999450683594, 0.0]",1.0,[],,unmapped,,,False,False,,,,0,owner-reviewed: large vehicle/setpiece or scripted control; outside furniture/light template scope; exact mesh/animation absent,True,"4097, 79, 144",0,15,Block{minecraft:air},0,0
lostschool_3:staticprop:170,lostschool_3,models/props/cs_militia/boxes_garage_lower.mdl,"[3043.0, -3597.0, -42.0]","[0.0, 215.0, 0.0]",1.0,[],crate,placed,"[4223, 79, 150]",0,False,True,,,,0,,True,"4223, 80, 150",0,15,Block{minecraft:air},0,0
lostschool_3:staticprop:171,lostschool_3,models/props_vehicles/hmmwv_glass.mdl,"[2496.27001953125, -3378.199951171875, -39.0]","[0.0, 216.0, 0.0]",1.0,[],,unmapped,,,False,False,,,,0,owner-reviewed: large vehicle/setpiece or scripted control; outside furniture/light template scope; exact mesh/animation absent,True,"4200, 79, 141",0,15,Block{minecraft:air},0,0
lostschool_3:staticprop:172,lostschool_3,models/props_vehicles/hmmwv.mdl,"[2497.080078125, -3381.090087890625, -37.71110153198242]","[0.0, 220.5, 0.0]",1.0,[],,unmapped,,,False,False,,,,0,owner-reviewed: large vehicle/setpiece or scripted control; outside furniture/light template scope; exact mesh/animation absent,True,"4200, 80, 141",0,15,Block{minecraft:air},0,0
lostschool_3:staticprop:173,lostschool_3,models/props_vehicles/hmmwv_glass.mdl,"[2482.199951171875, -3610.110107421875, -39.0]","[0.0, 216.0, 0.0]",1.0,[],,unmapped,,,False,False,,,,0,owner-reviewed: large vehicle/setpiece or scripted control; outside furniture/light template scope; exact mesh/animation absent,True,"4199, 79, 150",0,15,Block{minecraft:air},0,0
lostschool_3:staticprop:174,lostschool_3,models/props_vehicles/hmmwv.mdl,"[2483.0, -3613.0, -37.71110153198242]","[0.0, 220.5, 0.0]",1.0,[],,unmapped,,,False,False,,,,0,owner-reviewed: large vehicle/setpiece or scripted control; outside furniture/light template scope; exact mesh/animation absent,True,"4199, 80, 151",0,15,Block{minecraft:air},0,0
lostschool_3:staticprop:175,lostschool_3,models/props_vehicles/longnose_truck.mdl,"[3470.0, -2910.0, 10.0]","[88.89080047607422, 25.813800811767578, 115.93900299072266]",1.0,[],,unmapped,,,False,False,,,,0,owner-reviewed: large vehicle/setpiece or scripted control; outside furniture/light template scope; exact mesh/animation absent,True,"4241, 82, 121",0,15,Block{minecraft:air},0,0
lostschool_3:staticprop:176,lostschool_3,models/props_vehicles/semi_trailer.mdl,"[3280.0, -2887.52001953125, 65.0]","[78.5062026977539, 2.4687399864196777, 92.518798828125]",1.0,[],,unmapped,,,False,False,,,,0,owner-reviewed: access/structural or breakable geometry; preserve verified native NAV and passage layout; Source collision/damage model absent,True,"4233, 84, 120",0,15,Block{minecraft:air},0,0
lostschool_3:staticprop:177,lostschool_3,models/props_crates/static_crate_40.mdl,"[2491.0, -4814.0, -60.0]","[0.0, 10.5, 0.0]",1.0,[],crate,placed,"[4200, 78, 201]",0,False,True,,,,0,,True,"4200, 79, 201",0,6,Block{minecraft:air},0,0
lostschool_3:staticprop:178,lostschool_3,models/props_fortifications/concrete_barrier001_96_reference.mdl,"[3381.0, -4520.0, -60.0]","[0.0, 195.5, 0.0]",1.0,[],,unmapped,,,False,False,,,,0,owner-reviewed: access/structural or breakable geometry; preserve verified native NAV and passage layout; Source collision/damage model absent,True,"4237, 79, 188",0,15,Block{minecraft:air},0,0
lostschool_3:staticprop:179,lostschool_3,models/props_fortifications/concrete_barrier001_96_reference.mdl,"[3334.419921875, -4347.0, -59.0]","[0.0, 195.5, 0.0]",1.0,[],,unmapped,,,False,False,,,,0,owner-reviewed: access/structural or breakable geometry; preserve verified native NAV and passage layout; Source collision/damage model absent,True,"4235, 79, 181",0,15,Block{minecraft:air},0,0
lostschool_3:staticprop:180,lostschool_3,models/props_furniture/it_mkt_table2.mdl,"[2425.0, -4791.0, -60.0]","[0.0, 37.0, 0.0]",1.0,[],table,placed_display,"[4197, 78, 200]","[0.0, 0.5, 0.0]",True,False,1.0,protected_navigation_or_gameplay,zero-hitbox Source-pose display,5,,True,"4197, 79, 200",0,7,Block{minecraft:air},0,5
lostschool_3:staticprop:181,lostschool_3,models/props_crates/static_crate_40.mdl,"[2481.0, -4766.0, -60.0]","[0.0, 252.5, 0.0]",1.0,[],crate,placed_display,"[4199, 78, 199]","[0.0, 0.5, 0.0]",True,False,1.0,protected_navigation_or_gameplay,zero-hitbox Source-pose display,1,,True,"4199, 79, 199",0,8,Block{minecraft:air},0,1
lostschool_3:staticprop:182,lostschool_3,models/props_vehicles/hmmwv.mdl,"[2682.0, -4740.0, -56.89939880371094]","[0.0, 308.5, 0.0]",1.0,[],,unmapped,,,False,False,,,,0,owner-reviewed: large vehicle/setpiece or scripted control; outside furniture/light template scope; exact mesh/animation absent,True,"4208, 79, 198",0,9,Block{minecraft:air},0,0
lostschool_3:staticprop:183,lostschool_3,models/props_fortifications/concrete_barrier001_96_reference.mdl,"[3280.0, -4149.0, -41.0]","[0.0, 169.5, 0.0]",1.0,[],,unmapped,,,False,False,,,,0,owner-reviewed: access/structural or breakable geometry; preserve verified native NAV and passage layout; Source collision/damage model absent,True,"4233, 79, 173",0,15,Block{minecraft:air},0,0
lostschool_3:staticprop:184,lostschool_3,models/props_fortifications/concrete_barrier001_96_reference.mdl,"[3133.0, -3952.06005859375, -41.0]","[0.0, 260.5, 0.0]",1.0,[],,unmapped,,,False,False,,,,0,owner-reviewed: access/structural or breakable geometry; preserve verified native NAV and passage layout; Source collision/damage model absent,True,"4227, 79, 165",0,15,Block{minecraft:air},0,0
lostschool_3:staticprop:185,lostschool_3,models/props_crates/static_crate_40.mdl,"[2292.0, -4817.0, -60.0]","[0.0, 329.5, 0.0]",1.0,[],crate,placed_display,"[4192, 78, 201]","[0.0, 0.5, 0.0]",True,False,1.0,protected_navigation_or_gameplay,zero-hitbox Source-pose display,1,,True,"4192, 79, 201",0,6,Block{minecraft:air},0,1
lostschool_3:staticprop:186,lostschool_3,models/props_crates/static_crate_40.mdl,"[2280.0, -4764.0, -60.0]","[0.0, 5.5, 0.0]",1.0,[],crate,placed_display,"[4191, 78, 199]","[0.0, 0.5, 0.0]",True,False,1.0,protected_navigation_or_gameplay,zero-hitbox Source-pose display,1,,True,"4191, 79, 199",0,8,Block{minecraft:air},0,1
lostschool_3:staticprop:187,lostschool_3,models/props_fortifications/concrete_barrier001_96_reference.mdl,"[3406.0, -4717.0, -60.0]","[0.0, 195.5, 0.0]",1.0,[],,unmapped,,,False,False,,,,0,owner-reviewed: access/structural or breakable geometry; preserve verified native NAV and passage layout; Source collision/damage model absent,True,"4238, 79, 197",0,15,Block{minecraft:air},0,0
lostschool_3:staticprop:188,lostschool_3,models/props_fortifications/concrete_barrier001_96_reference.mdl,"[3485.0, -4590.0, -60.0]","[0.0, 195.5, 0.0]",1.0,[],,unmapped,,,False,False,,,,0,owner-reviewed: access/structural or breakable geometry; preserve verified native NAV and passage layout; Source collision/damage model absent,True,"4241, 79, 191",0,15,Block{minecraft:air},0,0
lostschool_3:staticprop:189,lostschool_3,models/props_crates/static_crate_40.mdl,"[2233.0, -4759.0, -60.0]","[0.0, 27.0, 0.0]",1.0,[],crate,placed,"[4189, 78, 198]",0,False,True,,,,0,,True,"4189, 79, 198",0,9,Block{minecraft:air},0,0
lostschool_3:staticprop:190,lostschool_3,models/props_crates/static_crate_40.mdl,"[2249.0, -4804.0, -60.0]","[0.0, 351.0, 0.0]",1.0,[],crate,placed,"[4190, 78, 200]",0,False,True,,,,0,,True,"4190, 79, 200",0,7,Block{minecraft:air},0,0
lostschool_3:staticprop:191,lostschool_3,models/props_crates/static_crate_40.mdl,"[2248.0, -4775.0, -20.0]","[0.0, 27.0, 0.0]",1.0,[],crate,placed,"[4190, 78, 199]",0,False,True,,,,0,,True,"4190, 79, 199",0,8,Block{minecraft:air},0,0
lostschool_3:staticprop:192,lostschool_3,models/props_crates/static_crate_40.mdl,"[2291.0, -4801.0, -20.0]","[0.0, 27.0, 0.0]",1.0,[],crate,placed,"[4191, 78, 200]",0,False,True,,,,0,,True,"4191, 79, 200",0,7,Block{minecraft:air},0,0
lostschool_3:staticprop:193,lostschool_3,models/props_fortifications/concrete_barrier001_96_reference.mdl,"[-159.0, -4364.0, -55.44919967651367]","[0.0, 176.5, 0.0]",1.0,[],,unmapped,,,False,False,,,,0,owner-reviewed: access/structural or breakable geometry; preserve verified native NAV and passage layout; Source collision/damage model absent,True,"4089, 79, 182",0,15,Block{minecraft:air},0,0
lostschool_3:staticprop:194,lostschool_3,models/props_fortifications/concrete_barrier001_96_reference.mdl,"[-167.0, -4588.0, -59.75]","[0.0, 180.0, 0.0]",1.0,[],,unmapped,,,False,False,,,,0,owner-reviewed: access/structural or breakable geometry; preserve verified native NAV and passage layout; Source collision/damage model absent,True,"4089, 79, 191",0,15,Block{minecraft:air},0,0
lostschool_3:staticprop:195,lostschool_3,models/props_fortifications/concrete_barrier001_96_reference.mdl,"[-138.0, -4730.0, -59.75]","[0.0, 195.5, 0.0]",1.0,[],,unmapped,,,False,False,,,,0,owner-reviewed: access/structural or breakable geometry; preserve verified native NAV and passage layout; Source collision/damage model absent,True,"4090, 79, 197",0,15,Block{minecraft:air},0,0
lostschool_3:staticprop:196,lostschool_3,models/props_crates/static_crate_40.mdl,"[2523.0, -4782.0, -60.0]","[0.0, 224.5, 0.0]",1.0,[],crate,placed_display,"[4201, 78, 199]","[0.0, 0.5, 0.0]",True,False,1.0,protected_navigation_or_gameplay,zero-hitbox Source-pose display,1,,True,"4201, 79, 199",0,8,Block{minecraft:air},0,1
lostschool_3:staticprop:197,lostschool_3,models/props_vehicles/hmmwv.mdl,"[2655.0, -4623.0, -56.89939880371094]","[0.0, 308.5, 0.0]",1.0,[],,unmapped,,,False,False,,,,0,owner-reviewed: large vehicle/setpiece or scripted control; outside furniture/light template scope; exact mesh/animation absent,True,"4207, 79, 193",0,14,Block{minecraft:air},0,0
lostschool_3:staticprop:198,lostschool_3,models/props_vehicles/army_truck.mdl,"[2625.0, -4488.0, -57.422000885009766]","[0.0, 311.0, 0.0]",1.0,[],,unmapped,,,False,False,,,,0,owner-reviewed: large vehicle/setpiece or scripted control; outside furniture/light template scope; exact mesh/animation absent,True,"4205, 79, 187",0,15,Block{minecraft:air},0,0
lostschool_3:staticprop:199,lostschool_3,models/props_crates/static_crate_40.mdl,"[2630.0, -4502.10986328125, 11.0]","[0.0, 286.5, 0.0]",1.0,[],crate,placed,"[4206, 78, 188]",0,False,True,,,,0,,True,"4206, 79, 188",0,15,Block{minecraft:air},0,0
lostschool_3:staticprop:200,lostschool_3,models/props_crates/static_crate_40.mdl,"[2580.260009765625, -4524.0, 11.0]","[0.0, 250.5, 0.0]",1.0,[],crate,placed,"[4204, 78, 188]",0,False,True,,,,0,,True,"4204, 79, 188",0,15,Block{minecraft:air},0,0
lostschool_3:staticprop:201,lostschool_3,models/props_crates/static_crate_40.mdl,"[2595.780029296875, -4519.97021484375, 51.0]","[0.0, 308.0, 0.0]",1.0,[],crate,placed_display,"[4204, 82, 188]","[0.0, 0.0, 0.0]",True,False,1.0,no_support_at_source_xz,zero-hitbox Source-pose display,1,,True,"4204, 83, 188",0,15,Block{minecraft:air},0,1
lostschool_3:staticprop:202,lostschool_3,models/props_crates/static_crate_40.mdl,"[2625.93994140625, -4455.02001953125, 11.0]","[0.0, 308.0, 0.0]",1.0,[],crate,placed,"[4205, 78, 186]",0,False,True,,,,0,,True,"4205, 79, 186",0,15,Block{minecraft:air},0,0
lostschool_3:staticprop:203,lostschool_3,models/props_crates/static_crate_40.mdl,"[2613.10009765625, -4472.7900390625, 51.0]","[0.0, 308.0, 0.0]",1.0,[],crate,placed_display,"[4205, 82, 186]","[0.0, 0.0, 0.0]",True,False,1.0,no_support_at_source_xz,zero-hitbox Source-pose display,1,,True,"4205, 83, 186",0,15,Block{minecraft:air},0,1
lostschool_3:staticprop:204,lostschool_3,models/props/cs_militia/boxes_garage_lower.mdl,"[3015.0, -3559.0, -42.0]","[0.0, 185.5, 0.0]",1.0,[],crate,placed,"[4222, 79, 148]",0,False,True,,,,0,,True,"4222, 80, 148",0,15,Block{minecraft:air},0,0
lostschool_3:staticprop:205,lostschool_3,models/props/cs_militia/boxes_garage_lower.mdl,"[3021.0, -3580.0, 20.0]","[0.0, 185.5, 0.0]",1.0,[],crate,placed,"[4222, 79, 149]",0,False,True,,,,0,,True,"4222, 80, 149",0,15,Block{minecraft:air},0,0
lostschool_3:staticprop:206,lostschool_3,models/props_street/police_barricade_368in.mdl,"[4953.0, -5923.0, -58.23540115356445]","[0.0, 90.0, 0.0]",1.0,[],,unmapped,,,False,False,,,,0,owner-reviewed: access/structural or breakable geometry; preserve verified native NAV and passage layout; Source collision/damage model absent,True,"4302, 79, 247",0,15,Block{minecraft:air},0,0
lostschool_3:staticprop:207,lostschool_3,models/props_street/police_barricade3.mdl,"[5134.0, -5640.0, -58.237300872802734]","[0.0, 179.64100646972656, 0.0]",1.0,[],,unmapped,,,False,False,,,,0,owner-reviewed: access/structural or breakable geometry; preserve verified native NAV and passage layout; Source collision/damage model absent,True,"4310, 79, 235",0,15,Block{minecraft:air},0,0
lostschool_3:staticprop:208,lostschool_3,models/props_street/police_barricade2.mdl,"[5132.0, -5851.0, -58.237300872802734]","[0.0, 179.5, 0.0]",1.0,[],,unmapped,,,False,False,,,,0,owner-reviewed: access/structural or breakable geometry; preserve verified native NAV and passage layout; Source collision/damage model absent,True,"4310, 79, 244",0,15,Block{minecraft:air},0,0
lostschool_3:staticprop:209,lostschool_3,models/props_vehicles/semi_trailer.mdl,"[4964.0, -5340.0, -58.22959899902344]","[0.0017895899945870042, 20.482999801635742, 0.0]",1.0,[],,unmapped,,,False,False,,,,0,owner-reviewed: access/structural or breakable geometry; preserve verified native NAV and passage layout; Source collision/damage model absent,True,"4303, 79, 223",0,15,Block{minecraft:air},0,0
lostschool_3:staticprop:210,lostschool_3,models/props_vehicles/longnose_truck.mdl,"[4863.0, -5052.0, -57.3140983581543]","[0.0, 5.997970104217529, 0.0]",1.0,[],,unmapped,,,False,False,,,,0,owner-reviewed: large vehicle/setpiece or scripted control; outside furniture/light template scope; exact mesh/animation absent,True,"4299, 79, 211",0,15,Block{minecraft:air},0,0
lostschool_3:staticprop:211,lostschool_3,models/props_street/police_barricade3.mdl,"[5138.0, -5220.0, -58.237300872802734]","[0.0, 179.64100646972656, 0.0]",1.0,[],,unmapped,,,False,False,,,,0,owner-reviewed: access/structural or breakable geometry; preserve verified native NAV and passage layout; Source collision/damage model absent,True,"4310, 79, 218",0,15,Block{minecraft:air},0,0
lostschool_3:staticprop:212,lostschool_3,models/props_street/police_barricade2.mdl,"[5136.0, -5431.0, -58.237300872802734]","[0.0, 179.5, 0.0]",1.0,[],,unmapped,,,False,False,,,,0,owner-reviewed: access/structural or breakable geometry; preserve verified native NAV and passage layout; Source collision/damage model absent,True,"4310, 79, 226",0,15,Block{minecraft:air},0,0
lostschool_3:staticprop:213,lostschool_3,models/props_street/police_barricade3.mdl,"[5146.0, -4380.0, -58.237300872802734]","[0.0, 179.64100646972656, 0.0]",1.0,[],,unmapped,,,False,False,,,,0,owner-reviewed: access/structural or breakable geometry; preserve verified native NAV and passage layout; Source collision/damage model absent,True,"4310, 79, 183",0,15,Block{minecraft:air},0,0
lostschool_3:staticprop:214,lostschool_3,models/props_street/police_barricade2.mdl,"[5144.0, -4591.0, -58.237300872802734]","[0.0, 179.5, 0.0]",1.0,[],,unmapped,,,False,False,,,,0,owner-reviewed: access/structural or breakable geometry; preserve verified native NAV and passage layout; Source collision/damage model absent,True,"4310, 79, 191",0,15,Block{minecraft:air},0,0
lostschool_3:staticprop:215,lostschool_3,models/props_street/police_barricade3.mdl,"[5142.0, -4800.0, -58.237300872802734]","[0.0, 179.64100646972656, 0.0]",1.0,[],,unmapped,,,False,False,,,,0,owner-reviewed: access/structural or breakable geometry; preserve verified native NAV and passage layout; Source collision/damage model absent,True,"4310, 79, 200",0,15,Block{minecraft:air},0,0
lostschool_3:staticprop:216,lostschool_3,models/props_street/police_barricade2.mdl,"[5140.0, -5011.0, -58.237300872802734]","[0.0, 179.5, 0.0]",1.0,[],,unmapped,,,False,False,,,,0,owner-reviewed: access/structural or breakable geometry; preserve verified native NAV and passage layout; Source collision/damage model absent,True,"4310, 79, 209",0,15,Block{minecraft:air},0,0
lostschool_3:staticprop:217,lostschool_3,models/props_vehicles/longnose_truck.mdl,"[5023.35009765625, -4413.93017578125, -57.3140983581543]","[0.0, 342.49798583984375, 0.0]",1.0,[],,unmapped,,,False,False,,,,0,owner-reviewed: large vehicle/setpiece or scripted control; outside furniture/light template scope; exact mesh/animation absent,True,"4305, 79, 184",0,15,Block{minecraft:air},0,0
lostschool_3:staticprop:218,lostschool_3,models/props_vehicles/semi_trailer.mdl,"[4972.919921875, -4693.9501953125, -58.22959899902344]","[0.0017895899945870042, 355.9830017089844, 0.0]",1.0,[],,unmapped,,,False,False,,,,0,owner-reviewed: access/structural or breakable geometry; preserve verified native NAV and passage layout; Source collision/damage model absent,True,"4303, 79, 196",0,15,Block{minecraft:air},0,0
lostschool_3:staticprop:219,lostschool_3,models/props_street/police_barricade3.mdl,"[5157.0, -3120.0, -58.237300872802734]","[0.0, 179.64100646972656, 0.0]",1.0,[],,unmapped,,,False,False,,,,0,owner-reviewed: access/structural or breakable geometry; preserve verified native NAV and passage layout; Source collision/damage model absent,True,"4311, 79, 130",0,15,Block{minecraft:air},0,0
lostschool_3:staticprop:220,lostschool_3,models/props_street/police_barricade2.mdl,"[5159.0, -2911.0, -58.237300872802734]","[0.0, 179.5, 0.0]",1.0,[],,unmapped,,,False,False,,,,0,owner-reviewed: access/structural or breakable geometry; preserve verified native NAV and passage layout; Source collision/damage model absent,True,"4311, 79, 121",0,15,Block{minecraft:air},0,0
lostschool_3:staticprop:221,lostschool_3,models/props_street/police_barricade3.mdl,"[5161.0, -2700.0, -58.237300872802734]","[0.0, 179.64100646972656, 0.0]",1.0,[],,unmapped,,,False,False,,,,0,owner-reviewed: access/structural or breakable geometry; preserve verified native NAV and passage layout; Source collision/damage model absent,True,"4311, 79, 113",0,15,Block{minecraft:air},0,0
lostschool_3:staticprop:222,lostschool_3,models/props_street/police_barricade2.mdl,"[5155.0, -3331.0, -58.237300872802734]","[0.0, 179.5, 0.0]",1.0,[],,unmapped,,,False,False,,,,0,owner-reviewed: access/structural or breakable geometry; preserve verified native NAV and passage layout; Source collision/damage model absent,True,"4311, 79, 139",0,15,Block{minecraft:air},0,0
lostschool_3:staticprop:223,lostschool_3,models/props_street/police_barricade3.mdl,"[5153.0, -3540.0, -58.237300872802734]","[0.0, 179.64100646972656, 0.0]",1.0,[],,unmapped,,,False,False,,,,0,owner-reviewed: access/structural or breakable geometry; preserve verified native NAV and passage layout; Source collision/damage model absent,True,"4311, 79, 148",0,15,Block{minecraft:air},0,0
lostschool_3:staticprop:224,lostschool_3,models/props_street/police_barricade2.mdl,"[5151.0, -3751.0, -58.237300872802734]","[0.0, 179.5, 0.0]",1.0,[],,unmapped,,,False,False,,,,0,owner-reviewed: access/structural or breakable geometry; preserve verified native NAV and passage layout; Source collision/damage model absent,True,"4311, 79, 156",0,15,Block{minecraft:air},0,0
lostschool_3:staticprop:225,lostschool_3,models/props_street/police_barricade3.mdl,"[5149.0, -3960.0, -58.237300872802734]","[0.0, 179.64100646972656, 0.0]",1.0,[],,unmapped,,,False,False,,,,0,owner-reviewed: access/structural or breakable geometry; preserve verified native NAV and passage layout; Source collision/damage model absent,True,"4311, 79, 165",0,15,Block{minecraft:air},0,0
lostschool_3:staticprop:226,lostschool_3,models/props_street/police_barricade2.mdl,"[5147.0, -4171.0, -58.237300872802734]","[0.0, 179.5, 0.0]",1.0,[],,unmapped,,,False,False,,,,0,owner-reviewed: access/structural or breakable geometry; preserve verified native NAV and passage layout; Source collision/damage model absent,True,"4310, 79, 174",0,15,Block{minecraft:air},0,0
lostschool_3:staticprop:227,lostschool_3,models/props_street/police_barricade3.mdl,"[5165.0, -2279.0, -58.237300872802734]","[0.0, 179.64100646972656, 0.0]",1.0,[],,unmapped,,,False,False,,,,0,owner-reviewed: access/structural or breakable geometry; preserve verified native NAV and passage layout; Source collision/damage model absent,True,"4311, 79, 95",0,15,Block{minecraft:air},0,0
lostschool_3:staticprop:228,lostschool_3,models/props_street/police_barricade2.mdl,"[5163.0, -2490.0, -58.237300872802734]","[0.0, 179.5, 0.0]",1.0,[],,unmapped,,,False,False,,,,0,owner-reviewed: access/structural or breakable geometry; preserve verified native NAV and passage layout; Source collision/damage model absent,True,"4311, 79, 104",0,15,Block{minecraft:air},0,0
lostschool_3:staticprop:229,lostschool_3,models/props_street/police_barricade3.mdl,"[5177.0, -1998.0, -58.237300872802734]","[0.0, 179.64100646972656, 0.0]",1.0,[],,unmapped,,,False,False,,,,0,owner-reviewed: access/structural or breakable geometry; preserve verified native NAV and passage layout; Source collision/damage model absent,True,"4312, 79, 83",0,0,Block{minecraft:gray_concrete},0,0
lostschool_3:staticprop:230,lostschool_3,models/props_downtown/railing04_256.mdl,"[4826.0, -2074.0, 150.0]","[0.0, 270.0, 0.0]",1.0,[],,unmapped,,,False,False,,,,0,owner-reviewed: access/structural or breakable geometry; preserve verified native NAV and passage layout; Source collision/damage model absent,True,"4297, 87, 86",0,15,Block{minecraft:air},0,0
lostschool_3:staticprop:231,lostschool_3,models/props_downtown/railing04_256.mdl,"[4573.0, -2074.0, 150.0]","[0.0, 270.0, 0.0]",1.0,[],,unmapped,,,False,False,,,,0,owner-reviewed: access/structural or breakable geometry; preserve verified native NAV and passage layout; Source collision/damage model absent,True,"4287, 87, 86",0,15,Block{minecraft:air},0,0
lostschool_3:staticprop:232,lostschool_3,models/props_downtown/railing04_256.mdl,"[5082.0, -2074.0, 150.0]","[0.0, 270.0, 0.0]",1.0,[],,unmapped,,,False,False,,,,0,owner-reviewed: access/structural or breakable geometry; preserve verified native NAV and passage layout; Source collision/damage model absent,True,"4308, 87, 86",0,15,Block{minecraft:air},0,0
lostschool_3:staticprop:233,lostschool_3,models/props_street/police_barricade_368in.mdl,"[-1438.0, -4620.0, -58.23609924316406]","[0.0, 178.5, 0.0]",1.0,[],,unmapped,,,False,False,,,,0,owner-reviewed: access/structural or breakable geometry; preserve verified native NAV and passage layout; Source collision/damage model absent,True,"4036, 79, 193",0,15,Block{minecraft:air},0,0
lostschool_3:staticprop:234,lostschool_3,models/props_street/police_barricade_368in.mdl,"[-1427.0, -4257.0, -58.23609924316406]","[0.0, 178.5, 0.0]",1.0,[],,unmapped,,,False,False,,,,0,owner-reviewed: access/structural or breakable geometry; preserve verified native NAV and passage layout; Source collision/damage model absent,True,"4037, 79, 177",0,15,Block{minecraft:air},0,0
lostschool_3:staticprop:235,lostschool_3,models/props_street/police_barricade_368in.mdl,"[-1415.0, -3894.0, -58.23609924316406]","[0.0, 178.5, 0.0]",1.0,[],,unmapped,,,False,False,,,,0,owner-reviewed: access/structural or breakable geometry; preserve verified native NAV and passage layout; Source collision/damage model absent,True,"4037, 79, 162",0,15,Block{minecraft:air},0,0
lostschool_3:staticprop:236,lostschool_3,models/props_street/police_barricade_368in.mdl,"[-1407.0, -3522.0, -58.23609924316406]","[0.0, 178.5, 0.0]",1.0,[],,unmapped,,,False,False,,,,0,owner-reviewed: access/structural or breakable geometry; preserve verified native NAV and passage layout; Source collision/damage model absent,True,"4037, 79, 147",0,15,Block{minecraft:air},0,0
lostschool_3:staticprop:237,lostschool_3,models/props_street/police_barricade_368in.mdl,"[-1403.0, -3158.0, -58.23609924316406]","[0.0, 178.5, 0.0]",1.0,[],,unmapped,,,False,False,,,,0,owner-reviewed: access/structural or breakable geometry; preserve verified native NAV and passage layout; Source collision/damage model absent,True,"4038, 79, 132",0,15,Block{minecraft:air},0,0
lostschool_3:staticprop:238,lostschool_3,models/props_street/police_barricade_368in.mdl,"[-1386.0, -2795.0, -60.0]","[0.0, 178.5, 0.0]",1.0,[],,unmapped,,,False,False,,,,0,owner-reviewed: access/structural or breakable geometry; preserve verified native NAV and passage layout; Source collision/damage model absent,True,"4038, 79, 116",0,15,Block{minecraft:air},0,0
lostschool_3:staticprop:239,lostschool_3,models/props_street/police_barricade_368in.mdl,"[-1403.0, -2459.0, -58.23609924316406]","[0.0, 190.5, 0.0]",1.0,[],,unmapped,,,False,False,,,,0,owner-reviewed: access/structural or breakable geometry; preserve verified native NAV and passage layout; Source collision/damage model absent,True,"4038, 79, 102",0,15,Block{minecraft:air},0,0
lostschool_3:staticprop:240,lostschool_3,models/props_street/police_barricade_368in.mdl,"[-1433.0, -2263.0, -58.23609924316406]","[0.0, 155.0, 0.0]",1.0,[],,unmapped,,,False,False,,,,0,owner-reviewed: access/structural or breakable geometry; preserve verified native NAV and passage layout; Source collision/damage model absent,True,"4036, 79, 94",0,15,Block{minecraft:air},0,0
lostschool_3:staticprop:241,lostschool_3,models/props_misc/fairground_tent_open.mdl,"[301.0, -2160.0, -62.0]","[0.0, 0.0, 0.0]",1.0,[],,unmapped,,,False,False,,,,0,owner-reviewed: large foliage/tent geometry; exact silhouette/base-game mesh absent,True,"4109, 79, 90",0,15,Block{minecraft:air},0,0
lostschool_3:staticprop:242,lostschool_3,models/props_vehicles/army_truck.mdl,"[-596.0, -3766.989990234375, -59.0]","[0.0, 311.0, 0.0]",1.0,[],,unmapped,,,False,False,,,,0,owner-reviewed: large vehicle/setpiece or scripted control; outside furniture/light template scope; exact mesh/animation absent,True,"4071, 79, 157",0,15,Block{minecraft:air},0,0
lostschool_3:staticprop:243,lostschool_3,models/props_crates/static_crate_40.mdl,"[-640.739990234375, -3802.989990234375, 9.42199993133545]","[0.0, 250.5, 0.0]",1.0,[],crate,placed,"[4069, 78, 158]",0,False,True,,,,0,,True,"4069, 79, 158",0,15,Block{minecraft:air},0,0
lostschool_3:staticprop:244,lostschool_3,models/props_vehicles/hmmwv.mdl,"[-569.0, -3901.989990234375, -58.80970001220703]","[0.0, 308.5, 0.0]",1.0,[],,unmapped,,,False,False,,,,0,owner-reviewed: large vehicle/setpiece or scripted control; outside furniture/light template scope; exact mesh/animation absent,True,"4072, 79, 163",0,15,Block{minecraft:air},0,0
lostschool_3:staticprop:245,lostschool_3,models/props_vehicles/hmmwv.mdl,"[-542.0, -4018.989990234375, -58.80970001220703]","[0.0, 308.5, 0.0]",1.0,[],,unmapped,,,False,False,,,,0,owner-reviewed: large vehicle/setpiece or scripted control; outside furniture/light template scope; exact mesh/animation absent,True,"4073, 79, 167",0,15,Block{minecraft:air},0,0
lostschool_3:staticprop:246,lostschool_3,models/props_vehicles/utility_truck.mdl,"[-655.8519897460938, -3107.3701171875, -55.94609832763672]","[0.0, 220.0, 0.0]",1.0,[],,unmapped,,,False,False,,,,0,owner-reviewed: large vehicle/setpiece or scripted control; outside furniture/light template scope; exact mesh/animation absent,True,"4069, 79, 129",0,15,Block{minecraft:air},0,0
lostschool_3:staticprop:247,lostschool_3,models/props_misc/triage_tent.mdl,"[-1178.989990234375, -2655.199951171875, -59.75]","[0.0, 149.5, 0.0]",1.0,[],,unmapped,,,False,False,,,,0,owner-reviewed: large foliage/tent geometry; exact silhouette/base-game mesh absent,True,"4047, 79, 111",0,15,Block{minecraft:air},0,0
lostschool_3:staticprop:248,lostschool_3,models/props_misc/triage_tent.mdl,"[-988.0, -2329.0, -59.75]","[0.0, 149.5, 0.0]",1.0,[],,unmapped,,,False,False,,,,0,owner-reviewed: large foliage/tent geometry; exact silhouette/base-game mesh absent,True,"4055, 79, 97",0,15,Block{minecraft:air},0,0
lostschool_3:staticprop:249,lostschool_3,models/props_misc/fairground_tent_closed.mdl,"[-1322.8800048828125, -3021.050048828125, -59.75]","[0.0, 270.5, 0.0]",1.0,[],,unmapped,,,False,False,,,,0,owner-reviewed: large foliage/tent geometry; exact silhouette/base-game mesh absent,True,"4041, 79, 126",0,15,Block{minecraft:air},0,0
lostschool_3:staticprop:250,lostschool_3,models/props_misc/fairground_tent_closed.mdl,"[-1318.0, -2893.0, -59.75]","[0.0, 270.5, 0.0]",1.0,[],,unmapped,,,False,False,,,,0,owner-reviewed: large foliage/tent geometry; exact silhouette/base-game mesh absent,True,"4041, 79, 121",0,15,Block{minecraft:air},0,0
lostschool_3:staticprop:251,lostschool_3,models/props_vehicles/ambulance.mdl,"[-488.0, -2387.0, -57.749000549316406]","[-0.006949429865926504, 264.5379943847656, -0.7338610291481018]",1.0,[],,unmapped,,,False,False,,,,0,owner-reviewed: large vehicle/setpiece or scripted control; outside furniture/light template scope; exact mesh/animation absent,True,"4076, 79, 99",0,15,Block{minecraft:air},0,0
lostschool_3:staticprop:252,lostschool_3,models/props_crates/static_crate_40.mdl,"[-950.0, -3225.0, -20.0]","[0.0, 27.0, 0.0]",1.0,[],crate,placed,"[4056, 78, 134]",0,False,True,,,,0,,True,"4056, 79, 134",0,15,Block{minecraft:air},0,0
lostschool_3:staticprop:253,lostschool_3,models/props_crates/static_crate_40.mdl,"[-949.0, -3241.0, -60.0]","[0.0, 329.5, 0.0]",1.0,[],crate,placed_display,"[4057, 78, 135]","[0.215407, 0.5, 0.126885]",True,False,1.0,protected_navigation_or_gameplay,zero-hitbox Source-pose display,1,,True,"4057, 79, 135",0,15,Block{minecraft:air},0,1
lostschool_3:staticprop:254,lostschool_3,models/props_crates/static_crate_40.mdl,"[-961.0, -3188.0, -60.0]","[0.0, 5.5, 0.0]",1.0,[],crate,placed,"[4056, 78, 133]",0,False,True,,,,0,,True,"4056, 79, 133",0,15,Block{minecraft:air},0,0
lostschool_3:staticprop:255,lostschool_3,models/props_crates/static_crate_40.mdl,"[-993.0, -3199.0, -20.0]","[0.0, 27.0, 0.0]",1.0,[],crate,placed,"[4055, 78, 133]",0,False,True,,,,0,,True,"4055, 79, 133",0,15,Block{minecraft:air},0,0
lostschool_3:staticprop:256,lostschool_3,models/props_crates/static_crate_40.mdl,"[-1008.0, -3183.0, -60.0]","[0.0, 27.0, 0.0]",1.0,[],crate,placed_display,"[4054, 78, 133]","[-0.222752, 0.5, 0.113498]",True,False,1.0,protected_navigation_or_gameplay,zero-hitbox Source-pose display,1,,True,"4054, 79, 133",0,15,Block{minecraft:air},0,1
lostschool_3:staticprop:257,lostschool_3,models/props_misc/fairground_tent_closed.mdl,"[-847.8829956054688, -3157.0, -59.75]","[0.0, 270.5, 0.0]",1.0,[],,unmapped,,,False,False,,,,0,owner-reviewed: large foliage/tent geometry; exact silhouette/base-game mesh absent,True,"4061, 79, 132",0,15,Block{minecraft:air},0,0
lostschool_3:staticprop:258,lostschool_3,models/props_misc/fairground_tent_closed.mdl,"[-843.0, -3028.949951171875, -59.75]","[0.0, 270.5, 0.0]",1.0,[],,unmapped,,,False,False,,,,0,owner-reviewed: large foliage/tent geometry; exact silhouette/base-game mesh absent,True,"4061, 79, 126",0,15,Block{minecraft:air},0,0
lostschool_3:staticprop:259,lostschool_3,models/props_foliage/mall_tree_large01.mdl,"[-1603.0, -4707.35009765625, -60.0]","[0.0, 0.0, 0.0]",1.0,[],,unmapped,,,False,False,,,,0,owner-reviewed: large foliage/tent geometry; exact silhouette/base-game mesh absent,True,"4029, 79, 196",0,15,Block{minecraft:air},0,0
lostschool_3:staticprop:260,lostschool_3,models/props_foliage/mall_tree_medium01.mdl,"[-1624.0, -4300.0, -60.0]","[0.0, 0.0, 0.0]",1.0,[],,unmapped,,,False,False,,,,0,owner-reviewed: large foliage/tent geometry; exact silhouette/base-game mesh absent,True,"4028, 79, 179",0,15,Block{minecraft:air},0,0
lostschool_3:staticprop:261,lostschool_3,models/props_foliage/tree_city01.mdl,"[-1610.0, -3885.0, -60.0]","[0.0, 0.0, 0.0]",1.0,[],,unmapped,,,False,False,,,,0,owner-reviewed: large foliage/tent geometry; exact silhouette/base-game mesh absent,True,"4029, 79, 162",0,15,Block{minecraft:air},0,0
lostschool_3:staticprop:262,lostschool_3,models/props_foliage/trees_dryleaves01.mdl,"[-1596.0, -3456.0, -60.0]","[0.0, 0.0, 0.0]",1.0,[],,unmapped,,,False,False,,,,0,owner-reviewed: large foliage/tent geometry; exact silhouette/base-game mesh absent,True,"4030, 79, 144",0,15,Block{minecraft:air},0,0
lostschool_3:staticprop:263,lostschool_3,models/props_foliage/mall_tree_large01.mdl,"[-1603.0, -3110.0, -60.0]","[0.0, 0.0, 0.0]",1.0,[],,unmapped,,,False,False,,,,0,owner-reviewed: large foliage/tent geometry; exact silhouette/base-game mesh absent,True,"4029, 79, 130",0,15,Block{minecraft:air},0,0
lostschool_3:staticprop:264,lostschool_3,models/props_foliage/mall_tree_large01.mdl,"[-1617.0, -2675.0, -60.0]","[0.0, 0.0, 0.0]",1.0,[],,unmapped,,,False,False,,,,0,owner-reviewed: large foliage/tent geometry; exact silhouette/base-game mesh absent,True,"4029, 79, 111",0,15,Block{minecraft:air},0,0
lostschool_3:staticprop:265,lostschool_3,models/props_foliage/tree_pine04_tallcluster.mdl,"[-1745.0, -2339.0, -60.0]","[0.0, 0.0, 0.0]",1.0,[],,unmapped,,,False,False,,,,0,owner-reviewed: large foliage/tent geometry; exact silhouette/base-game mesh absent,True,"4023, 79, 97",0,15,Block{minecraft:air},0,0
lostschool_3:staticprop:266,lostschool_3,models/props_foliage/mall_tree_large01.mdl,"[-1872.0, -2668.0, -60.0]","[0.0, 0.0, 0.0]",1.0,[],,unmapped,,,False,False,,,,0,owner-reviewed: large foliage/tent geometry; exact silhouette/base-game mesh absent,True,"4018, 79, 111",0,15,Block{minecraft:air},0,0
lostschool_3:staticprop:267,lostschool_3,models/props_foliage/mall_tree_large01.mdl,"[-1803.0, -2979.0, -60.0]","[0.0, 0.0, 0.0]",1.0,[],,unmapped,,,False,False,,,,0,owner-reviewed: large foliage/tent geometry; exact silhouette/base-game mesh absent,True,"4021, 79, 124",0,15,Block{minecraft:air},0,0
lostschool_3:staticprop:268,lostschool_3,models/props_foliage/tree_pine04_tencluster.mdl,"[-1663.0, -4147.0, -60.0]","[0.0, 340.5, 0.0]",1.0,[],,unmapped,,,False,False,,,,0,owner-reviewed: large foliage/tent geometry; exact silhouette/base-game mesh absent,True,"4027, 79, 173",0,15,Block{minecraft:air},0,0
lostschool_3:staticprop:269,lostschool_3,models/props_foliage/mall_tree_large01.mdl,"[-1761.0, -3705.0, -60.0]","[0.0, 0.0, 0.0]",1.0,[],,unmapped,,,False,False,,,,0,owner-reviewed: large foliage/tent geometry; exact silhouette/base-game mesh absent,True,"4023, 79, 154",0,15,Block{minecraft:air},0,0
lostschool_3:staticprop:270,lostschool_3,models/props_foliage/mall_tree_large01.mdl,"[-1920.0, -4092.0, -60.0]","[0.0, 0.0, 0.0]",1.0,[],,unmapped,,,False,False,,,,0,owner-reviewed: large foliage/tent geometry; exact silhouette/base-game mesh absent,True,"4016, 79, 171",0,15,Block{minecraft:air},0,0
lostschool_3:staticprop:271,lostschool_3,models/props_foliage/mall_tree_large01.mdl,"[-1975.0, -3774.0, -60.0]","[0.0, 0.0, 0.0]",1.0,[],,unmapped,,,False,False,,,,0,owner-reviewed: large foliage/tent geometry; exact silhouette/base-game mesh absent,True,"4014, 79, 157",0,15,Block{minecraft:air},0,0
lostschool_3:staticprop:272,lostschool_3,models/props_foliage/mall_tree_large01.mdl,"[-1892.0, -4379.0, -60.0]","[0.0, 0.0, 0.0]",1.0,[],,unmapped,,,False,False,,,,0,owner-reviewed: large foliage/tent geometry; exact silhouette/base-game mesh absent,True,"4017, 79, 182",0,15,Block{minecraft:air},0,0
lostschool_3:staticprop:273,lostschool_3,models/props_foliage/mall_tree_large01.mdl,"[-1875.0, -4736.0, -60.0]","[0.0, 0.0, 0.0]",1.0,[],,unmapped,,,False,False,,,,0,owner-reviewed: large foliage/tent geometry; exact silhouette/base-game mesh absent,True,"4018, 79, 197",0,15,Block{minecraft:air},0,0
lostschool_3:staticprop:274,lostschool_3,models/props_foliage/tree_pine04_tallcluster.mdl,"[-1693.0, -3195.0, -60.0]","[0.0, 346.0, 0.0]",1.0,[],,unmapped,,,False,False,,,,0,owner-reviewed: large foliage/tent geometry; exact silhouette/base-game mesh absent,True,"4025, 79, 133",0,15,Block{minecraft:air},0,0
lostschool_3:staticprop:275,lostschool_3,models/props_foliage/mall_tree_large01.mdl,"[-1629.0, -2311.0, -60.0]","[0.0, 0.0, 0.0]",1.0,[],,unmapped,,,False,False,,,,0,owner-reviewed: large foliage/tent geometry; exact silhouette/base-game mesh absent,True,"4028, 79, 96",0,15,Block{minecraft:air},0,0
lostschool_3:staticprop:276,lostschool_3,models/props_misc/triage_tent.mdl,"[728.0, -4483.0, -59.75]","[0.0, 289.0, 0.0]",1.0,[],,unmapped,,,False,False,,,,0,owner-reviewed: large foliage/tent geometry; exact silhouette/base-game mesh absent,True,"4126, 79, 187",0,15,Block{minecraft:air},0,0
lostschool_3:staticprop:277,lostschool_3,models/props_equipment/sleeping_bag1.mdl,"[826.6430053710938, -4667.759765625, -58.97679901123047]","[0.0, 0.0, 0.0]",1.0,[],sleeping_bag,placed_display,"[4130, 78, 194]","[0.0, 0.457367, 0.0]",True,False,1.0,reviewed_accessory_requires_pose_preserving_display,zero-hitbox Source-pose display,2,,True,"4130, 79, 194",0,13,Block{minecraft:air},0,2
lostschool_3:staticprop:278,lostschool_3,models/props_equipment/sleeping_bag2.mdl,"[833.6430053710938, -4724.759765625, -58.97679901123047]","[0.0, 0.0, 0.0]",1.0,[],sleeping_bag,placed_display,"[4131, 78, 197]","[0.0, 0.457367, 0.0]",True,False,1.0,reviewed_accessory_requires_pose_preserving_display,zero-hitbox Source-pose display,2,,True,"4131, 79, 197",0,10,Block{minecraft:air},0,2
lostschool_3:staticprop:279,lostschool_3,models/props_vehicles/airport_fuel_truck.mdl,"[3486.0, -3226.260009765625, -58.2495002746582]","[0.0, 45.000999450683594, 0.0]",1.0,[],,unmapped,,,False,False,,,,0,owner-reviewed: large vehicle/setpiece or scripted control; outside furniture/light template scope; exact mesh/animation absent,True,"4241, 79, 134",0,15,Block{minecraft:air},0,0
lostschool_3:staticprop:280,lostschool_3,models/props_vehicles/airport_catering_truck.mdl,"[3516.0, -3561.0, -59.0]","[0.0, 250.5, 0.0]",1.0,[],,unmapped,,,False,False,,,,0,owner-reviewed: large vehicle/setpiece or scripted control; outside furniture/light template scope; exact mesh/animation absent,True,"4243, 79, 148",0,15,Block{minecraft:air},0,0
lostschool_3:staticprop:281,lostschool_3,models/props_vehicles/airport_catering_truck.mdl,"[3585.0, -3774.0, -59.0]","[0.0, 250.5, 0.0]",1.0,[],,unmapped,,,False,False,,,,0,owner-reviewed: large vehicle/setpiece or scripted control; outside furniture/light template scope; exact mesh/animation absent,True,"4245, 79, 157",0,15,Block{minecraft:air},0,0
lostschool_3:staticprop:282,lostschool_3,models/props_vehicles/airport_catering_truck.mdl,"[2053.0, -3655.0, -38.16910171508789]","[0.0, 12.0, 0.0]",1.0,[],,unmapped,,,False,False,,,,0,owner-reviewed: large vehicle/setpiece or scripted control; outside furniture/light template scope; exact mesh/animation absent,True,"4182, 80, 152",0,15,Block{minecraft:air},0,0
lostschool_3:staticprop:283,lostschool_3,models/props_vehicles/airport_catering_truck.mdl,"[1947.0, -3721.0, -38.16910171508789]","[0.0, 12.0, 0.0]",1.0,[],,unmapped,,,False,False,,,,0,owner-reviewed: large vehicle/setpiece or scripted control; outside furniture/light template scope; exact mesh/animation absent,True,"4177, 80, 155",0,15,Block{minecraft:air},0,0
lostschool_3:staticprop:284,lostschool_3,models/props_misc/triage_tent.mdl,"[4530.0, -4047.0, -59.75]","[0.0, 347.0, 0.0]",1.0,[],,unmapped,,,False,False,,,,0,owner-reviewed: large foliage/tent geometry; exact silhouette/base-game mesh absent,True,"4285, 79, 169",0,15,Block{minecraft:air},0,0
lostschool_3:staticprop:285,lostschool_3,models/props_misc/triage_tent.mdl,"[4614.06005859375, -3678.469970703125, -59.75]","[0.0, 347.0, 0.0]",1.0,[],,unmapped,,,False,False,,,,0,owner-reviewed: large foliage/tent geometry; exact silhouette/base-game mesh absent,True,"4288, 79, 153",0,15,Block{minecraft:air},0,0
lostschool_3:staticprop:286,lostschool_3,models/props_misc/fairground_tent_closed.mdl,"[4790.58984375, -3323.93994140625, -59.75]","[0.0, 76.5, 0.0]",1.0,[],,unmapped,,,False,False,,,,0,owner-reviewed: large foliage/tent geometry; exact silhouette/base-game mesh absent,True,"4296, 79, 138",0,15,Block{minecraft:air},0,0
lostschool_3:staticprop:287,lostschool_3,models/props_misc/fairground_tent_closed.mdl,"[4754.8798828125, -3447.0, -59.75]","[0.0, 76.5, 0.0]",1.0,[],,unmapped,,,False,False,,,,0,owner-reviewed: large foliage/tent geometry; exact silhouette/base-game mesh absent,True,"4294, 79, 144",0,15,Block{minecraft:air},0,0
lostschool_3:staticprop:288,lostschool_3,models/props_crates/static_crate_40.mdl,"[4317.75, -3491.530029296875, -56.75]","[0.0, 256.5, 0.0]",1.0,[],crate,placed,"[4276, 78, 145]",0,False,True,,,,0,,True,"4276, 79, 145",0,15,Block{minecraft:air},0,0
lostschool_3:staticprop:289,lostschool_3,models/props_crates/static_crate_40.mdl,"[4332.759765625, -3485.89990234375, -16.75]","[0.0, 314.0, 0.0]",1.0,[],crate,placed_display,"[4277, 79, 145]","[0.0, 0.0, 0.0]",True,False,1.0,protected_navigation_or_gameplay,zero-hitbox Source-pose display,1,,True,"4277, 80, 145",0,15,Block{minecraft:air},0,1
lostschool_3:staticprop:290,lostschool_3,models/props_crates/static_crate_40.mdl,"[4364.919921875, -3464.56005859375, -56.75]","[0.0, 292.5, 0.0]",1.0,[],crate,placed,"[4278, 78, 144]",0,False,True,,,,0,,True,"4278, 79, 144",0,15,Block{minecraft:air},0,0
lostschool_3:staticprop:291,lostschool_3,models/props_crates/static_crate_40.mdl,"[4355.9599609375, -3418.14990234375, -56.75]","[0.0, 314.0, 0.0]",1.0,[],crate,placed_display,"[4277, 78, 142]","[0.0, 0.364583, 0.0]",True,False,1.0,protected_navigation_or_gameplay,zero-hitbox Source-pose display,1,,True,"4277, 79, 142",0,15,Block{minecraft:air},0,1
lostschool_3:staticprop:292,lostschool_3,models/props_crates/static_crate_40.mdl,"[4345.0498046875, -3437.179931640625, -16.75]","[0.0, 314.0, 0.0]",1.0,[],crate,placed,"[4277, 78, 143]",0,False,True,,,,0,,True,"4277, 79, 143",0,15,Block{minecraft:air},0,0
lostschool_3:staticprop:293,lostschool_3,models/props_crates/static_crate_40.mdl,"[4317.60986328125, -3446.610107421875, -56.75]","[0.0, 278.0, 0.0]",1.0,[],crate,placed,"[4276, 78, 144]",0,False,True,,,,0,,True,"4276, 79, 144",0,15,Block{minecraft:air},0,0
lostschool_3:staticprop:294,lostschool_3,models/props_misc/fairground_tent_board.mdl,"[4696.0, -3164.8798828125, -59.75]","[0.0, 255.5, 0.0]",1.0,[],,unmapped,,,False,False,,,,0,owner-reviewed: large foliage/tent geometry; exact silhouette/base-game mesh absent,True,"4292, 79, 132",0,15,Block{minecraft:air},0,0
lostschool_3:staticprop:295,lostschool_3,models/props_misc/fairground_tent_board.mdl,"[4726.830078125, -3041.669921875, -59.75]","[0.0, 255.5, 0.0]",1.0,[],,unmapped,,,False,False,,,,0,owner-reviewed: large foliage/tent geometry; exact silhouette/base-game mesh absent,True,"4293, 79, 127",0,15,Block{minecraft:air},0,0
lostschool_3:staticprop:296,lostschool_3,models/props_misc/fairground_tent_closed.mdl,"[4824.509765625, -3199.14990234375, -59.75]","[0.0, 255.5, 0.0]",1.0,[],,unmapped,,,False,False,,,,0,owner-reviewed: large foliage/tent geometry; exact silhouette/base-game mesh absent,True,"4297, 79, 133",0,15,Block{minecraft:air},0,0
lostschool_3:staticprop:297,lostschool_3,models/props_misc/fairground_tent_closed.mdl,"[4855.33984375, -3075.93994140625, -59.75]","[0.0, 255.5, 0.0]",1.0,[],,unmapped,,,False,False,,,,0,owner-reviewed: large foliage/tent geometry; exact silhouette/base-game mesh absent,True,"4298, 79, 128",0,15,Block{minecraft:air},0,0
lostschool_3:staticprop:298,lostschool_3,models/props_vehicles/longnose_truck.mdl,"[4550.22021484375, -4435.64990234375, -57.3140983581543]","[0.0, 16.49799919128418, 0.0]",1.0,[],,unmapped,,,False,False,,,,0,owner-reviewed: large vehicle/setpiece or scripted control; outside furniture/light template scope; exact mesh/animation absent,True,"4286, 79, 185",0,15,Block{minecraft:air},0,0
lostschool_3:staticprop:299,lostschool_3,models/props_vehicles/semi_trailer.mdl,"[4682.0, -4656.0, -58.22959899902344]","[0.0017895899945870042, 45.983001708984375, 0.0]",1.0,[],,unmapped,,,False,False,,,,0,owner-reviewed: access/structural or breakable geometry; preserve verified native NAV and passage layout; Source collision/damage model absent,True,"4291, 79, 194",0,15,Block{minecraft:air},0,0
lostschool_3:staticprop:300,lostschool_3,models/props_misc/fairground_tent_closed.mdl,"[4958.740234375, -2846.6298828125, -59.75]","[0.0, 161.5, 0.0]",1.0,[],,unmapped,,,False,False,,,,0,owner-reviewed: large foliage/tent geometry; exact silhouette/base-game mesh absent,True,"4303, 79, 119",0,15,Block{minecraft:air},0,0
lostschool_3:staticprop:301,lostschool_3,models/props_misc/fairground_tent_closed.mdl,"[5078.22998046875, -2892.929931640625, -59.75]","[0.0, 161.5, 0.0]",1.0,[],,unmapped,,,False,False,,,,0,owner-reviewed: large foliage/tent geometry; exact silhouette/base-game mesh absent,True,"4308, 79, 121",0,15,Block{minecraft:air},0,0
lostschool_3:staticprop:302,lostschool_3,models/props_misc/fairground_tent_board.mdl,"[4672.0, -2885.550048828125, -59.75]","[0.0, 340.5, 0.0]",1.0,[],,unmapped,,,False,False,,,,0,owner-reviewed: large foliage/tent geometry; exact silhouette/base-game mesh absent,True,"4291, 79, 120",0,15,Block{minecraft:air},0,0
lostschool_3:staticprop:303,lostschool_3,models/props_misc/fairground_tent_closed.mdl,"[4717.33984375, -2760.510009765625, -59.75]","[0.0, 340.5, 0.0]",1.0,[],,unmapped,,,False,False,,,,0,owner-reviewed: large foliage/tent geometry; exact silhouette/base-game mesh absent,True,"4293, 79, 115",0,15,Block{minecraft:air},0,0
lostschool_3:staticprop:304,lostschool_3,models/props_misc/fairground_tent_closed.mdl,"[4837.39013671875, -2801.9599609375, -59.75]","[0.0, 340.5, 0.0]",1.0,[],,unmapped,,,False,False,,,,0,owner-reviewed: large foliage/tent geometry; exact silhouette/base-game mesh absent,True,"4298, 79, 117",0,15,Block{minecraft:air},0,0
lostschool_3:staticprop:305,lostschool_3,models/props_misc/fairground_tent_board.mdl,"[4792.0498046875, -2927.0, -59.75]","[0.0, 340.5, 0.0]",1.0,[],,unmapped,,,False,False,,,,0,owner-reviewed: large foliage/tent geometry; exact silhouette/base-game mesh absent,True,"4296, 79, 122",0,15,Block{minecraft:air},0,0
lostschool_3:staticprop:306,lostschool_3,models/props_vehicles/semi_trailer.mdl,"[4499.0, -2573.0, -58.22959899902344]","[0.0017895899945870042, 19.982999801635742, 0.0]",1.0,[],,unmapped,,,False,False,,,,0,owner-reviewed: access/structural or breakable geometry; preserve verified native NAV and passage layout; Source collision/damage model absent,True,"4283, 79, 107",0,15,Block{minecraft:air},0,0
lostschool_3:staticprop:307,lostschool_3,models/props_vehicles/longnose_truck.mdl,"[4413.0, -2283.0, -57.3140983581543]","[0.0, 6.497980117797852, 0.0]",1.0,[],,unmapped,,,False,False,,,,0,owner-reviewed: large vehicle/setpiece or scripted control; outside furniture/light template scope; exact mesh/animation absent,True,"4280, 79, 95",0,15,Block{minecraft:air},0,0
lostschool_3:staticprop:308,lostschool_3,models/props_vehicles/hmmwv.mdl,"[4000.0, -2835.0, -56.894500732421875]","[0.0, 99.5, 0.0]",1.0,[],,unmapped,,,False,False,,,,0,owner-reviewed: large vehicle/setpiece or scripted control; outside furniture/light template scope; exact mesh/animation absent,True,"4263, 79, 118",0,15,Block{minecraft:air},0,0
lostschool_3:staticprop:309,lostschool_3,models/props_vehicles/hmmwv.mdl,"[4218.0, -2886.0, -59.0]","[0.0, 115.0, 0.0]",1.0,[],,unmapped,,,False,False,,,,0,owner-reviewed: large vehicle/setpiece or scripted control; outside furniture/light template scope; exact mesh/animation absent,True,"4272, 79, 120",0,15,Block{minecraft:air},0,0
lostschool_3:staticprop:310,lostschool_3,models/props_vehicles/hmmwv_glass.mdl,"[4194.0, -2886.0, -58.894500732421875]","[0.0, 110.5, 0.0]",1.0,[],,unmapped,,,False,False,,,,0,owner-reviewed: large vehicle/setpiece or scripted control; outside furniture/light template scope; exact mesh/animation absent,True,"4271, 79, 120",0,15,Block{minecraft:air},0,0
lostschool_3:staticprop:311,lostschool_3,models/props_vehicles/hmmwv.mdl,"[3913.0, -2167.0, -56.894500732421875]","[0.0, 91.0, 0.0]",1.0,[],,unmapped,,,False,False,,,,0,owner-reviewed: large vehicle/setpiece or scripted control; outside furniture/light template scope; exact mesh/animation absent,True,"4259, 79, 90",0,15,Block{minecraft:air},0,0
lostschool_3:staticprop:312,lostschool_3,models/props_vehicles/hmmwv.mdl,"[4001.0, -2299.0, -59.0]","[0.0, 127.5, 0.0]",1.0,[],,unmapped,,,False,False,,,,0,owner-reviewed: large vehicle/setpiece or scripted control; outside furniture/light template scope; exact mesh/animation absent,True,"4263, 79, 96",0,15,Block{minecraft:air},0,0
lostschool_3:staticprop:313,lostschool_3,models/props_vehicles/hmmwv.mdl,"[3573.0, -2439.0, -59.0]","[0.0, 160.5, 0.0]",1.0,[],,unmapped,,,False,False,,,,0,owner-reviewed: large vehicle/setpiece or scripted control; outside furniture/light template scope; exact mesh/animation absent,True,"4245, 79, 102",0,15,Block{minecraft:air},0,0
lostschool_3:staticprop:314,lostschool_3,models/props_vehicles/hmmwv.mdl,"[3697.0, -2167.0, -56.894500732421875]","[0.0, 91.0, 0.0]",1.0,[],,unmapped,,,False,False,,,,0,owner-reviewed: large vehicle/setpiece or scripted control; outside furniture/light template scope; exact mesh/animation absent,True,"4250, 79, 90",0,15,Block{minecraft:air},0,0
lostschool_3:staticprop:315,lostschool_3,models/props_fortifications/sandbags_line2.mdl,"[1785.0, -4676.97021484375, 292.47698974609375]","[0.0, 272.0, 0.0]",1.0,[],,unmapped,,,False,False,,,,0,owner-reviewed model group; outside requested bed/table/cabinet/chair/lighting scope; exact mesh or interactive state unavailable,True,"4170, 93, 195",0,12,Block{minecraft:air},0,0
lostschool_3:staticprop:316,lostschool_3,models/props_fortifications/sandbags_line2.mdl,"[1641.0899658203125, -4682.0, 292.47698974609375]","[0.0, 92.0, 0.0]",1.0,[],,unmapped,,,False,False,,,,0,owner-reviewed model group; outside requested bed/table/cabinet/chair/lighting scope; exact mesh or interactive state unavailable,True,"4164, 93, 195",0,12,Block{minecraft:air},0,0
lostschool_3:staticprop:317,lostschool_3,models/props_vehicles/helicopter_news_downed.mdl,"[3774.0, -4336.2900390625, -60.0]","[0.0, 0.0, 0.0]",1.0,[],,unmapped,,,False,False,,,,0,owner-reviewed: large vehicle/setpiece or scripted control; outside furniture/light template scope; exact mesh/animation absent,True,"4253, 79, 181",0,15,Block{minecraft:air},0,0
lostschool_3:staticprop:318,lostschool_3,models/props_vehicles/pickup_load03.mdl,"[2530.52001953125, -5087.0, 265.0]","[0.0, 0.0, 0.0]",1.0,[],,unmapped,,,False,False,,,,0,owner-reviewed: large vehicle/setpiece or scripted control; outside furniture/light template scope; exact mesh/animation absent,True,"4201, 92, 212",0,0,Block{minecraft:white_concrete},0,0
lostschool_3:staticprop:319,lostschool_3,models/props_vehicles/pickup_load02.mdl,"[2424.0, -5086.0, 247.0]","[0.0, 0.0, 0.0]",1.0,[],,unmapped,,,False,False,,,,0,owner-reviewed: large vehicle/setpiece or scripted control; outside furniture/light template scope; exact mesh/animation absent,True,"4197, 91, 212",0,0,Block{minecraft:white_concrete},0,0
lostschool_3:staticprop:320,lostschool_3,models/props_vehicles/pickup_load01.mdl,"[2518.0, -5002.0, 247.0]","[0.0, 0.0, 0.0]",1.0,[],,unmapped,,,False,False,,,,0,owner-reviewed: large vehicle/setpiece or scripted control; outside furniture/light template scope; exact mesh/animation absent,True,"4201, 91, 208",0,0,Block{minecraft:white_concrete},0,0
lostschool_3:staticprop:321,lostschool_3,models/props_vehicles/pickup_load01.mdl,"[1393.0, -3406.0, -74.0]","[0.0, 0.0, 0.0]",1.0,[],,unmapped,,,False,False,,,,0,owner-reviewed: large vehicle/setpiece or scripted control; outside furniture/light template scope; exact mesh/animation absent,True,"4154, 78, 142",0,0,Block{minecraft:grass_block}[snowy=false],0,0
lostschool_3:staticprop:322,lostschool_3,models/props_vehicles/pickup_load01.mdl,"[1091.0, -2137.0, -87.0]","[0.0, 0.0, 0.0]",1.0,[],,unmapped,,,False,False,,,,0,owner-reviewed: large vehicle/setpiece or scripted control; outside furniture/light template scope; exact mesh/animation absent,True,"4141, 77, 89",0,0,Block{minecraft:gray_concrete},0,0
lostschool_3:staticprop:323,lostschool_3,models/props_vehicles/pickup_load03.mdl,"[1091.0, -2416.0, -87.0]","[0.0, 0.0, 0.0]",1.0,[],,unmapped,,,False,False,,,,0,owner-reviewed: large vehicle/setpiece or scripted control; outside furniture/light template scope; exact mesh/animation absent,True,"4141, 77, 101",0,0,Block{minecraft:gray_concrete},0,0
lostschool_3:staticprop:324,lostschool_3,models/props_vehicles/pickup_load01.mdl,"[867.0, -2226.0, -87.0]","[0.0, 267.0, 0.0]",1.0,[],,unmapped,,,False,False,,,,0,owner-reviewed: large vehicle/setpiece or scripted control; outside furniture/light template scope; exact mesh/animation absent,True,"4132, 77, 93",0,0,Block{minecraft:gray_concrete},0,0
lostschool_3:staticprop:325,lostschool_3,models/props/cs_militia/boxes_garage_lower.mdl,"[1053.0, -2310.0, -58.99810028076172]","[0.0, 215.0, 0.0]",1.0,[],crate,placed,"[4140, 78, 96]",0,False,True,,,,0,,True,"4140, 79, 96",0,15,Block{minecraft:air},0,0
lostschool_3:staticprop:326,lostschool_3,models/props/cs_militia/boxes_garage_lower.mdl,"[1025.0, -2272.0, -58.99810028076172]","[0.0, 185.5, 0.0]",1.0,[],crate,placed,"[4139, 78, 95]",0,False,True,,,,0,,True,"4139, 79, 95",0,15,Block{minecraft:air},0,0
lostschool_3:staticprop:327,lostschool_3,models/props/cs_militia/boxes_garage_lower.mdl,"[1015.0, -2324.0, -27.0]","[0.0, 185.5, 0.0]",1.0,[],crate,placed,"[4138, 78, 97]",0,False,True,,,,0,,True,"4138, 79, 97",0,15,Block{minecraft:air},0,0
lostschool_3:staticprop:328,lostschool_3,models/props/cs_militia/boxes_garage_lower.mdl,"[1018.0, -2359.0, -58.99810028076172]","[0.0, 240.0, 0.0]",1.0,[],crate,placed,"[4138, 78, 98]",0,False,True,,,,0,,True,"4138, 79, 98",0,15,Block{minecraft:air},0,0
lostschool_3:staticprop:329,lostschool_3,models/props/cs_militia/boxes_garage_lower.mdl,"[946.0, -2430.139892578125, -58.99810028076172]","[0.0, 326.5, 0.0]",1.0,[],crate,placed,"[4135, 78, 101]",0,False,True,,,,0,,True,"4135, 79, 101",0,15,Block{minecraft:air},0,0
lostschool_3:staticprop:330,lostschool_3,models/props/cs_militia/boxes_garage_lower.mdl,"[859.5900268554688, -2417.840087890625, -58.99810028076172]","[0.0, 272.0, 0.0]",1.0,[],crate,placed,"[4132, 78, 101]",0,False,True,,,,0,,True,"4132, 79, 101",0,15,Block{minecraft:air},0,0
lostschool_3:staticprop:331,lostschool_3,models/props/cs_militia/boxes_garage_lower.mdl,"[910.8820190429688, -2431.0, -27.0]","[0.0, 272.0, 0.0]",1.0,[],crate,placed,"[4134, 78, 101]",0,False,True,,,,0,,True,"4134, 79, 101",0,15,Block{minecraft:air},0,0
lostschool_3:staticprop:332,lostschool_3,models/props_vehicles/helicopter_news_downed.mdl,"[-971.0, -4376.0, -59.33789825439453]","[0.0, 344.0, 0.0]",1.0,[],,unmapped,,,False,False,,,,0,owner-reviewed: large vehicle/setpiece or scripted control; outside furniture/light template scope; exact mesh/animation absent,True,"4056, 79, 182",0,15,Block{minecraft:air},0,0
lostschool_3:staticprop:333,lostschool_3,models/props_c17/lamppost03a_off.mdl,"[1840.0, -2046.0, 24.825899124145508]","[0.0, 0.5000110268592834, 0.0]",1.0,[],fixture,placed_display,"[4173, 81, 85]","[0.0, 0.0, 0.0]",True,False,1.0,protected_navigation_or_gameplay,zero-hitbox Source-pose display,4,,True,"4173, 82, 85",0,15,Block{minecraft:air},0,4
lostschool_3:staticprop:334,lostschool_3,models/props_c17/lamppost03a_off.mdl,"[2372.0, -2054.0, 24.825899124145508]","[0.0, 0.5000110268592834, 0.0]",1.0,[],fixture,placed_display,"[4195, 81, 85]","[-0.002182, 0.0, -0.24999]",True,False,1.0,existing_geometry_or_prior_prop,zero-hitbox Source-pose display,4,,True,"4195, 82, 85",0,15,Block{minecraft:air},0,4
lostschool_3:staticprop:335,lostschool_3,models/props_c17/lamppost03a_off.mdl,"[2879.0, -2047.0, 24.825899124145508]","[0.0, 0.5000110268592834, 0.0]",1.0,[],fixture,placed_display,"[4216, 81, 85]","[0.0, 0.0, 0.0]",True,False,1.0,protected_navigation_or_gameplay,zero-hitbox Source-pose display,4,,True,"4216, 82, 85",0,15,Block{minecraft:air},0,4
lostschool_3:staticprop:336,lostschool_3,models/props_c17/lamppost03a_off.mdl,"[3351.0, -2054.0, 24.825899124145508]","[0.0, 0.5000110268592834, 0.0]",1.0,[],fixture,placed_display,"[4236, 81, 85]","[-0.002182, 0.0, -0.24999]",True,False,1.0,protected_navigation_or_gameplay,zero-hitbox Source-pose display,4,,True,"4236, 82, 85",0,15,Block{minecraft:air},0,4
lostschool_3:staticprop:337,lostschool_3,models/props_c17/lamppost03a_off.mdl,"[964.0, -2042.0, 24.825899124145508]","[0.0, 0.5000110268592834, 0.0]",1.0,[],fixture,placed_display,"[4136, 81, 85]","[0.0, 0.0, 0.0]",True,False,1.0,protected_navigation_or_gameplay,zero-hitbox Source-pose display,4,,True,"4136, 82, 85",0,15,Block{minecraft:air},0,4
lostschool_3:staticprop:338,lostschool_3,models/props_c17/lamppost03a_off.mdl,"[224.0, -2058.0, 24.825899124145508]","[0.0, 0.5000110268592834, 0.0]",1.0,[],fixture,placed_display,"[4105, 81, 85]","[-0.004363, 0.0, -0.499981]",True,False,1.0,protected_navigation_or_gameplay,zero-hitbox Source-pose display,4,,True,"4105, 82, 85",0,15,Block{minecraft:air},0,4
lostschool_3:staticprop:339,lostschool_3,models/props_c17/lamppost03a_off.mdl,"[-420.0, -2046.0, 24.825899124145508]","[0.0, 0.5000110268592834, 0.0]",1.0,[],fixture,placed_display,"[4079, 81, 85]","[0.0, 0.0, 0.0]",True,False,1.0,protected_navigation_or_gameplay,zero-hitbox Source-pose display,4,,True,"4079, 82, 85",0,15,Block{minecraft:air},0,4
lostschool_3:staticprop:340,lostschool_3,models/props/cs_militia/boxes_garage_lower.mdl,"[1010.0, -991.2000122070312, 32.0885009765625]","[0.0, 141.0, 0.0]",1.0,[],crate,placed,"[4138, 82, 41]",0,False,True,,,,0,,True,"4138, 83, 41",0,0,Block{minecraft:spruce_planks},0,0
lostschool_3:staticprop:341,lostschool_3,models/props/cs_militia/boxes_garage_lower.mdl,"[959.697998046875, -1011.0, 32.0885009765625]","[0.0, 67.5, 0.0]",1.0,[],crate,placed,"[4136, 82, 42]",0,False,True,,,,0,,True,"4136, 83, 42",5,0,Block{minecraft:air},0,0
lostschool_3:staticprop:342,lostschool_3,models/props/cs_militia/boxes_garage_lower.mdl,"[1001.0, -990.0, 96.0]","[0.0, 132.0, 0.0]",1.0,[],crate,placed,"[4138, 83, 41]",0,False,True,,,,0,,True,"4138, 84, 41",7,0,Block{minecraft:air},0,0
lostschool_3:staticprop:343,lostschool_3,models/props_unique/airportdeparturedesk01.mdl,"[1638.0, -5331.0, 291.0]","[0.0, 269.5, 0.0]",1.0,[],table,placed,"[4164, 93, 222]",0,False,True,,,,0,,True,"4164, 94, 222",0,0,"Block{minecraft:spruce_slab}[type=bottom,waterlogged=false]",0,0
lostschool_3:staticprop:344,lostschool_3,models/props_unique/airportdeparturedesk01.mdl,"[1752.0, -5332.0, 291.0]","[0.0, 269.5, 0.0]",1.0,[],table,placed,"[4169, 93, 222]",0,False,True,,,,0,,True,"4169, 94, 222",0,0,"Block{minecraft:spruce_slab}[type=bottom,waterlogged=false]",0,0
lostschool_3:staticprop:345,lostschool_3,models/props_vehicles/pickup_load01.mdl,"[2334.0, -5040.0, 279.0]","[0.0, 178.0, 0.0]",1.0,[],,unmapped,,,False,False,,,,0,owner-reviewed: large vehicle/setpiece or scripted control; outside furniture/light template scope; exact mesh/animation absent,True,"4193, 93, 210",0,0,Block{minecraft:air},0,0
lostschool_3:staticprop:346,lostschool_3,models/props_vehicles/pickup_load02.mdl,"[2268.0, -5005.330078125, 247.0]","[0.0, 178.0, 0.0]",1.0,[],,unmapped,,,False,False,,,,0,owner-reviewed: large vehicle/setpiece or scripted control; outside furniture/light template scope; exact mesh/animation absent,True,"4191, 91, 209",0,0,Block{minecraft:white_concrete},0,0
lostschool_3:staticprop:347,lostschool_3,models/props_vehicles/pickup_load03.mdl,"[2267.0, -5109.0, 247.0]","[0.0, 272.0, 0.0]",1.0,[],,unmapped,,,False,False,,,,0,owner-reviewed: large vehicle/setpiece or scripted control; outside furniture/light template scope; exact mesh/animation absent,True,"4190, 91, 213",0,0,Block{minecraft:white_concrete},0,0
lostschool_3:staticprop:348,lostschool_3,models/deadbodies/bodies128_a.mdl,"[2452.610107421875, -4051.0, -41.0]","[0.0, 0.0, 0.0]",1.0,[],,unmapped,,,False,False,,,,0,owner-reviewed: compound corpse/setpiece mesh; generic furniture boxes would misrepresent it; exact Source mesh absent,True,"4198, 79, 169",0,15,Block{minecraft:air},0,0
lostschool_3:staticprop:349,lostschool_3,models/deadbodies/bodies_oval_192.mdl,"[2761.2099609375, -3718.0, -41.0]","[0.0, 0.0, 0.0]",1.0,[],,unmapped,,,False,False,,,,0,owner-reviewed: compound corpse/setpiece mesh; generic furniture boxes would misrepresent it; exact Source mesh absent,True,"4211, 79, 155",0,15,Block{minecraft:air},0,0
lostschool_3:staticprop:350,lostschool_3,models/deadbodies/cemetary/barricade_a.mdl,"[2728.409912109375, -3211.0, -42.0]","[0.0, 0.0, 0.0]",1.0,[],,unmapped,,,False,False,,,,0,owner-reviewed: compound corpse/setpiece mesh; generic furniture boxes would misrepresent it; exact Source mesh absent,True,"4210, 79, 134",0,15,Block{minecraft:air},0,0
lostschool_3:staticprop:351,lostschool_3,models/deadbodies/cemetary/barricade_c.mdl,"[2890.0, -3977.0, -43.0]","[0.0, 0.0, 0.0]",1.0,[],,unmapped,,,False,False,,,,0,owner-reviewed: compound corpse/setpiece mesh; generic furniture boxes would misrepresent it; exact Source mesh absent,True,"4216, 79, 166",0,15,Block{minecraft:air},0,0
lostschool_3:staticprop:352,lostschool_3,models/deadbodies/bodieshall128.mdl,"[2646.530029296875, -4042.0, -40.0]","[0.0, 0.0, 0.0]",1.0,[],,unmapped,,,False,False,,,,0,owner-reviewed: compound corpse/setpiece mesh; generic furniture boxes would misrepresent it; exact Source mesh absent,True,"4206, 79, 168",0,15,Block{minecraft:air},0,0
lostschool_3:staticprop:353,lostschool_3,models/deadbodies/bodies_oval_128.mdl,"[1685.0, -4073.0, -41.0]","[0.0, 0.0, 0.0]",1.0,[],,unmapped,,,False,False,,,,0,owner-reviewed: compound corpse/setpiece mesh; generic furniture boxes would misrepresent it; exact Source mesh absent,True,"4166, 79, 170",0,15,Block{minecraft:air},0,0
lostschool_3:staticprop:354,lostschool_3,models/deadbodies/bodieshall96.mdl,"[376.14898681640625, -3982.0, -39.0]","[0.0, 0.0, 0.0]",1.0,[],,unmapped,,,False,False,,,,0,owner-reviewed: compound corpse/setpiece mesh; generic furniture boxes would misrepresent it; exact Source mesh absent,True,"4112, 79, 166",0,15,Block{minecraft:air},0,0
lostschool_3:staticprop:355,lostschool_3,models/deadbodies/cemetary/barricade_b.mdl,"[-665.6389770507812, -3350.0, -61.0]","[0.0, 0.0, 0.0]",1.0,[],,unmapped,,,False,False,,,,0,owner-reviewed: compound corpse/setpiece mesh; generic furniture boxes would misrepresent it; exact Source mesh absent,True,"4068, 79, 140",0,15,Block{minecraft:air},0,0
lostschool_3:staticprop:356,lostschool_3,models/deadbodies/cemetary/corner_b.mdl,"[-780.0, -3370.7900390625, -60.0]","[0.0, 0.0, 0.0]",1.0,[],,unmapped,,,False,False,,,,0,owner-reviewed: compound corpse/setpiece mesh; generic furniture boxes would misrepresent it; exact Source mesh absent,True,"4064, 79, 140",0,15,Block{minecraft:air},0,0
lostschool_3:staticprop:357,lostschool_3,models/deadbodies/cemetary/corner_c.mdl,"[2152.0, -3211.070068359375, -41.0]","[0.0, 0.0, 0.0]",1.0,[],,unmapped,,,False,False,,,,0,owner-reviewed: compound corpse/setpiece mesh; generic furniture boxes would misrepresent it; exact Source mesh absent,True,"4186, 79, 134",0,15,Block{minecraft:air},0,0
lostschool_3:staticprop:358,lostschool_3,models/deadbodies/cemetary/oval_128_a.mdl,"[1986.0, -2895.0, -41.0]","[0.0, 0.0, 0.0]",1.0,[],,unmapped,,,False,False,,,,0,owner-reviewed: compound corpse/setpiece mesh; generic furniture boxes would misrepresent it; exact Source mesh absent,True,"4179, 79, 121",0,15,Block{minecraft:air},0,0
lostschool_3:staticprop:359,lostschool_3,models/deadbodies/cemetary/oval_128_a.mdl,"[1763.0, -2688.0, -41.0]","[0.0, 234.0, 0.0]",1.0,[],,unmapped,,,False,False,,,,0,owner-reviewed: compound corpse/setpiece mesh; generic furniture boxes would misrepresent it; exact Source mesh absent,True,"4169, 79, 112",0,15,Block{minecraft:air},0,0
lostschool_3:staticprop:360,lostschool_3,models/deadbodies/cemetary/oval_128_b.mdl,"[1571.9100341796875, -3230.0, -42.0]","[0.0, 0.0, 0.0]",1.0,[],,unmapped,,,False,False,,,,0,owner-reviewed: compound corpse/setpiece mesh; generic furniture boxes would misrepresent it; exact Source mesh absent,True,"4161, 79, 135",0,15,Block{minecraft:air},0,0
lostschool_3:staticprop:361,lostschool_3,models/deadbodies/cemetary/oval_128_c.mdl,"[1400.0, -3051.419921875, -41.0]","[0.0, 0.0, 0.0]",1.0,[],,unmapped,,,False,False,,,,0,owner-reviewed: compound corpse/setpiece mesh; generic furniture boxes would misrepresent it; exact Source mesh absent,True,"4154, 79, 127",0,15,Block{minecraft:air},0,0
lostschool_3:staticprop:362,lostschool_3,models/deadbodies/cemetary/oval_192_a.mdl,"[1333.0, -2892.510009765625, -42.0]","[0.0, 0.0, 0.0]",1.0,[],,unmapped,,,False,False,,,,0,owner-reviewed: compound corpse/setpiece mesh; generic furniture boxes would misrepresent it; exact Source mesh absent,True,"4152, 79, 121",0,15,Block{minecraft:air},0,0
lostschool_3:staticprop:363,lostschool_3,models/deadbodies/cemetary/oval_192_b.mdl,"[75.0, -2844.4599609375, -42.0]","[0.0, 0.0, 0.0]",1.0,[],,unmapped,,,False,False,,,,0,owner-reviewed: compound corpse/setpiece mesh; generic furniture boxes would misrepresent it; exact Source mesh absent,True,"4099, 79, 119",0,15,Block{minecraft:air},0,0
lostschool_3:staticprop:364,lostschool_3,models/deadbodies/cemetary/oval_192_c.mdl,"[-308.0, -2820.219970703125, -60.0]","[0.0, 0.0, 0.0]",1.0,[],,unmapped,,,False,False,,,,0,owner-reviewed: compound corpse/setpiece mesh; generic furniture boxes would misrepresent it; exact Source mesh absent,True,"4083, 79, 118",0,15,Block{minecraft:air},0,0
lostschool_3:staticprop:365,lostschool_3,models/deadbodies/cemetary/wall_192_a.mdl,"[-484.0, -2846.0, -58.0]","[0.0, 227.0, 0.0]",1.0,[],,unmapped,,,False,False,,,,0,owner-reviewed: compound corpse/setpiece mesh; generic furniture boxes would misrepresent it; exact Source mesh absent,True,"4076, 79, 119",0,15,Block{minecraft:air},0,0
lostschool_3:staticprop:366,lostschool_3,models/deadbodies/cemetary/wall_192_b.mdl,"[-402.0, -4575.0, -60.0]","[0.0, 35.0, 0.0]",1.0,[],,unmapped,,,False,False,,,,0,owner-reviewed: compound corpse/setpiece mesh; generic furniture boxes would misrepresent it; exact Source mesh absent,True,"4079, 79, 191",0,15,Block{minecraft:air},0,0
lostschool_3:staticprop:367,lostschool_3,models/deadbodies/cemetary/wall_192_c.mdl,"[341.1830139160156, -4479.0, -60.0]","[0.0, 0.0, 0.0]",1.0,[],,unmapped,,,False,False,,,,0,owner-reviewed: compound corpse/setpiece mesh; generic furniture boxes would misrepresent it; exact Source mesh absent,True,"4110, 79, 187",0,15,Block{minecraft:air},0,0
lostschool_3:staticprop:368,lostschool_3,models/deadbodies/deepswamp/barricade_b.mdl,"[969.1079711914062, -4074.0, -40.0]","[0.0, 0.0, 0.0]",1.0,[],,unmapped,,,False,False,,,,0,owner-reviewed: compound corpse/setpiece mesh; generic furniture boxes would misrepresent it; exact Source mesh absent,True,"4136, 79, 170",0,15,Block{minecraft:air},0,0
lostschool_3:staticprop:369,lostschool_3,models/deadbodies/deepswamp/barricade_c.mdl,"[223.21499633789062, -3342.0, -42.0]","[0.0, 0.0, 0.0]",1.0,[],,unmapped,,,False,False,,,,0,owner-reviewed: compound corpse/setpiece mesh; generic furniture boxes would misrepresent it; exact Source mesh absent,True,"4105, 79, 139",0,15,Block{minecraft:air},0,0
lostschool_3:staticprop:370,lostschool_3,models/deadbodies/deepswamp/corner_b.mdl,"[252.0, -2094.0, -60.0]","[0.0, 0.0, 0.0]",1.0,[],,unmapped,,,False,False,,,,0,owner-reviewed: compound corpse/setpiece mesh; generic furniture boxes would misrepresent it; exact Source mesh absent,True,"4107, 79, 87",0,0,Block{minecraft:light_gray_concrete},0,0
lostschool_3:staticprop:371,lostschool_3,models/props/cs_militia/boxes_garage_lower.mdl,"[1627.0, -2917.0, 2.0]","[0.0, 165.0, 0.0]",1.0,[],crate,placed_display,"[4164, 80, 122]","[0.0, 0.0, 0.0]",True,False,1.0,protected_navigation_or_gameplay,zero-hitbox Source-pose display,1,,True,"4164, 81, 122",0,15,Block{minecraft:air},0,1
lostschool_3:staticprop:372,lostschool_3,models/props_fortifications/sandbags_line2.mdl,"[2597.0, -4345.0, -59.52259826660156]","[0.0, 65.0, 0.0]",1.0,[],,unmapped,,,False,False,,,,0,owner-reviewed model group; outside requested bed/table/cabinet/chair/lighting scope; exact mesh or interactive state unavailable,True,"4204, 79, 181",0,15,Block{minecraft:air},0,0
lostschool_3:staticprop:373,lostschool_3,models/props_c17/hospital_surgerytable01.mdl,"[492.0, -2960.0, -21.0]","[0.0, 0.0, 0.0]",1.0,[],table,placed,"[4116, 79, 123]",0,False,True,,,,0,,True,"4116, 80, 123",0,15,"Block{minecraft:spruce_slab}[type=bottom,waterlogged=false]",0,0
lostschool_3:staticprop:374,lostschool_3,models/props_unique/hospital/exam_table.mdl,"[456.0, -3270.0, -43.0]","[0.0, 0.0, 0.0]",1.0,[],table,placed,"[4115, 79, 136]",0,False,True,,,,0,,True,"4115, 80, 136",0,15,"Block{minecraft:spruce_slab}[type=bottom,waterlogged=false]",0,0
lostschool_3:staticprop:375,lostschool_3,models/props_unique/hospital/hospital_bed.mdl,"[476.0, -3380.0, -41.0]","[0.0, 0.0, 0.0]",1.0,[],bed,placed_display,"[4116, 79, 141]","[0.0, 0.708333, 0.0]",True,False,1.0,protected_navigation_or_gameplay,zero-hitbox Source-pose display,9,,True,"4116, 80, 141",0,15,Block{minecraft:air},0,9
lostschool_3:staticprop:376,lostschool_3,models/props_unique/hospital/surgery_lamp.mdl,"[476.4490051269531, -3479.0, -8.0]","[0.0, 0.0, 0.0]",1.0,[],fixture,placed_display,"[4116, 80, 145]","[0.0, 1.0, 0.0]",True,False,1.0,protected_navigation_or_gameplay,zero-hitbox Source-pose display,3,,True,"4116, 81, 145",0,15,Block{minecraft:air},0,3
lostschool_3:staticprop:377,lostschool_3,models/props_unique/hospitalcurtain01.mdl,"[654.7830200195312, -3352.0, -65.0]","[0.0, 0.0, 0.0]",1.0,[],curtain,placed_display,"[4123, 79, 140]","[0.0, 1.708333, 0.0]",True,False,0.55,reviewed_accessory_requires_pose_preserving_display,zero-hitbox Source-pose display,2,,True,"4123, 80, 140",0,15,Block{minecraft:air},0,2
lostschool_3:staticprop:378,lostschool_3,models/props_equipment/toolchest_01.mdl,"[479.0, -3666.0, -42.0]","[0.0, 94.5, 0.0]",1.0,[],toolchest,placed_display,"[4116, 79, 153]","[0.0, 0.75, 0.0]",True,False,1.0,reviewed_accessory_requires_pose_preserving_display,zero-hitbox Source-pose display,9,,True,"4116, 80, 153",0,15,Block{minecraft:air},0,9
lostschool_3:staticprop:379,lostschool_3,models/props_equipment/surgicaltray_01.mdl,"[472.0, -3479.0, -9.0]","[0.0, 0.0, 0.0]",1.0,[],medical_cart,placed_display,"[4116, 79, 145]","[0.0, 0.0, 0.0]",True,False,1.0,reviewed_accessory_requires_pose_preserving_display,zero-hitbox Source-pose display,10,,True,"4116, 80, 145",0,15,Block{minecraft:air},0,10
lostschool_3:staticprop:380,lostschool_3,models/props_c17/hospital_surgerytable01.mdl,"[488.0, -3086.0, -21.0]","[0.0, 0.0, 0.0]",1.0,[],table,placed,"[4116, 79, 129]",0,False,True,,,,0,,True,"4116, 80, 129",0,15,"Block{minecraft:spruce_slab}[type=bottom,waterlogged=false]",0,0
lostschool_3:staticprop:381,lostschool_3,models/props_unique/hospital/exam_table.mdl,"[486.0, -3268.0, -43.0]","[0.0, 0.0, 0.0]",1.0,[],table,placed,"[4116, 79, 136]",0,False,True,,,,0,,True,"4116, 80, 136",0,15,"Block{minecraft:spruce_slab}[type=bottom,waterlogged=false]",0,0
lostschool_3:staticprop:382,lostschool_3,models/props_unique/hospital/hospital_bed.mdl,"[644.0, -3274.0, -39.05739974975586]","[0.0, 93.5, 0.0]",1.0,[],bed,placed_display,"[4123, 79, 136]","[0.0, 0.627392, 0.0]",True,False,1.0,protected_navigation_or_gameplay,zero-hitbox Source-pose display,9,,True,"4123, 80, 136",0,15,Block{minecraft:air},0,9
lostschool_3:staticprop:383,lostschool_3,models/props_equipment/toolchest_01.mdl,"[536.0, -3290.0, -42.0]","[0.0, 90.0, 0.0]",1.0,[],toolchest,placed_display,"[4118, 79, 137]","[0.0, 0.75, 0.0]",True,False,1.0,reviewed_accessory_requires_pose_preserving_display,zero-hitbox Source-pose display,9,,True,"4118, 80, 137",0,15,Block{minecraft:air},0,9
lostschool_3:staticprop:384,lostschool_3,models/props_c17/hospital_surgerytable01.mdl,"[632.0, -2961.0, -21.0]","[0.0, 0.0, 0.0]",1.0,[],table,placed,"[4122, 79, 123]",0,False,True,,,,0,,True,"4122, 80, 123",0,15,"Block{minecraft:spruce_slab}[type=bottom,waterlogged=false]",0,0
lostschool_3:staticprop:385,lostschool_3,models/props_equipment/surgicaltray_01.mdl,"[630.0, -2997.0, -5.0]","[0.0, 88.5, 0.0]",1.0,[],medical_cart,placed_display,"[4122, 79, 125]","[0.0, 0.0, 0.0]",True,False,1.0,reviewed_accessory_requires_pose_preserving_display,zero-hitbox Source-pose display,10,,True,"4122, 80, 125",0,15,Block{minecraft:air},0,10
lostschool_3:staticprop:386,lostschool_3,models/props_vehicles/pickup_load01.mdl,"[639.0, -3602.43994140625, -68.0]","[0.0, 357.0, 0.0]",1.0,[],,unmapped,,,False,False,,,,0,owner-reviewed: large vehicle/setpiece or scripted control; outside furniture/light template scope; exact mesh/animation absent,True,"4123, 78, 150",0,0,Block{minecraft:grass_block}[snowy=false],0,0
lostschool_3:staticprop:387,lostschool_3,models/props_vehicles/pickup_load01.mdl,"[452.22198486328125, -3637.219970703125, -69.0]","[0.0, 179.0, 0.0]",1.0,[],,unmapped,,,False,False,,,,0,owner-reviewed: large vehicle/setpiece or scripted control; outside furniture/light template scope; exact mesh/animation absent,True,"4115, 78, 152",0,0,Block{minecraft:grass_block}[snowy=false],0,0
lostschool_3:staticprop:388,lostschool_3,models/props_vehicles/pickup_load02.mdl,"[702.2420043945312, -3638.25, -69.0]","[0.0, 357.0, 0.0]",1.0,[],,unmapped,,,False,False,,,,0,owner-reviewed: large vehicle/setpiece or scripted control; outside furniture/light template scope; exact mesh/animation absent,True,"4125, 78, 152",0,0,Block{minecraft:grass_block}[snowy=false],0,0
lostschool_3:staticprop:389,lostschool_3,models/props_unique/hospital/hospital_bed.mdl,"[606.0, -3376.0, -41.0]","[0.0, 0.0, 0.0]",1.0,[],bed,placed,"[4121, 79, 141]",0,False,True,,,,0,,True,"4121, 80, 141",0,15,Block{minecraft:air},0,0
lostschool_3:staticprop:390,lostschool_3,models/props_equipment/surgicaltray_01.mdl,"[602.0, -3475.0, -9.0]","[0.0, 0.0, 0.0]",1.0,[],medical_cart,placed_display,"[4121, 79, 145]","[0.0, 0.0, 0.0]",True,False,1.0,reviewed_accessory_requires_pose_preserving_display,zero-hitbox Source-pose display,10,,True,"4121, 80, 145",0,15,Block{minecraft:air},0,10
lostschool_3:staticprop:391,lostschool_3,models/props_unique/hospital/surgery_lamp.mdl,"[606.448974609375, -3475.0, -8.0]","[0.0, 0.0, 0.0]",1.0,[],fixture,placed_display,"[4121, 80, 145]","[0.0, 1.0, 0.0]",True,False,1.0,protected_navigation_or_gameplay,zero-hitbox Source-pose display,3,,True,"4121, 81, 145",0,15,Block{minecraft:air},0,3
lostschool_3:staticprop:392,lostschool_3,models/props_c17/hospital_surgerytable01.mdl,"[1186.0, -3117.0, -21.0]","[0.0, 0.0, 0.0]",1.0,[],table,placed_display,"[4145, 79, 130]","[0.0, 0.0, 0.0]",True,False,1.0,protected_navigation_or_gameplay,zero-hitbox Source-pose display,5,,True,"4145, 80, 130",0,15,Block{minecraft:air},0,5
lostschool_3:staticprop:393,lostschool_3,models/props_equipment/surgicaltray_01.mdl,"[1042.0, -2990.0, -5.0]","[0.0, 88.5, 0.0]",1.0,[],medical_cart,placed_display,"[4139, 79, 125]","[0.0, 0.0, 0.0]",True,False,1.0,reviewed_accessory_requires_pose_preserving_display,zero-hitbox Source-pose display,10,,True,"4139, 80, 125",0,15,Block{minecraft:air},0,10
lostschool_3:staticprop:394,lostschool_3,models/props_c17/hospital_surgerytable01.mdl,"[1044.0, -2954.0, -21.0]","[0.0, 0.0, 0.0]",1.0,[],table,placed_display,"[4140, 79, 123]","[0.0, 0.0, 0.0]",True,False,1.0,protected_navigation_or_gameplay,zero-hitbox Source-pose display,5,,True,"4140, 80, 123",0,15,Block{minecraft:air},0,5
lostschool_3:staticprop:395,lostschool_3,models/props_c17/hospital_surgerytable01.mdl,"[1184.0, -2955.0, -21.0]","[0.0, 0.0, 0.0]",1.0,[],table,placed_display,"[4145, 79, 123]","[0.0, 0.0, 0.0]",True,False,1.0,protected_navigation_or_gameplay,zero-hitbox Source-pose display,5,,True,"4145, 80, 123",0,15,Block{minecraft:air},0,5
lostschool_3:staticprop:396,lostschool_3,models/props_unique/hospital/hospital_bed.mdl,"[1160.0, -3265.0, -40.0]","[0.0, 93.5, 0.0]",1.0,[],bed,placed_display,"[4144, 79, 136]","[0.0, 0.666667, 0.0]",True,False,1.0,protected_navigation_or_gameplay,zero-hitbox Source-pose display,9,,True,"4144, 80, 136",0,15,Block{minecraft:air},0,9
lostschool_3:staticprop:397,lostschool_3,models/props_equipment/toolchest_01.mdl,"[1052.0, -3281.0, -41.0]","[0.0, 90.0, 0.0]",1.0,[],toolchest,placed_display,"[4140, 79, 137]","[0.0, 0.708333, 0.0]",True,False,1.0,reviewed_accessory_requires_pose_preserving_display,zero-hitbox Source-pose display,9,,True,"4140, 80, 137",0,15,Block{minecraft:air},0,9
lostschool_3:staticprop:398,lostschool_3,models/props_unique/hospital/exam_table.mdl,"[1002.0, -3259.0, -41.0]","[0.0, 0.0, 0.0]",1.0,[],table,placed_display,"[4138, 79, 136]","[0.0, 0.708333, 0.0]",True,False,1.0,protected_navigation_or_gameplay,zero-hitbox Source-pose display,5,,True,"4138, 80, 136",0,15,Block{minecraft:air},0,5
lostschool_3:staticprop:399,lostschool_3,models/props_furniture/it_mkt_table2.mdl,"[1134.0, -3503.0, -38.900001525878906]","[0.0, 182.0, 0.0]",1.0,[],table,placed_display,"[4143, 79, 146]","[0.0, 0.620833, 0.0]",True,False,1.0,protected_navigation_or_gameplay,zero-hitbox Source-pose display,5,,True,"4143, 80, 146",0,15,Block{minecraft:air},0,5
lostschool_3:staticprop:400,lostschool_3,models/props_equipment/light_floodlight.mdl,"[942.0, -3705.0, -42.0]","[0.0, 98.5, 0.0]",1.0,[],fixture,placed_display,"[4135, 79, 154]","[0.0, 0.75, 0.0]",True,False,1.0,protected_navigation_or_gameplay,zero-hitbox Source-pose display,3,,True,"4135, 80, 154",0,15,Block{minecraft:air},0,3
lostschool_3:staticprop:401,lostschool_3,models/props_fairgrounds/lighting_board.mdl,"[1140.0, -3486.0, -3.0]","[0.0, 181.5, 0.0]",1.0,[],,unmapped,,,False,False,,,,0,owner-reviewed model group; outside requested bed/table/cabinet/chair/lighting scope; exact mesh or interactive state unavailable,True,"4144, 81, 145",0,15,Block{minecraft:air},0,0
lostschool_3:staticprop:402,lostschool_3,models/props_equipment/toolchest_01.mdl,"[1207.0, -3325.0, -42.0]","[0.0, 269.0, 0.0]",1.0,[],toolchest,placed_display,"[4146, 79, 139]","[0.0, 0.75, 0.0]",True,False,1.0,reviewed_accessory_requires_pose_preserving_display,zero-hitbox Source-pose display,9,,True,"4146, 80, 139",0,15,Block{minecraft:air},0,9
lostschool_3:staticprop:403,lostschool_3,models/props_unique/hospital/hospital_bed.mdl,"[1036.0, -3649.0, -40.0]","[0.0, 90.5, 0.0]",1.0,[],bed,placed_display,"[4139, 79, 152]","[0.0, 0.666667, 0.0]",True,False,1.0,protected_navigation_or_gameplay,zero-hitbox Source-pose display,9,,True,"4139, 80, 152",0,15,Block{minecraft:air},0,9
lostschool_3:staticprop:404,lostschool_3,models/props/cs_office/bookshelf2.mdl,"[1016.0, -3320.0, -41.0]","[0.0, 271.5, 0.0]",1.0,[],shelf,placed_display,"[4138, 79, 138]","[0.0, 0.708333, 0.0]",True,False,1.0,reviewed_accessory_requires_pose_preserving_display,zero-hitbox Source-pose display,8,,True,"4138, 80, 138",0,15,Block{minecraft:air},0,8
lostschool_3:staticprop:405,lostschool_3,models/props_unique/hospital/hospital_bed.mdl,"[-1168.0, -2480.0, -60.0]","[0.0, 236.5, 0.0]",1.0,[],bed,placed,"[4047, 78, 103]",0,False,True,,,,0,,True,"4047, 79, 103",0,15,Block{minecraft:air},0,0
lostschool_3:staticprop:406,lostschool_3,models/props_vehicles/utility_truck.mdl,"[-1168.0, -2722.0, -60.0]","[0.0, 173.0, 0.0]",1.0,[],,unmapped,,,False,False,,,,0,owner-reviewed: large vehicle/setpiece or scripted control; outside furniture/light template scope; exact mesh/animation absent,True,"4047, 79, 113",0,15,Block{minecraft:air},0,0
lostschool_3:staticprop:407,lostschool_3,models/props_unique/hospital/hospital_bed.mdl,"[-1203.0, -2546.0, -60.0]","[0.0, 236.5, 0.0]",1.0,[],bed,placed,"[4046, 78, 106]",0,False,True,,,,0,,True,"4046, 79, 106",0,15,Block{minecraft:air},0,0
lostschool_3:staticprop:408,lostschool_3,models/props_unique/hospital/hospital_bed.mdl,"[-1041.0, -2557.0, -60.0]","[0.0, 236.5, 0.0]",1.0,[],bed,placed,"[4053, 78, 107]",0,False,True,,,,0,,True,"4053, 79, 107",0,15,Block{minecraft:air},0,0
lostschool_3:staticprop:409,lostschool_3,models/props_unique/hospital/hospital_bed.mdl,"[-1128.0, -2423.0, -60.0]","[0.0, 236.5, 0.0]",1.0,[],bed,placed,"[4049, 78, 101]",0,False,True,,,,0,,True,"4049, 79, 101",0,15,Block{minecraft:air},0,0
lostschool_3:staticprop:410,lostschool_3,models/props_unique/hospital/hospital_bed.mdl,"[-1078.0, -2333.0, -60.0]","[0.0, 236.5, 0.0]",1.0,[],bed,placed_display,"[4051, 78, 97]","[0.0, 0.5, 0.0]",True,False,1.0,protected_navigation_or_gameplay,zero-hitbox Source-pose display,9,,True,"4051, 79, 97",0,15,Block{minecraft:air},0,9
lostschool_3:staticprop:411,lostschool_3,models/props_unique/hospital/hospital_bed.mdl,"[-1002.0, -2499.0, -60.0]","[0.0, 236.5, 0.0]",1.0,[],bed,placed,"[4054, 78, 104]",0,False,True,,,,0,,True,"4054, 79, 104",0,15,Block{minecraft:air},0,0
lostschool_3:staticprop:412,lostschool_3,models/props_unique/hospital/hospital_bed.mdl,"[-1027.0, -2252.0, -60.0]","[0.0, 236.5, 0.0]",1.0,[],bed,placed_display,"[4053, 78, 94]","[0.0, 0.5, 0.0]",True,False,1.0,protected_navigation_or_gameplay,zero-hitbox Source-pose display,9,,True,"4053, 79, 94",0,15,Block{minecraft:air},0,9
lostschool_3:staticprop:413,lostschool_3,models/props_unique/hospital/hospital_bed.mdl,"[-845.0, -2232.0, -60.0]","[0.0, 236.5, 0.0]",1.0,[],bed,placed_display,"[4061, 78, 93]","[0.0, 0.5, 0.0]",True,False,1.0,protected_navigation_or_gameplay,zero-hitbox Source-pose display,9,,True,"4061, 79, 93",0,15,Block{minecraft:air},0,9
lostschool_3:staticprop:414,lostschool_3,models/props_unique/hospital/hospital_bed.mdl,"[-975.0, -2157.0, -60.0]","[0.0, 236.5, 0.0]",1.0,[],bed,placed_display,"[4055, 78, 90]","[0.0, 0.5, 0.0]",True,False,1.0,protected_navigation_or_gameplay,zero-hitbox Source-pose display,9,,True,"4055, 79, 90",0,15,Block{minecraft:air},0,9
lostschool_3:staticprop:415,lostschool_3,models/props_crates/static_crate_40.mdl,"[4684.68994140625, -3575.080078125, -60.0]","[0.0, 278.0, 0.0]",1.0,[],crate,placed,"[4291, 78, 149]",0,False,True,,,,0,,True,"4291, 79, 149",0,15,Block{minecraft:air},0,0
lostschool_3:staticprop:416,lostschool_3,models/props_crates/static_crate_40.mdl,"[4723.0400390625, -3546.6201171875, -60.0]","[0.0, 314.0, 0.0]",1.0,[],crate,placed,"[4293, 78, 148]",0,False,True,,,,0,,True,"4293, 79, 148",0,15,Block{minecraft:air},0,0
lostschool_3:staticprop:417,lostschool_3,models/props_crates/static_crate_40.mdl,"[4712.1298828125, -3565.64990234375, -20.0]","[0.0, 314.0, 0.0]",1.0,[],crate,placed,"[4292, 78, 149]",0,False,True,,,,0,,True,"4292, 79, 149",0,15,Block{minecraft:air},0,0
lostschool_3:staticprop:418,lostschool_3,models/props_crates/static_crate_40.mdl,"[4699.83984375, -3614.3701171875, -20.0]","[0.0, 314.0, 0.0]",1.0,[],crate,placed,"[4292, 78, 151]",0,False,True,,,,0,,True,"4292, 79, 151",0,15,Block{minecraft:air},0,0
lostschool_3:staticprop:419,lostschool_3,models/props_crates/static_crate_40.mdl,"[4684.830078125, -3620.0, -60.0]","[0.0, 256.5, 0.0]",1.0,[],crate,placed_display,"[4291, 78, 151]","[-0.243092, 0.5, -0.058361]",True,False,1.0,protected_navigation_or_gameplay,zero-hitbox Source-pose display,1,,True,"4291, 79, 151",0,15,Block{minecraft:air},0,1
lostschool_3:staticprop:420,lostschool_3,models/props_crates/static_crate_40.mdl,"[4732.0, -3593.030029296875, -60.0]","[0.0, 292.5, 0.0]",1.0,[],crate,placed,"[4293, 78, 150]",0,False,True,,,,0,,True,"4293, 79, 150",0,15,Block{minecraft:air},0,0
lostschool_3:staticprop:421,lostschool_3,models/props_crates/static_crate_40.mdl,"[4674.0, -3531.0, -60.0]","[0.0, 257.0, 0.0]",1.0,[],crate,placed,"[4291, 78, 147]",0,False,True,,,,0,,True,"4291, 79, 147",0,15,Block{minecraft:air},0,0
lostschool_3:entity:1105,lostschool_3,models/props_vehicles/cara_95sedan_glass.mdl,"[-43.4734, 339.279, 320.036]","[7.97605, 332.208, -4.18281]",1.0,[],,unmapped,,,False,False,,,,0,owner-reviewed: large vehicle/setpiece or scripted control; outside furniture/light template scope; exact mesh/animation absent,True,"4094, 94, -14",0,15,Block{minecraft:air},0,0
lostschool_3:entity:1109,lostschool_3,models/props_vehicles/cara_95sedan.mdl,"[-43.5495, 339.75, 318.023]","[7.97605, 332.208, -4.18281]",1.0,[],,unmapped,,,False,False,,,,0,owner-reviewed: large vehicle/setpiece or scripted control; outside furniture/light template scope; exact mesh/animation absent,True,"4094, 94, -14",0,15,Block{minecraft:air},0,0
lostschool_3:entity:87775,lostschool_3,models/props_c17/hospital_cart01.mdl,"[491.0, -2996.0, -21.0]","[0.0, 0.0, 0.0]",1.0,[],medical_cart,placed_display,"[4116, 79, 125]","[0.0, 0.0, 0.0]",True,False,1.0,reviewed_accessory_requires_pose_preserving_display,zero-hitbox Source-pose display,10,,True,"4116, 80, 125",0,15,Block{minecraft:air},0,10
lostschool_3:entity:88151,lostschool_3,models/props_c17/hospital_cart01.mdl,"[487.0, -3122.0, -21.0]","[0.0, 0.0, 0.0]",1.0,[],medical_cart,placed_display,"[4116, 79, 130]","[0.0, 0.0, 0.0]",True,False,1.0,reviewed_accessory_requires_pose_preserving_display,zero-hitbox Source-pose display,10,,True,"4116, 80, 130",0,15,Block{minecraft:air},0,10
lostschool_3:entity:50,lostschool_3,models/props_interiors/furniture_chair03a.mdl,"[270.0, -1.0, 175.0]","[0.0, 0.0, 0.0]",1.0,[],chair,placed_display,"[4107, 87, 0]","[0.0, 0.0, 0.0]",True,False,1.0,protected_navigation_or_gameplay,zero-hitbox Source-pose display,6,,True,"4107, 88, 0",7,8,Block{minecraft:air},0,6
lostschool_3:entity:96,lostschool_3,models/props_interiors/furniture_chair03a.mdl,"[242.0, -165.0, 175.0]","[0.0, 0.0, 0.0]",1.0,[],chair,placed_display,"[4106, 87, 7]","[0.0, 0.0, 0.0]",True,False,1.0,protected_navigation_or_gameplay,zero-hitbox Source-pose display,6,,True,"4106, 88, 7",8,0,Block{minecraft:air},0,6
lostschool_3:entity:100,lostschool_3,models/props_interiors/furniture_chair03a.mdl,"[198.0, -485.0, 175.0]","[0.0, 0.0, 0.0]",1.0,[],chair,placed_display,"[4104, 87, 20]","[0.0, 0.0, 0.0]",True,False,1.0,protected_navigation_or_gameplay,zero-hitbox Source-pose display,6,,True,"4104, 88, 20",8,0,Block{minecraft:air},0,6
lostschool_3:entity:104,lostschool_3,models/props_interiors/furniture_chair03a.mdl,"[126.0, -361.0, 175.0]","[0.0, 0.0, 0.0]",1.0,[],chair,placed_display,"[4101, 87, 15]","[0.0, 0.0, 0.0]",True,False,1.0,protected_navigation_or_gameplay,zero-hitbox Source-pose display,6,,True,"4101, 88, 15",7,0,Block{minecraft:air},0,6
lostschool_3:entity:108,lostschool_3,models/props_interiors/furniture_chair03a.mdl,"[110.0, -253.0, 175.0]","[0.0, 0.0, 0.0]",1.0,[],chair,placed_display,"[4101, 87, 11]","[0.0, 0.0, 0.0]",True,False,1.0,protected_navigation_or_gameplay,zero-hitbox Source-pose display,6,,True,"4101, 88, 11",8,0,Block{minecraft:air},0,6
lostschool_3:entity:112,lostschool_3,models/props_interiors/furniture_chair03a.mdl,"[110.0, -109.0, 175.0]","[0.0, 0.0, 0.0]",1.0,[],chair,placed_display,"[4101, 87, 5]","[0.0, 0.0, 0.0]",True,False,1.0,protected_navigation_or_gameplay,zero-hitbox Source-pose display,6,,True,"4101, 88, 5",8,0,Block{minecraft:air},0,6
lostschool_3:entity:116,lostschool_3,models/props_interiors/furniture_chair03a.mdl,"[110.0, -37.0, 175.0]","[0.0, 0.0, 0.0]",1.0,[],chair,placed_display,"[4101, 87, 2]","[0.0, 0.0, 0.0]",True,False,1.0,protected_navigation_or_gameplay,zero-hitbox Source-pose display,6,,True,"4101, 88, 2",8,0,Block{minecraft:air},0,6
lostschool_3:entity:120,lostschool_3,models/props_interiors/furniture_chair03a.mdl,"[-22.0, -41.0, 175.0]","[0.0, 0.0, 0.0]",1.0,[],chair,placed_display,"[4095, 87, 2]","[0.0, 0.0, 0.0]",True,False,1.0,protected_navigation_or_gameplay,zero-hitbox Source-pose display,6,,True,"4095, 88, 2",8,3,Block{minecraft:air},0,6
lostschool_3:entity:124,lostschool_3,models/props_interiors/furniture_chair03a.mdl,"[-46.0, -239.525, 175.0]","[0.0, 0.0, 0.0]",1.0,[],chair,placed_display,"[4094, 87, 10]","[0.0, 0.0, 0.0]",True,False,1.0,protected_navigation_or_gameplay,zero-hitbox Source-pose display,6,,True,"4094, 88, 10",9,2,Block{minecraft:air},0,6
lostschool_3:entity:132,lostschool_3,models/props_interiors/furniture_chair03a.mdl,"[-58.0, -320.0, 175.0]","[0.0, 0.0, 0.0]",1.0,[],chair,placed_display,"[4094, 87, 13]","[0.0, 0.0, 0.0]",True,False,1.0,protected_navigation_or_gameplay,zero-hitbox Source-pose display,6,,True,"4094, 88, 13",9,2,Block{minecraft:air},0,6
lostschool_3:entity:136,lostschool_3,models/props_interiors/furniture_chair03a.mdl,"[-58.0, -424.0, 175.0]","[0.0, 0.0, 0.0]",1.0,[],chair,placed_display,"[4094, 87, 18]","[0.0, 0.0, 0.0]",True,False,1.0,protected_navigation_or_gameplay,zero-hitbox Source-pose display,6,,True,"4094, 88, 18",9,2,Block{minecraft:air},0,6
lostschool_3:entity:140,lostschool_3,models/props_interiors/furniture_chair03a.mdl,"[-38.0, -536.0, 175.0]","[0.0, 0.0, 0.0]",1.0,[],chair,placed_display,"[4094, 87, 22]","[0.0, 0.0, 0.0]",True,False,1.0,protected_navigation_or_gameplay,zero-hitbox Source-pose display,6,,True,"4094, 88, 22",8,2,Block{minecraft:air},0,6
lostschool_3:entity:144,lostschool_3,models/props_interiors/furniture_chair03a.mdl,"[-6.0, -596.0, 175.0]","[0.0, 0.0, 0.0]",1.0,[],chair,placed_display,"[4096, 87, 25]","[0.0, 0.0, 0.0]",True,False,1.0,protected_navigation_or_gameplay,zero-hitbox Source-pose display,6,,True,"4096, 88, 25",7,0,Block{minecraft:air},0,6
lostschool_3:entity:148,lostschool_3,models/props_interiors/furniture_chair03a.mdl,"[118.0, -604.0, 175.0]","[0.0, 0.0, 0.0]",1.0,[],chair,placed_display,"[4101, 87, 25]","[0.0, 0.0, 0.0]",True,False,1.0,protected_navigation_or_gameplay,zero-hitbox Source-pose display,6,,True,"4101, 88, 25",7,0,Block{minecraft:air},0,6
lostschool_3:entity:152,lostschool_3,models/props_interiors/furniture_chair03a.mdl,"[94.0, -452.0, 175.0]","[0.0, 0.0, 0.0]",1.0,[],chair,placed_display,"[4100, 87, 19]","[0.0, 0.0, 0.0]",True,False,1.0,protected_navigation_or_gameplay,zero-hitbox Source-pose display,6,,True,"4100, 88, 19",8,0,Block{minecraft:air},0,6
lostschool_3:entity:156,lostschool_3,models/props_interiors/furniture_chair03a.mdl,"[454.0, -352.0, 175.0]","[0.0, 0.0, 0.0]",1.0,[],chair,placed_display,"[4115, 87, 15]","[0.0, 0.0, 0.0]",True,False,1.0,no_support_at_source_xz,zero-hitbox Source-pose display,6,,True,"4115, 88, 15",8,0,Block{minecraft:air},0,6
lostschool_3:entity:160,lostschool_3,models/props_interiors/furniture_chair03a.mdl,"[454.0, -176.0, 175.0]","[0.0, 0.0, 0.0]",1.0,[],chair,placed_display,"[4115, 87, 7]","[0.0, 0.0, 0.0]",True,False,1.0,no_support_at_source_xz,zero-hitbox Source-pose display,6,,True,"4115, 88, 7",9,1,Block{minecraft:air},0,6
lostschool_3:entity:164,lostschool_3,models/props_interiors/furniture_chair03a.mdl,"[446.0, -76.0, 175.0]","[0.0, 0.0, 0.0]",1.0,[],chair,placed_display,"[4115, 87, 3]","[0.0, 0.0, 0.0]",True,False,1.0,no_support_at_source_xz,zero-hitbox Source-pose display,6,,True,"4115, 88, 3",8,5,Block{minecraft:air},0,6
lostschool_3:entity:168,lostschool_3,models/props_interiors/furniture_chair03a.mdl,"[298.0, -272.0, 175.0]","[0.0, 0.0, 0.0]",1.0,[],chair,placed_display,"[4108, 87, 11]","[0.0, 0.0, 0.0]",True,False,1.0,protected_navigation_or_gameplay,zero-hitbox Source-pose display,6,,True,"4108, 88, 11",8,0,Block{minecraft:air},0,6
lostschool_3:entity:172,lostschool_3,models/props_interiors/furniture_chair03a.mdl,"[270.0, -496.0, 175.0]","[0.0, 0.0, 0.0]",1.0,[],chair,placed_display,"[4107, 87, 21]","[0.0, 0.0, 0.0]",True,False,1.0,protected_navigation_or_gameplay,zero-hitbox Source-pose display,6,,True,"4107, 88, 21",7,0,Block{minecraft:air},0,6
lostschool_3:entity:176,lostschool_3,models/props_interiors/furniture_chair03a.mdl,"[454.0, -680.0, 175.0]","[0.0, 0.0, 0.0]",1.0,[],chair,placed_display,"[4115, 87, 28]","[0.0, 0.0, -0.25]",True,False,1.0,no_support_at_source_xz,zero-hitbox Source-pose display,6,,True,"4115, 88, 28",7,0,Block{minecraft:air},0,6
lostschool_3:entity:180,lostschool_3,models/props_interiors/furniture_chair03a.mdl,"[486.0, -512.0, 175.0]","[0.0, 0.0, 0.0]",1.0,[],chair,placed_display,"[4116, 87, 21]","[0.0, 0.0, 0.0]",True,False,1.0,no_support_at_source_xz,zero-hitbox Source-pose display,6,,True,"4116, 88, 21",7,0,Block{minecraft:air},0,6
lostschool_3:entity:184,lostschool_3,models/props_interiors/furniture_chair03a.mdl,"[654.0, -376.0, 175.0]","[0.0, 0.0, 0.0]",1.0,[],chair,placed_display,"[4123, 87, 16]","[0.0, 0.0, 0.0]",True,False,1.0,no_support_at_source_xz,zero-hitbox Source-pose display,6,,True,"4123, 88, 16",9,0,Block{minecraft:air},0,6
lostschool_3:entity:188,lostschool_3,models/props_interiors/furniture_chair03a.mdl,"[710.0, -104.0, 175.0]","[0.0, 0.0, 0.0]",1.0,[],chair,placed_display,"[4126, 87, 4]","[0.0, 0.0, 0.0]",True,False,1.0,no_support_at_source_xz,zero-hitbox Source-pose display,6,,True,"4126, 88, 4",9,2,Block{minecraft:air},0,6
lostschool_3:entity:192,lostschool_3,models/props_interiors/furniture_chair03a.mdl,"[674.0, -24.0, 175.0]","[0.0, 0.0, 0.0]",1.0,[],chair,placed_display,"[4124, 87, 1]","[0.0, 0.0, 0.0]",True,False,1.0,no_support_at_source_xz,zero-hitbox Source-pose display,6,,True,"4124, 88, 1",8,3,Block{minecraft:air},0,6
lostschool_3:entity:196,lostschool_3,models/props_interiors/furniture_chair03a.mdl,"[602.0, -272.0, 175.0]","[0.0, 0.0, 0.0]",1.0,[],chair,placed_display,"[4121, 87, 11]","[0.0, 0.0, 0.0]",True,False,1.0,no_support_at_source_xz,zero-hitbox Source-pose display,6,,True,"4121, 88, 11",8,0,Block{minecraft:air},0,6
lostschool_3:entity:200,lostschool_3,models/props_interiors/furniture_chair03a.mdl,"[1022.0, -454.082, 166.0]","[0.0, 0.0, -47.0]",1.0,[],chair,placed_display,"[4139, 86, 19]","[0.0, 0.0, 0.0]",True,False,1.0,tilted_or_scaled_model,zero-hitbox Source-pose display,6,,True,"4139, 87, 19",9,0,Block{minecraft:air},0,6
lostschool_3:entity:204,lostschool_3,models/props_wasteland/controlroom_chair001a.mdl,"[1023.0, -516.0, 115.097]","[-27.723, 209.345, 39.6066]",1.0,[],chair,placed_display,"[4139, 84, 22]","[0.0, 0.0, 0.0]",True,False,1.0,tilted_or_scaled_model,zero-hitbox Source-pose display,6,,True,"4139, 85, 22",7,0,Block{minecraft:air},0,6
lostschool_3:entity:316,lostschool_3,models/props_interiors/computer_monitor.mdl,"[809.0, -329.0, 95.0]","[0.0, 0.0, 0.0]",1.0,[],,unmapped,,,False,False,,,,0,owner-reviewed model group; outside requested bed/table/cabinet/chair/lighting scope; exact mesh or interactive state unavailable,True,"4130, 85, 14",9,0,Block{minecraft:air},0,0
lostschool_3:entity:343,lostschool_3,models/props_interiors/computer_monitor.mdl,"[810.0, -247.0, 95.0]","[0.0, 0.0, 0.0]",1.0,[],,unmapped,,,False,False,,,,0,owner-reviewed model group; outside requested bed/table/cabinet/chair/lighting scope; exact mesh or interactive state unavailable,True,"4130, 85, 10",8,0,Block{minecraft:air},0,0
lostschool_3:entity:373,lostschool_3,models/props_interiors/computer_keyboard.mdl,"[827.0, -330.0, 96.0]","[0.0, 0.0, 0.0]",1.0,[],,unmapped,,,False,False,,,,0,owner-reviewed model group; outside requested bed/table/cabinet/chair/lighting scope; exact mesh or interactive state unavailable,True,"4130, 85, 14",9,0,Block{minecraft:air},0,0
lostschool_3:entity:400,lostschool_3,models/props_interiors/computer_keyboard.mdl,"[827.0, -248.0, 96.0]","[0.0, 0.0, 0.0]",1.0,[],,unmapped,,,False,False,,,,0,owner-reviewed model group; outside requested bed/table/cabinet/chair/lighting scope; exact mesh or interactive state unavailable,True,"4130, 85, 10",8,0,Block{minecraft:air},0,0
lostschool_3:entity:404,lostschool_3,models/props/cs_office/computer_mouse.mdl,"[825.0, -312.0, 96.0]","[0.0, 0.0, 0.0]",1.0,[],,unmapped,,,False,False,,,,0,owner-reviewed model group; outside requested bed/table/cabinet/chair/lighting scope; exact mesh or interactive state unavailable,True,"4130, 85, 13",8,0,Block{minecraft:air},0,0
lostschool_3:entity:427,lostschool_3,models/props/cs_office/computer_mouse.mdl,"[829.0, -232.0, 96.0]","[0.0, 0.0, 0.0]",1.0,[],,unmapped,,,False,False,,,,0,owner-reviewed model group; outside requested bed/table/cabinet/chair/lighting scope; exact mesh or interactive state unavailable,True,"4131, 85, 10",7,0,Block{minecraft:air},0,0
lostschool_3:entity:597,lostschool_3,models/props_doors/doormainmetalwindow01.mdl,"[1031.0, -700.0, 82.0]","[0.0, 90.0, 0.0]",1.0,[],,unmapped,,,False,False,,,,0,owner-reviewed: separate opening/control geometry; preserve native room/checkpoint door behaviour; no static fake closed doors,True,"4139, 85, 29",0,0,Block{minecraft:white_concrete},0,0
lostschool_3:entity:1594,lostschool_3,models/props_interiors/furniture_chair03a.mdl,"[290.0, -420.0, 175.0]","[0.0, 0.0, 0.0]",1.0,[],chair,placed_display,"[4108, 87, 18]","[0.0, 0.0, 0.0]",True,False,1.0,protected_navigation_or_gameplay,zero-hitbox Source-pose display,6,,True,"4108, 88, 18",8,0,Block{minecraft:air},0,6
lostschool_3:entity:1598,lostschool_3,models/props_interiors/furniture_chair03a.mdl,"[278.0, -580.0, 175.0]","[0.0, 0.0, 0.0]",1.0,[],chair,placed_display,"[4108, 87, 24]","[0.0, 0.0, 0.0]",True,False,1.0,protected_navigation_or_gameplay,zero-hitbox Source-pose display,6,,True,"4108, 88, 24",7,0,Block{minecraft:air},0,6
lostschool_3:entity:1602,lostschool_3,models/props_interiors/furniture_chair03a.mdl,"[226.0, -88.0, 175.0]","[0.0, 0.0, 0.0]",1.0,[],chair,placed_display,"[4105, 87, 4]","[0.0, 0.0, 0.0]",True,False,1.0,protected_navigation_or_gameplay,zero-hitbox Source-pose display,6,,True,"4105, 88, 4",9,2,Block{minecraft:air},0,6
lostschool_3:entity:1606,lostschool_3,models/props_interiors/furniture_chair03a.mdl,"[590.0, -588.0, 175.0]","[0.0, 0.0, 0.0]",1.0,[],chair,placed_display,"[4121, 87, 25]","[0.0, 0.0, 0.0]",True,False,1.0,no_support_at_source_xz,zero-hitbox Source-pose display,6,,True,"4121, 88, 25",8,0,Block{minecraft:air},0,6
lostschool_3:entity:1610,lostschool_3,models/props_interiors/furniture_chair03a.mdl,"[362.0, -52.0, 175.0]","[0.0, 0.0, 0.0]",1.0,[],chair,placed_display,"[4111, 87, 2]","[0.0, 0.0, 0.0]",True,False,1.0,no_support_at_source_xz,zero-hitbox Source-pose display,6,,True,"4111, 88, 2",8,6,Block{minecraft:air},0,6
lostschool_3:entity:1697,lostschool_3,models/props_doors/doormainmetalwindow01.mdl,"[1030.07, -968.0, 82.646]","[0.0, 90.0, 0.0]",1.0,[],,unmapped,,,False,False,,,,0,owner-reviewed: separate opening/control geometry; preserve native room/checkpoint door behaviour; no static fake closed doors,True,"4139, 85, 40",0,0,Block{minecraft:white_concrete},0,0
lostschool_3:entity:2901,lostschool_3,models/props_doors/doormainmetalwindow01.mdl,"[1421.0, -968.0, 84.0]","[0.0, 90.0, 0.0]",1.0,[],,unmapped,,,False,False,,,,0,owner-reviewed: separate opening/control geometry; preserve native room/checkpoint door behaviour; no static fake closed doors,True,"4155, 85, 40",0,0,Block{minecraft:white_concrete},0,0
lostschool_3:entity:3458,lostschool_3,models/props/cs_office/chair_office.mdl,"[1130.0, -1015.0, 32.0]","[0.0, 178.5, 0.0]",1.0,[],chair,placed_display,"[4143, 82, 42]","[0.0, 0.666667, 0.0]",True,False,1.0,protected_navigation_or_gameplay,zero-hitbox Source-pose display,6,,True,"4143, 83, 42",2,0,Block{minecraft:air},0,6
lostschool_3:entity:3635,lostschool_3,models/props/cs_office/chair_office.mdl,"[1279.0, -1165.0, 64.0]","[-51.4753, 177.591, 1.88486]",1.0,[],chair,placed_display,"[4149, 82, 49]","[0.0, 0.0, 0.0]",True,False,1.0,tilted_or_scaled_model,zero-hitbox Source-pose display,6,,True,"4149, 83, 49",5,0,Block{minecraft:air},0,6
lostschool_3:entity:3639,lostschool_3,models/props/cs_office/chair_office.mdl,"[1229.0, -1295.0, 32.0]","[0.0, 31.5, 0.0]",1.0,[],chair,placed_display,"[4147, 82, 54]","[0.0, 0.666667, 0.0]",True,False,1.0,protected_navigation_or_gameplay,zero-hitbox Source-pose display,6,,True,"4147, 83, 54",0,0,Block{minecraft:air},0,6
lostschool_3:entity:3643,lostschool_3,models/props/cs_office/chair_office.mdl,"[1408.0, -1182.0, 32.0]","[0.0, 61.0, 0.0]",1.0,[],chair,placed_display,"[4155, 82, 49]","[0.0, 0.666667, 0.0]",True,False,1.0,protected_navigation_or_gameplay,zero-hitbox Source-pose display,6,,True,"4155, 83, 49",5,0,Block{minecraft:air},0,6
lostschool_3:entity:4117,lostschool_3,models/props_downtown/metal_door_112_static.mdl,"[1438.0, -888.0, 250.0]","[0.0, 0.0, 0.0]",1.0,[],,unmapped,,,False,False,,,,0,owner-reviewed: separate opening/control geometry; preserve native room/checkpoint door behaviour; no static fake closed doors,True,"4156, 92, 37",0,0,Block{minecraft:white_concrete},0,0
lostschool_3:entity:4151,lostschool_3,models/props_downtown/metal_door_112_static.mdl,"[1437.46, -778.153, 250.0]","[0.0, 180.5, 0.0]",1.0,[],,unmapped,,,False,False,,,,0,owner-reviewed: separate opening/control geometry; preserve native room/checkpoint door behaviour; no static fake closed doors,True,"4156, 92, 32",0,0,Block{minecraft:white_concrete},0,0
lostschool_3:entity:4625,lostschool_3,models/c5_bridge_destruction/bridge_busses.mdl,"[1931.0, 469.0, -442.0]","[0.0, 90.0, 2.5]",1.0,[],,unmapped,,,False,False,,,,0,owner-reviewed: large vehicle/setpiece or scripted control; outside furniture/light template scope; exact mesh/animation absent,True,"4176, 63, -20",0,0,Block{minecraft:air},0,0
lostschool_3:entity:4747,lostschool_3,models/props_c17/handrail04_long.mdl,"[1523.0, -988.0, 271.0]","[0.0, 270.0, 0.0]",1.0,[],,unmapped,,,False,False,,,,0,owner-reviewed: access/structural or breakable geometry; preserve verified native NAV and passage layout; Source collision/damage model absent,True,"4159, 92, 41",2,15,Block{minecraft:air},0,0
lostschool_3:entity:4782,lostschool_3,models/props_c17/handrail04_long.mdl,"[1648.0, -988.0, 271.0]","[0.0, 270.0, 0.0]",1.0,[],,unmapped,,,False,False,,,,0,owner-reviewed: access/structural or breakable geometry; preserve verified native NAV and passage layout; Source collision/damage model absent,True,"4165, 92, 41",3,15,Block{minecraft:air},0,0
lostschool_3:entity:4806,lostschool_3,models/props_downtown/metal_door_112_static.mdl,"[2173.46, -829.153, 250.0]","[0.0, 180.5, 0.0]",1.0,[],,unmapped,,,False,False,,,,0,owner-reviewed: separate opening/control geometry; preserve native room/checkpoint door behaviour; no static fake closed doors,True,"4187, 92, 35",0,0,Block{minecraft:white_concrete},0,0
lostschool_3:entity:4811,lostschool_3,models/props_downtown/metal_door_112_static.mdl,"[2174.0, -939.0, 250.0]","[0.0, 0.0, 0.0]",1.0,[],,unmapped,,,False,False,,,,0,owner-reviewed: separate opening/control geometry; preserve native room/checkpoint door behaviour; no static fake closed doors,True,"4187, 92, 39",0,0,Block{minecraft:white_concrete},0,0
lostschool_3:entity:5045,lostschool_3,models/props_vehicles/car005a_physics.mdl,"[2024.0, -349.535, 101.0]","[0.0, 0.0, 0.0]",1.0,[],,unmapped,,,False,False,,,,0,owner-reviewed: large vehicle/setpiece or scripted control; outside furniture/light template scope; exact mesh/animation absent,True,"4180, 85, 15",1,15,Block{minecraft:air},0,0
lostschool_3:entity:5068,lostschool_3,models/props_vehicles/car005a_physics.mdl,"[1861.0, -323.0, 101.0]","[0.0, 75.0, 0.0]",1.0,[],,unmapped,,,False,False,,,,0,owner-reviewed: large vehicle/setpiece or scripted control; outside furniture/light template scope; exact mesh/animation absent,True,"4174, 85, 13",0,15,Block{minecraft:air},0,0
lostschool_3:entity:5080,lostschool_3,models/props_vehicles/police_car_rural.mdl,"[1747.0, -186.0, 38.0]","[0.0, 0.0, 0.0]",1.0,[],,unmapped,,,False,False,,,,0,owner-reviewed: large vehicle/setpiece or scripted control; outside furniture/light template scope; exact mesh/animation absent,True,"4169, 83, 8",0,15,Block{minecraft:air},0,0
lostschool_3:entity:5283,lostschool_3,models/props_vehicles/police_car_rural.mdl,"[1986.0, -1191.0, 38.0]","[0.0, 0.0, 0.0]",1.0,[],,unmapped,,,False,False,,,,0,owner-reviewed: large vehicle/setpiece or scripted control; outside furniture/light template scope; exact mesh/animation absent,True,"4179, 83, 50",7,15,Block{minecraft:air},0,0
lostschool_3:entity:5287,lostschool_3,models/props_vehicles/car005a_physics.mdl,"[1799.0, -1072.0, 101.0]","[0.0, 0.0, 0.0]",1.0,[],,unmapped,,,False,False,,,,0,owner-reviewed: large vehicle/setpiece or scripted control; outside furniture/light template scope; exact mesh/animation absent,True,"4171, 85, 45",7,15,Block{minecraft:air},0,0
lostschool_3:entity:14580,lostschool_3,models/destruction_tanker/pre_destruction_tanker_trailer.mdl,"[2649.0, -1819.0, 33.0]","[0.0, 0.0, 0.0]",1.0,[],,unmapped,,,False,False,,,,0,owner-reviewed: access/structural or breakable geometry; preserve verified native NAV and passage layout; Source collision/damage model absent,True,"4206, 82, 76",0,15,Block{minecraft:air},0,0
lostschool_3:entity:14670,lostschool_3,models/props_vehicles/car005a_physics.mdl,"[2646.0, -1844.0, 50.0309]","[0.0, 0.0, 0.0]",1.0,[],,unmapped,,,False,False,,,,0,owner-reviewed: large vehicle/setpiece or scripted control; outside furniture/light template scope; exact mesh/animation absent,True,"4206, 83, 77",0,15,Block{minecraft:air},0,0
lostschool_3:entity:14873,lostschool_3,models/props_equipment/sleeping_bag3.mdl,"[1520.0, -3396.0, -43.0]","[0.0, 0.0, 0.0]",1.0,[],sleeping_bag,placed_display,"[4159, 79, 142]","[0.0, 0.791667, 0.0]",True,False,1.0,reviewed_accessory_requires_pose_preserving_display,zero-hitbox Source-pose display,2,,True,"4159, 80, 142",0,15,Block{minecraft:air},0,2
lostschool_3:entity:15234,lostschool_3,models/props_vehicles/car005a_physics.mdl,"[1576.0, -2318.0, -15.0]","[0.0, 0.0, 0.0]",1.0,[],,unmapped,,,False,False,,,,0,owner-reviewed: large vehicle/setpiece or scripted control; outside furniture/light template scope; exact mesh/animation absent,True,"4162, 80, 97",0,15,Block{minecraft:air},0,0
lostschool_3:entity:15246,lostschool_3,models/props_vehicles/car005a_physics.mdl,"[1599.0, -2152.0, -26.0]","[0.0, 0.0, 0.0]",1.0,[],,unmapped,,,False,False,,,,0,owner-reviewed: large vehicle/setpiece or scripted control; outside furniture/light template scope; exact mesh/animation absent,True,"4163, 80, 90",0,15,Block{minecraft:air},0,0
lostschool_3:entity:15254,lostschool_3,models/props_vehicles/police_car_rural.mdl,"[1568.0, -2290.0, 37.0]","[0.0, 0.0, -23.5]",1.0,[],,unmapped,,,False,False,,,,0,owner-reviewed: large vehicle/setpiece or scripted control; outside furniture/light template scope; exact mesh/animation absent,True,"4161, 83, 95",0,15,Block{minecraft:air},0,0
lostschool_3:entity:53295,lostschool_3,models/c1_chargerexit/mall_directory_dest.mdl,"[1980.0, -5922.0, 291.051]","[0.0, 0.0, 0.0]",1.0,[],,unmapped,,,False,False,,,,0,owner-reviewed model group; outside requested bed/table/cabinet/chair/lighting scope; exact mesh or interactive state unavailable,True,"4179, 93, 247",0,10,Block{minecraft:air},0,0
lostschool_3:entity:55030,lostschool_3,models/props_wasteland/controlroom_chair001a.mdl,"[1798.2, -4790.0, -12.0]","[-39.883, 176.65, -84.7843]",1.0,[],chair,placed_display,"[4171, 79, 200]","[0.0, 0.0, 0.0]",True,False,1.0,tilted_or_scaled_model,zero-hitbox Source-pose display,6,,True,"4171, 80, 200",0,7,Block{minecraft:air},0,6
lostschool_3:entity:55034,lostschool_3,models/props_wasteland/controlroom_chair001a.mdl,"[1658.47, -4789.55, -38.2869]","[0.0, 141.0, 0.0]",1.0,[],chair,placed_display,"[4165, 78, 200]","[0.0, 0.0, 0.0]",True,False,1.0,protected_navigation_or_gameplay,zero-hitbox Source-pose display,6,,True,"4165, 79, 200",0,7,Block{minecraft:air},0,6
lostschool_3:entity:55056,lostschool_3,models/props_wasteland/controlroom_chair001a.mdl,"[347.0, -4745.0, -38.2869]","[0.0, 94.0, 0.0]",1.0,[],chair,placed_display,"[4110, 78, 198]","[0.0, 0.0, 0.0]",True,False,1.0,protected_navigation_or_gameplay,zero-hitbox Source-pose display,6,,True,"4110, 79, 198",0,15,Block{minecraft:air},0,6
lostschool_3:entity:55068,lostschool_3,models/props_wasteland/controlroom_chair001a.mdl,"[394.0, -4747.0, -38.2869]","[0.0, 94.0, 0.0]",1.0,[],chair,placed_display,"[4112, 78, 198]","[0.0, 0.0, 0.0]",True,False,1.0,protected_navigation_or_gameplay,zero-hitbox Source-pose display,6,,True,"4112, 79, 198",0,15,Block{minecraft:air},0,6
lostschool_3:entity:55340,lostschool_3,models/props_vehicles/cara_82hatchback.mdl,"[1996.59, -2375.87, -32.9915]","[0.0, 214.5, 0.0]",1.0,[],,unmapped,,,False,False,,,,0,owner-reviewed: large vehicle/setpiece or scripted control; outside furniture/light template scope; exact mesh/animation absent,True,"4179, 80, 99",0,15,Block{minecraft:air},0,0
lostschool_3:entity:55344,lostschool_3,models/props_vehicles/cara_82hatchback.mdl,"[2097.0, -2465.0, -32.9915]","[0.0, 214.5, 0.0]",1.0,[],,unmapped,,,False,False,,,,0,owner-reviewed: large vehicle/setpiece or scripted control; outside furniture/light template scope; exact mesh/animation absent,True,"4183, 80, 103",0,15,Block{minecraft:air},0,0
lostschool_3:entity:55364,lostschool_3,models/props_fortifications/orange_cone001_reference.mdl,"[2033.99, -2242.61, -36.7415]","[0.0, 135.0, 0.0]",1.0,[],,unmapped,,,False,False,,,,0,owner-reviewed model group; outside requested bed/table/cabinet/chair/lighting scope; exact mesh or interactive state unavailable,True,"4181, 80, 93",0,15,Block{minecraft:air},0,0
lostschool_3:entity:55368,lostschool_3,models/props_fortifications/orange_cone001_reference.mdl,"[2056.0, -2207.0, -35.2415]","[0.0, 195.0, 0.0]",1.0,[],,unmapped,,,False,False,,,,0,owner-reviewed model group; outside requested bed/table/cabinet/chair/lighting scope; exact mesh or interactive state unavailable,True,"4182, 80, 92",0,15,Block{minecraft:air},0,0
lostschool_3:entity:55506,lostschool_3,models/props_fortifications/orange_cone001_reference.mdl,"[2033.99, -2135.0, -17.0]","[0.0, 135.0, 0.0]",1.0,[],,unmapped,,,False,False,,,,0,owner-reviewed model group; outside requested bed/table/cabinet/chair/lighting scope; exact mesh or interactive state unavailable,True,"4181, 80, 89",0,15,Block{minecraft:air},0,0
lostschool_3:entity:55510,lostschool_3,models/props_fortifications/orange_cone001_reference.mdl,"[2136.0, -2158.0, -17.0]","[-39.2581, 155.954, -54.8123]",1.0,[],,unmapped,,,False,False,,,,0,owner-reviewed model group; outside requested bed/table/cabinet/chair/lighting scope; exact mesh or interactive state unavailable,True,"4185, 80, 90",0,15,Block{minecraft:air},0,0
lostschool_3:entity:55518,lostschool_3,models/props_fortifications/orange_cone001_reference.mdl,"[2114.0, -2225.0, -17.0]","[-39.2581, 266.954, -54.8123]",1.0,[],,unmapped,,,False,False,,,,0,owner-reviewed model group; outside requested bed/table/cabinet/chair/lighting scope; exact mesh or interactive state unavailable,True,"4184, 80, 93",0,15,Block{minecraft:air},0,0
lostschool_3:entity:55526,lostschool_3,models/props_fortifications/orange_cone001_reference.mdl,"[2077.0, -2165.0, -17.0]","[-39.2581, 266.954, -54.8123]",1.0,[],,unmapped,,,False,False,,,,0,owner-reviewed model group; outside requested bed/table/cabinet/chair/lighting scope; exact mesh or interactive state unavailable,True,"4183, 80, 90",0,15,Block{minecraft:air},0,0
lostschool_3:entity:56978,lostschool_3,models/props_vehicles/cara_95sedan_wrecked.mdl,"[3020.0, -4693.0, -62.0]","[0.0, 95.5, 0.0]",1.0,[],,unmapped,,,False,False,,,,0,owner-reviewed: large vehicle/setpiece or scripted control; outside furniture/light template scope; exact mesh/animation absent,True,"4222, 79, 196",0,15,Block{minecraft:air},0,0
lostschool_3:entity:58459,lostschool_3,models/props_wasteland/controlroom_chair001a.mdl,"[2376.0, -4801.88, 11.0]","[22.5448, 177.217, -88.0015]",1.0,[],chair,placed_display,"[4195, 80, 200]","[0.0, 0.0, 0.0]",True,False,1.0,tilted_or_scaled_model,zero-hitbox Source-pose display,6,,True,"4195, 81, 200",0,7,Block{minecraft:air},0,6
lostschool_3:entity:61787,lostschool_3,models/props_vehicles/cara_95sedan_wrecked.mdl,"[-697.0, -4092.0, 171.0]","[48.7686, 9.81851, -77.0407]",1.0,[],,unmapped,,,False,False,,,,0,owner-reviewed: large vehicle/setpiece or scripted control; outside furniture/light template scope; exact mesh/animation absent,True,"4067, 88, 171",0,15,Block{minecraft:air},0,0
lostschool_3:entity:61856,lostschool_3,models/props_vehicles/car005a_physics.mdl,"[-924.0, -3530.0, 187.0]","[0.0, 0.0, 0.0]",1.0,[],,unmapped,,,False,False,,,,0,owner-reviewed: large vehicle/setpiece or scripted control; outside furniture/light template scope; exact mesh/animation absent,True,"4058, 89, 147",0,15,Block{minecraft:air},0,0
lostschool_3:entity:61860,lostschool_3,models/props_vehicles/car005a_physics.mdl,"[-933.538, -3441.0, 124.0]","[0.0, 0.0, 69.5]",1.0,[],,unmapped,,,False,False,,,,0,owner-reviewed: large vehicle/setpiece or scripted control; outside furniture/light template scope; exact mesh/animation absent,True,"4057, 86, 143",0,15,Block{minecraft:air},0,0
lostschool_3:entity:61864,lostschool_3,models/props_vehicles/police_car_rural.mdl,"[-937.538, -3654.0, 95.0]","[0.0, 0.0, -23.5]",1.0,[],,unmapped,,,False,False,,,,0,owner-reviewed: large vehicle/setpiece or scripted control; outside furniture/light template scope; exact mesh/animation absent,True,"4057, 85, 152",0,15,Block{minecraft:air},0,0
lostschool_3:entity:61900,lostschool_3,models/props_vehicles/police_car_rural.mdl,"[-937.538, -3439.0, 208.0]","[0.0, 0.0, -23.5]",1.0,[],,unmapped,,,False,False,,,,0,owner-reviewed: large vehicle/setpiece or scripted control; outside furniture/light template scope; exact mesh/animation absent,True,"4057, 90, 143",0,15,Block{minecraft:air},0,0
lostschool_3:entity:69218,lostschool_3,models/props_vehicles/cara_82hatchback.mdl,"[3815.32, -3336.0, 50.0]","[0.0, 278.0, 0.0]",1.0,[],,unmapped,,,False,False,,,,0,owner-reviewed: large vehicle/setpiece or scripted control; outside furniture/light template scope; exact mesh/animation absent,True,"4255, 83, 139",0,15,Block{minecraft:air},0,0
lostschool_3:entity:69222,lostschool_3,models/props_vehicles/cara_82hatchback.mdl,"[3915.73, -3391.31, -59.9179]","[0.0, 214.5, 0.0]",1.0,[],,unmapped,,,False,False,,,,0,owner-reviewed: large vehicle/setpiece or scripted control; outside furniture/light template scope; exact mesh/animation absent,True,"4259, 79, 141",0,15,Block{minecraft:air},0,0
lostschool_3:entity:69337,lostschool_3,models/props_crates/supply_crate01.mdl,"[1413.91, -4843.77, 299.145]","[0.0, 83.5, 0.0]",1.0,[],container_box,placed_display,"[4155, 93, 202]","[0.0, 0.535625, 0.0]",True,False,1.0,reviewed_accessory_requires_pose_preserving_display,zero-hitbox Source-pose display,2,,True,"4155, 94, 202",0,5,Block{minecraft:air},0,2
lostschool_3:entity:69341,lostschool_3,models/props_crates/supply_crate02.mdl,"[1471.43, -4690.18, 299.145]","[0.0, 60.5, 0.0]",1.0,[],container_box,placed_display,"[4157, 93, 195]","[0.0, 0.535625, 0.0]",True,False,1.0,reviewed_accessory_requires_pose_preserving_display,zero-hitbox Source-pose display,2,,True,"4157, 94, 195",0,12,Block{minecraft:air},0,2
lostschool_3:entity:69345,lostschool_3,models/props_crates/supply_crate02.mdl,"[1520.53, -4721.17, 299.145]","[0.0, 60.5, 0.0]",1.0,[],container_box,placed_display,"[4159, 93, 197]","[0.0, 0.535625, 0.0]",True,False,1.0,reviewed_accessory_requires_pose_preserving_display,zero-hitbox Source-pose display,2,,True,"4159, 94, 197",0,10,Block{minecraft:air},0,2
lostschool_3:entity:69349,lostschool_3,models/props_crates/supply_crate02.mdl,"[1253.13, -4851.77, 299.145]","[0.0, 129.0, 0.0]",1.0,[],container_box,placed_display,"[4148, 93, 202]","[0.0, 0.535625, 0.0]",True,False,1.0,reviewed_accessory_requires_pose_preserving_display,zero-hitbox Source-pose display,2,,True,"4148, 94, 202",0,5,Block{minecraft:air},0,2
lostschool_3:entity:69361,lostschool_3,models/w_models/weapons/50cal.mdl,"[1711.0, -4705.0, 315.0]","[0.0, 92.0, 0.0]",1.0,[],,unmapped,,,False,False,,,,0,owner-reviewed model group; outside requested bed/table/cabinet/chair/lighting scope; exact mesh or interactive state unavailable,True,"4167, 94, 196",0,11,Block{minecraft:air},0,0
lostschool_3:entity:69667,lostschool_3,models/infected/common_male_ceda.mdl,"[788.0, -3113.01, -31.0]","[-15.5126, 165.459, 3.96825]",1.0,[],,unmapped,,,False,False,,,,0,owner-reviewed: animated Source actor model; gameplay infected/director/boss uses actual entities; no extra static combat target,True,"4129, 80, 130",0,15,Block{minecraft:air},0,0
lostschool_3:entity:69675,lostschool_3,models/infected/common_male_fallen_survivor.mdl,"[2353.09, -4692.27, -47.9342]","[0.0, 90.0, 25.5]",1.0,[],,unmapped,,,False,False,,,,0,owner-reviewed: animated Source actor model; gameplay infected/director/boss uses actual entities; no extra static combat target,True,"4194, 79, 196",0,11,Block{minecraft:air},0,0
lostschool_3:entity:69679,lostschool_3,models/infected/common_male_fallen_survivor.mdl,"[1541.41, -4896.24, 304.066]","[0.0, 90.0, 25.5]",1.0,[],,unmapped,,,False,False,,,,0,owner-reviewed: animated Source actor model; gameplay infected/director/boss uses actual entities; no extra static combat target,True,"4160, 94, 204",0,3,Block{minecraft:air},0,0
lostschool_3:entity:69683,lostschool_3,models/infected/common_male_fallen_survivor.mdl,"[2628.33, -2800.76, -28.9342]","[0.0, 90.0, 25.5]",1.0,[],,unmapped,,,False,False,,,,0,owner-reviewed: animated Source actor model; gameplay infected/director/boss uses actual entities; no extra static combat target,True,"4206, 80, 117",0,15,Block{minecraft:air},0,0
lostschool_3:entity:69687,lostschool_3,models/infected/common_male_riot.mdl,"[1261.94, -1774.08, 23.2224]","[0.0, 90.0, 0.0]",1.0,[],,unmapped,,,False,False,,,,0,owner-reviewed: animated Source actor model; gameplay infected/director/boss uses actual entities; no extra static combat target,True,"4149, 82, 74",0,15,Block{minecraft:air},0,0
lostschool_3:entity:69695,lostschool_3,models/infected/common_male_riot.mdl,"[832.878, -3689.33, -40.7777]","[0.0, 90.0, 0.0]",1.0,[],,unmapped,,,False,False,,,,0,owner-reviewed: animated Source actor model; gameplay infected/director/boss uses actual entities; no extra static combat target,True,"4131, 79, 154",0,15,Block{minecraft:air},0,0
lostschool_3:entity:69699,lostschool_3,models/infected/common_male_riot.mdl,"[518.029, -4688.34, -59.7776]","[0.0, 90.0, 0.0]",1.0,[],,unmapped,,,False,False,,,,0,owner-reviewed: animated Source actor model; gameplay infected/director/boss uses actual entities; no extra static combat target,True,"4118, 79, 195",0,12,Block{minecraft:air},0,0
lostschool_3:entity:69703,lostschool_3,models/infected/common_male_riot.mdl,"[1729.76, -4809.99, -59.7776]","[0.0, 90.0, 0.0]",1.0,[],,unmapped,,,False,False,,,,0,owner-reviewed: animated Source actor model; gameplay infected/director/boss uses actual entities; no extra static combat target,True,"4168, 79, 200",0,7,Block{minecraft:air},0,0
lostschool_3:entity:69715,lostschool_3,models/infected/common_male_ceda.mdl,"[-905.96, -2566.78, -55.6734]","[-15.5126, 165.459, 3.96825]",1.0,[],,unmapped,,,False,False,,,,0,owner-reviewed: animated Source actor model; gameplay infected/director/boss uses actual entities; no extra static combat target,True,"4058, 79, 107",0,15,Block{minecraft:air},0,0
lostschool_3:entity:69719,lostschool_3,models/infected/common_male_ceda.mdl,"[809.593, -3435.77, -36.6734]","[-15.5126, 165.459, 3.96825]",1.0,[],,unmapped,,,False,False,,,,0,owner-reviewed: animated Source actor model; gameplay infected/director/boss uses actual entities; no extra static combat target,True,"4130, 80, 143",0,15,Block{minecraft:air},0,0
lostschool_3:entity:69731,lostschool_3,models/infected/common_male_fallen_survivor.mdl,"[-434.958, -4339.64, -47.9342]","[0.0, 90.0, 25.5]",1.0,[],,unmapped,,,False,False,,,,0,owner-reviewed: animated Source actor model; gameplay infected/director/boss uses actual entities; no extra static combat target,True,"4078, 79, 181",0,15,Block{minecraft:air},0,0
lostschool_3:entity:69735,lostschool_3,models/infected/common_male_fallen_survivor.mdl,"[3258.75, -4597.21, -47.9342]","[0.0, 90.0, 25.5]",1.0,[],,unmapped,,,False,False,,,,0,owner-reviewed: animated Source actor model; gameplay infected/director/boss uses actual entities; no extra static combat target,True,"4232, 79, 192",0,15,Block{minecraft:air},0,0
lostschool_3:entity:69739,lostschool_3,models/infected/common_male_fallen_survivor.mdl,"[4143.69, -4175.81, -47.9342]","[0.0, 90.0, 25.5]",1.0,[],,unmapped,,,False,False,,,,0,owner-reviewed: animated Source actor model; gameplay infected/director/boss uses actual entities; no extra static combat target,True,"4269, 79, 174",0,15,Block{minecraft:air},0,0
lostschool_3:entity:69743,lostschool_3,models/infected/common_military_male01.mdl,"[3874.62, -3786.33, -59.7776]","[0.0, 120.0, 0.0]",1.0,[],,unmapped,,,False,False,,,,0,owner-reviewed: animated Source actor model; gameplay infected/director/boss uses actual entities; no extra static combat target,True,"4257, 79, 158",0,15,Block{minecraft:air},0,0
lostschool_3:entity:69759,lostschool_3,models/props_street/trashbin01.mdl,"[2533.0, -2017.0, 25.023]","[0.0, 90.0, 0.0]",1.0,[],,unmapped,,,False,False,,,,0,owner-reviewed model group; outside requested bed/table/cabinet/chair/lighting scope; exact mesh or interactive state unavailable,True,"4202, 82, 84",0,15,Block{minecraft:air},0,0
lostschool_3:entity:69789,lostschool_3,models/props_street/trashbin01.mdl,"[1447.47, -2029.86, 24.7791]","[0.0, 90.0, 0.0]",1.0,[],,unmapped,,,False,False,,,,0,owner-reviewed model group; outside requested bed/table/cabinet/chair/lighting scope; exact mesh or interactive state unavailable,True,"4156, 82, 85",0,15,Block{minecraft:air},0,0
lostschool_3:entity:69793,lostschool_3,models/props_street/trashbin01.mdl,"[1108.09, -2044.23, 24.7791]","[0.0, 90.0, 0.0]",1.0,[],,unmapped,,,False,False,,,,0,owner-reviewed model group; outside requested bed/table/cabinet/chair/lighting scope; exact mesh or interactive state unavailable,True,"4142, 82, 85",0,15,Block{minecraft:air},0,0
lostschool_3:entity:69797,lostschool_3,models/props_street/trashbin01.mdl,"[1509.26, -1324.15, 30.7791]","[0.0, 90.0, 0.0]",1.0,[],,unmapped,,,False,False,,,,0,owner-reviewed model group; outside requested bed/table/cabinet/chair/lighting scope; exact mesh or interactive state unavailable,True,"4159, 82, 55",0,15,Block{minecraft:air},0,0
lostschool_3:entity:70226,lostschool_3,models/props_crates/supply_crate01.mdl,"[1752.0, -4983.0, 299.145]","[0.0, 83.5, 0.0]",1.0,[],container_box,placed_display,"[4169, 93, 208]","[0.0, 0.535625, 0.0]",True,False,1.0,reviewed_accessory_requires_pose_preserving_display,zero-hitbox Source-pose display,2,,True,"4169, 94, 208",0,0,Block{minecraft:air},0,2
lostschool_3:entity:70230,lostschool_3,models/props_crates/supply_crate01.mdl,"[1330.0, -5008.0, 299.145]","[0.0, 83.5, 0.0]",1.0,[],container_box,placed_display,"[4151, 93, 209]","[0.0, 0.535625, 0.0]",True,False,1.0,reviewed_accessory_requires_pose_preserving_display,zero-hitbox Source-pose display,2,,True,"4151, 94, 209",0,0,Block{minecraft:air},0,2
lostschool_3:entity:70234,lostschool_3,models/props_crates/supply_crate01.mdl,"[2105.0, -5112.0, 299.145]","[0.0, 83.5, 0.0]",1.0,[],container_box,placed_display,"[4184, 93, 213]","[0.0, 0.535625, 0.0]",True,False,1.0,reviewed_accessory_requires_pose_preserving_display,zero-hitbox Source-pose display,2,,True,"4184, 94, 213",0,0,Block{minecraft:air},0,2
lostschool_3:entity:70294,lostschool_3,models/props_vehicles/car005a_physics.mdl,"[467.0, -3893.0, 36.7302]","[0.0, 0.0, 69.5]",1.0,[],,unmapped,,,False,False,,,,0,owner-reviewed: large vehicle/setpiece or scripted control; outside furniture/light template scope; exact mesh/animation absent,True,"4115, 83, 162",0,15,Block{minecraft:air},0,0
lostschool_3:entity:70298,lostschool_3,models/props_vehicles/police_car_rural.mdl,"[358.949, -4106.0, 257.0]","[0.0, 0.0, -23.5]",1.0,[],,unmapped,,,False,False,,,,0,owner-reviewed: large vehicle/setpiece or scripted control; outside furniture/light template scope; exact mesh/animation absent,True,"4111, 92, 171",0,15,Block{minecraft:air},0,0
lostschool_3:entity:70302,lostschool_3,models/props_vehicles/car005a_physics.mdl,"[372.487, -3997.0, 131.0]","[0.0, 0.0, 0.0]",1.0,[],,unmapped,,,False,False,,,,0,owner-reviewed: large vehicle/setpiece or scripted control; outside furniture/light template scope; exact mesh/animation absent,True,"4112, 87, 167",0,15,Block{minecraft:air},0,0
lostschool_3:entity:70306,lostschool_3,models/props_vehicles/police_car_rural.mdl,"[358.949, -3893.0, 81.0]","[0.0, 0.0, 32.0]",1.0,[],,unmapped,,,False,False,,,,0,owner-reviewed: large vehicle/setpiece or scripted control; outside furniture/light template scope; exact mesh/animation absent,True,"4111, 84, 162",0,15,Block{minecraft:air},0,0
lostschool_3:entity:74468,lostschool_3,models/props_vehicles/helicopter_rescue.mdl,"[1348.0, 159.0, 1715.0]","[0.0, 269.5, 0.0]",1.0,[],,unmapped,,,False,False,,,,0,owner-reviewed: large vehicle/setpiece or scripted control; outside furniture/light template scope; exact mesh/animation absent,True,"4152, 153, -7",0,15,Block{minecraft:air},0,0
lostschool_3:entity:78945,lostschool_3,models/infected/common_male_jimmy.mdl,"[792.0, -3285.0, 8.0]","[2.74509, 159.032, 56.9691]",1.0,[],,unmapped,,,False,False,,,,0,owner-reviewed: animated Source actor model; gameplay infected/director/boss uses actual entities; no extra static combat target,True,"4129, 81, 137",0,15,Block{minecraft:air},0,0
lostschool_3:entity:78996,lostschool_3,models/infected/common_male_jimmy.mdl,"[-1192.5, -2642.69, -36.4366]","[2.74509, 159.032, 56.9691]",1.0,[],,unmapped,,,False,False,,,,0,owner-reviewed: animated Source actor model; gameplay infected/director/boss uses actual entities; no extra static combat target,True,"4046, 80, 110",0,15,Block{minecraft:air},0,0
lostschool_3:entity:79000,lostschool_3,models/infected/common_male_jimmy.mdl,"[732.212, -4507.86, -36.4366]","[2.74509, 159.032, 56.9691]",1.0,[],,unmapped,,,False,False,,,,0,owner-reviewed: animated Source actor model; gameplay infected/director/boss uses actual entities; no extra static combat target,True,"4127, 80, 188",0,15,Block{minecraft:air},0,0
lostschool_3:entity:79004,lostschool_3,models/infected/common_male_roadcrew.mdl,"[2431.54, -4444.44, -36.4366]","[2.74509, 159.032, 56.9691]",1.0,[],,unmapped,,,False,False,,,,0,owner-reviewed: animated Source actor model; gameplay infected/director/boss uses actual entities; no extra static combat target,True,"4197, 80, 185",0,15,Block{minecraft:air},0,0
lostschool_3:entity:79027,lostschool_3,models/infected/common_male_roadcrew.mdl,"[1888.1, -913.103, 274.563]","[2.74509, 159.032, 56.9691]",1.0,[],,unmapped,,,False,False,,,,0,owner-reviewed: animated Source actor model; gameplay infected/director/boss uses actual entities; no extra static combat target,True,"4175, 93, 38",0,15,Block{minecraft:air},0,0
lostschool_3:entity:79282,lostschool_3,models/props_unique/skybox_cityscape_highrise.mdl,"[12411.0, -11254.0, 953.0]","[0.0, 180.5, 0.0]",1.0,[],,unmapped,,,False,False,,,,0,owner-reviewed: skybox scale/origin cannot be inferred as ordinary room furniture,True,"4613, 121, 469",0,15,Block{minecraft:air},0,0
lostschool_3:entity:81363,lostschool_3,models/props_crates/supply_crate01.mdl,"[2151.0, -5102.0, 299.145]","[0.0, 83.5, 0.0]",1.0,[],container_box,placed_display,"[4186, 93, 213]","[0.0, 0.535625, 0.0]",True,False,1.0,reviewed_accessory_requires_pose_preserving_display,zero-hitbox Source-pose display,2,,True,"4186, 94, 213",0,0,Block{minecraft:air},0,2
lostschool_3:entity:81367,lostschool_3,models/props_crates/supply_crate01.mdl,"[2121.0, -5087.0, 299.145]","[0.0, 83.5, 0.0]",1.0,[],container_box,placed_display,"[4184, 93, 212]","[0.0, 0.535625, 0.0]",True,False,1.0,reviewed_accessory_requires_pose_preserving_display,zero-hitbox Source-pose display,2,,True,"4184, 94, 212",0,0,Block{minecraft:air},0,2
lostschool_3:entity:81375,lostschool_3,models/props_crates/supply_crate01.mdl,"[2122.0, -5061.0, 299.145]","[0.0, 83.5, 0.0]",1.0,[],container_box,placed_display,"[4184, 93, 211]","[0.0, 0.535625, 0.0]",True,False,1.0,reviewed_accessory_requires_pose_preserving_display,zero-hitbox Source-pose display,2,,True,"4184, 94, 211",0,0,Block{minecraft:air},0,2
lostschool_3:entity:81379,lostschool_3,models/props_crates/supply_crate01.mdl,"[2126.0, -5097.0, 311.0]","[0.0, 83.5, 0.0]",1.0,[],container_box,placed_display,"[4185, 93, 212]","[0.0, 0.041667, 0.0]",True,False,1.0,reviewed_accessory_requires_pose_preserving_display,zero-hitbox Source-pose display,2,,True,"4185, 94, 212",0,0,Block{minecraft:air},0,2
lostschool_3:entity:81387,lostschool_3,models/props_crates/supply_crate02.mdl,"[1476.0, -4724.0, 299.145]","[0.0, 60.5, 0.0]",1.0,[],container_box,placed_display,"[4158, 93, 197]","[0.0, 0.535625, 0.0]",True,False,1.0,reviewed_accessory_requires_pose_preserving_display,zero-hitbox Source-pose display,2,,True,"4158, 94, 197",0,10,Block{minecraft:air},0,2
lostschool_3:entity:82075,lostschool_3,models/props_interiors/medicalcabinet02.mdl,"[464.0, -2094.0, -60.0]","[0.0, 270.0, 0.0]",1.0,[],cabinet,placed_display,"[4115, 78, 88]","[-0.0, 0.5, 0.75]",True,False,1.0,no_support_at_source_xz,zero-hitbox Source-pose display,4,,True,"4115, 79, 88",0,15,Block{minecraft:air},0,4
lostschool_3:entity:82121,lostschool_3,models/props_interiors/medicalcabinet02.mdl,"[415.0, -2094.0, -60.0]","[0.0, 269.5, 0.0]",1.0,[],cabinet,placed_display,"[4113, 78, 88]","[-0.006545, 0.5, 0.749971]",True,False,1.0,no_support_at_source_xz,zero-hitbox Source-pose display,4,,True,"4113, 79, 88",0,15,Block{minecraft:air},0,4
lostschool_3:entity:84704,lostschool_3,models/props_foliage/tree_pine_card_cluster_02_skybox.mdl,"[11196.0, -11822.0, 950.0]","[0.0, 0.0, 0.0]",1.0,[],,unmapped,,,False,False,,,,0,owner-reviewed: skybox scale/origin cannot be inferred as ordinary room furniture,True,"4563, 121, 493",0,15,Block{minecraft:air},0,0
lostschool_3:entity:84763,lostschool_3,models/props_foliage/tree_pine_card_cluster_02_skybox.mdl,"[11098.0, -11719.0, 950.0]","[0.0, 269.5, 0.0]",1.0,[],,unmapped,,,False,False,,,,0,owner-reviewed: skybox scale/origin cannot be inferred as ordinary room furniture,True,"4558, 121, 488",0,15,Block{minecraft:air},0,0
lostschool_3:entity:84783,lostschool_3,models/props_vehicles/c130.mdl,"[4605.0, -50.0, 1268.09]","[0.0, 237.5, 0.0]",1.0,[],,unmapped,,,False,False,,,,0,owner-reviewed: large vehicle/setpiece or scripted control; outside furniture/light template scope; exact mesh/animation absent,True,"4288, 134, 2",0,15,Block{minecraft:air},0,0
lostschool_3:entity:84842,lostschool_3,models/props_unique/skybox_cityscape_highrise.mdl,"[12293.0, -10717.0, 953.0]","[0.0, 89.5, 0.0]",1.0,[],,unmapped,,,False,False,,,,0,owner-reviewed: skybox scale/origin cannot be inferred as ordinary room furniture,True,"4608, 121, 447",0,15,Block{minecraft:air},0,0
lostschool_3:entity:84886,lostschool_3,models/props_unique/skybox_cityscape_highrise.mdl,"[10158.0, -12727.0, 953.0]","[0.0, 269.0, 0.0]",1.0,[],,unmapped,,,False,False,,,,0,owner-reviewed: skybox scale/origin cannot be inferred as ordinary room furniture,True,"4519, 121, 530",0,0,Block{minecraft:air},0,0
lostschool_3:entity:84910,lostschool_3,models/props_unique/skybox_cityscape_highrise.mdl,"[9330.0, -11836.0, 953.0]","[0.0, 271.0, 0.0]",1.0,[],,unmapped,,,False,False,,,,0,owner-reviewed: skybox scale/origin cannot be inferred as ordinary room furniture,True,"4485, 121, 493",0,15,Block{minecraft:air},0,0
lostschool_3:entity:84943,lostschool_3,models/props_foliage/tree_pine_card_cluster_02_skybox.mdl,"[11195.0, -11462.0, 950.0]","[0.0, 0.0, 0.0]",1.0,[],,unmapped,,,False,False,,,,0,owner-reviewed: skybox scale/origin cannot be inferred as ordinary room furniture,True,"4562, 121, 478",0,15,Block{minecraft:air},0,0
lostschool_3:entity:84955,lostschool_3,models/f18/f18_placeholder.mdl,"[11791.0, -11200.0, 1106.0]","[0.0, 90.0, 0.0]",1.0,[],,unmapped,,,False,False,,,,0,owner-reviewed: large vehicle/setpiece or scripted control; outside furniture/light template scope; exact mesh/animation absent,True,"4587, 127, 467",0,15,Block{minecraft:air},0,0
lostschool_3:entity:84987,lostschool_3,models/f18/f18_placeholder.mdl,"[11763.0, -11163.0, 1106.0]","[0.0, 90.0, 0.0]",1.0,[],,unmapped,,,False,False,,,,0,owner-reviewed: large vehicle/setpiece or scripted control; outside furniture/light template scope; exact mesh/animation absent,True,"4586, 127, 465",0,15,Block{minecraft:air},0,0
lostschool_3:entity:84991,lostschool_3,models/f18/f18_placeholder.mdl,"[11822.0, -11163.0, 1106.0]","[0.0, 90.0, 0.0]",1.0,[],,unmapped,,,False,False,,,,0,owner-reviewed: large vehicle/setpiece or scripted control; outside furniture/light template scope; exact mesh/animation absent,True,"4589, 127, 465",0,15,Block{minecraft:air},0,0
lostschool_3:entity:84999,lostschool_3,models/f18/f18_placeholder.mdl,"[11740.0, -11117.0, 1106.0]","[0.0, 90.0, 0.0]",1.0,[],,unmapped,,,False,False,,,,0,owner-reviewed: large vehicle/setpiece or scripted control; outside furniture/light template scope; exact mesh/animation absent,True,"4585, 127, 463",0,15,Block{minecraft:air},0,0
lostschool_3:entity:85003,lostschool_3,models/f18/f18_placeholder.mdl,"[11843.0, -11120.0, 1106.0]","[0.0, 90.0, 0.0]",1.0,[],,unmapped,,,False,False,,,,0,owner-reviewed: large vehicle/setpiece or scripted control; outside furniture/light template scope; exact mesh/animation absent,True,"4589, 127, 463",0,15,Block{minecraft:air},0,0
lostschool_3:entity:85194,lostschool_3,models/props_vehicles/c130.mdl,"[6229.0, -40.0, 1268.09]","[0.0, 237.5, 0.0]",1.0,[],,unmapped,,,False,False,,,,0,owner-reviewed: large vehicle/setpiece or scripted control; outside furniture/light template scope; exact mesh/animation absent,True,"4356, 134, 2",0,15,Block{minecraft:air},0,0
lostschool_3:entity:85198,lostschool_3,models/props_vehicles/c130.mdl,"[4506.0, 1191.0, 1268.09]","[0.0, 237.5, 0.0]",1.0,[],,unmapped,,,False,False,,,,0,owner-reviewed: large vehicle/setpiece or scripted control; outside furniture/light template scope; exact mesh/animation absent,True,"4284, 134, -50",0,15,Block{minecraft:air},0,0
lostschool_3:entity:85341,lostschool_3,models/f18/f18_placeholder.mdl,"[11143.4, -11667.5, 1192.0]","[0.0, 179.0, 0.0]",1.0,[],,unmapped,,,False,False,,,,0,owner-reviewed: large vehicle/setpiece or scripted control; outside furniture/light template scope; exact mesh/animation absent,True,"4560, 131, 486",0,15,Block{minecraft:air},0,0
lostschool_3:entity:85357,lostschool_3,models/f18/f18_placeholder.mdl,"[11118.0, -11642.0, 1192.0]","[0.0, 179.0, 0.0]",1.0,[],,unmapped,,,False,False,,,,0,owner-reviewed: large vehicle/setpiece or scripted control; outside furniture/light template scope; exact mesh/animation absent,True,"4559, 131, 485",0,15,Block{minecraft:air},0,0
lostschool_3:entity:85361,lostschool_3,models/f18/f18_placeholder.mdl,"[11117.0, -11694.0, 1192.0]","[0.0, 179.0, 0.0]",1.0,[],,unmapped,,,False,False,,,,0,owner-reviewed: large vehicle/setpiece or scripted control; outside furniture/light template scope; exact mesh/animation absent,True,"4559, 131, 487",0,15,Block{minecraft:air},0,0
lostschool_3:entity:85365,lostschool_3,models/f18/f18_placeholder.mdl,"[12097.0, -12345.0, 1181.0]","[0.0, 317.5, 0.0]",1.0,[],,unmapped,,,False,False,,,,0,owner-reviewed: large vehicle/setpiece or scripted control; outside furniture/light template scope; exact mesh/animation absent,True,"4600, 130, 514",0,15,Block{minecraft:air},0,0
lostschool_3:entity:85401,lostschool_3,models/f18/f18_placeholder.mdl,"[12101.0, -12378.0, 1181.0]","[0.0, 317.5, 0.0]",1.0,[],,unmapped,,,False,False,,,,0,owner-reviewed: large vehicle/setpiece or scripted control; outside furniture/light template scope; exact mesh/animation absent,True,"4600, 130, 516",0,15,Block{minecraft:air},0,0
lostschool_3:entity:85405,lostschool_3,models/f18/f18_placeholder.mdl,"[12132.0, -12350.0, 1181.0]","[0.0, 317.5, 0.0]",1.0,[],,unmapped,,,False,False,,,,0,owner-reviewed: large vehicle/setpiece or scripted control; outside furniture/light template scope; exact mesh/animation absent,True,"4602, 130, 515",0,15,Block{minecraft:air},0,0
lostschool_3:entity:85409,lostschool_3,models/f18/f18_placeholder.mdl,"[12170.0, -12355.0, 1181.0]","[0.0, 317.5, 0.0]",1.0,[],,unmapped,,,False,False,,,,0,owner-reviewed: large vehicle/setpiece or scripted control; outside furniture/light template scope; exact mesh/animation absent,True,"4603, 130, 515",0,15,Block{minecraft:air},0,0
lostschool_3:entity:85413,lostschool_3,models/f18/f18_placeholder.mdl,"[12113.0, -12419.0, 1181.0]","[0.0, 317.5, 0.0]",1.0,[],,unmapped,,,False,False,,,,0,owner-reviewed: large vehicle/setpiece or scripted control; outside furniture/light template scope; exact mesh/animation absent,True,"4601, 130, 517",0,15,Block{minecraft:air},0,0
lostschool_3:entity:87855,lostschool_3,models/props_unique/hospital/gurney.mdl,"[784.0, -3341.0, -32.0]","[0.0, 0.0, 0.0]",1.0,[],medical_gurney,placed_display,"[4129, 79, 139]","[0.0, 0.333333, 0.0]",True,False,1.0,reviewed_accessory_requires_pose_preserving_display,zero-hitbox Source-pose display,10,,True,"4129, 80, 139",0,15,Block{minecraft:air},0,10
lostschool_3:entity:87932,lostschool_3,models/props_unique/hospital/iv_pole.mdl,"[532.0, -3362.0, -30.0]","[0.0, 0.0, 0.0]",1.0,[],medical_pole,placed_display,"[4118, 79, 140]","[0.0, 0.25, 0.0]",True,False,1.0,reviewed_accessory_requires_pose_preserving_display,zero-hitbox Source-pose display,5,,True,"4118, 80, 140",0,15,Block{minecraft:air},0,5
lostschool_3:entity:88250,lostschool_3,models/props_unique/hospital/gurney.mdl,"[579.44, -3122.0, 1.0]","[0.0, 0.0, 75.5]",1.0,[],medical_gurney,placed_display,"[4120, 80, 130]","[0.0, 0.0, 0.0]",True,False,1.0,reviewed_accessory_requires_pose_preserving_display,zero-hitbox Source-pose display,10,,True,"4120, 81, 130",0,15,Block{minecraft:air},0,10
lostschool_3:entity:88402,lostschool_3,models/props_unique/hospital/iv_pole.mdl,"[553.0, -3353.0, 5.0]","[0.0, 0.0, 69.0]",1.0,[],medical_pole,placed_display,"[4119, 80, 140]","[0.0, 0.0, 0.0]",True,False,1.0,reviewed_accessory_requires_pose_preserving_display,zero-hitbox Source-pose display,5,,True,"4119, 81, 140",0,15,Block{minecraft:air},0,5
lostschool_3:entity:88466,lostschool_3,models/props_c17/hospital_cart01.mdl,"[1185.0, -3153.0, -21.0]","[0.0, 0.0, 0.0]",1.0,[],medical_cart,placed_display,"[4145, 79, 131]","[0.0, 0.0, 0.0]",True,False,1.0,reviewed_accessory_requires_pose_preserving_display,zero-hitbox Source-pose display,10,,True,"4145, 80, 131",0,15,Block{minecraft:air},0,10
lostschool_3:entity:88563,lostschool_3,models/props_unique/hospital/iv_pole.mdl,"[1216.03, -3171.05, -29.5416]","[0.0, 0.0, 69.0]",1.0,[],medical_pole,placed_display,"[4147, 79, 132]","[0.0, 0.46679, -0.179184]",True,False,1.0,reviewed_accessory_requires_pose_preserving_display,zero-hitbox Source-pose display,5,,True,"4147, 80, 132",0,15,Block{minecraft:air},0,5
lostschool_3:entity:88567,lostschool_3,models/props_unique/hospital/iv_pole.mdl,"[1146.0, -2969.94, 19.0]","[-33.0, 0.0, 69.0]",1.0,[],medical_pole,placed_display,"[4144, 80, 124]","[0.0, 0.0, 0.0]",True,False,1.0,reviewed_accessory_requires_pose_preserving_display,zero-hitbox Source-pose display,5,,True,"4144, 81, 124",0,15,Block{minecraft:air},0,5
lostschool_3:entity:88591,lostschool_3,models/props_wasteland/controlroom_chair001a.mdl,"[1200.0, -3494.0, 26.0]","[22.5448, 322.217, -88.0015]",1.0,[],chair,placed_display,"[4146, 81, 146]","[0.0, 0.0, 0.0]",True,False,1.0,tilted_or_scaled_model,zero-hitbox Source-pose display,6,,True,"4146, 82, 146",0,15,Block{minecraft:air},0,6
lostschool_3:entity:88635,lostschool_3,models/props_unique/hospital/gurney.mdl,"[1224.0, -3633.0, -40.7418]","[0.0, 0.0, 0.0]",1.0,[],medical_gurney,placed_display,"[4147, 79, 151]","[0.0, 0.697575, 0.0]",True,False,1.0,reviewed_accessory_requires_pose_preserving_display,zero-hitbox Source-pose display,10,,True,"4147, 80, 151",0,15,Block{minecraft:air},0,10
lostschool_3:entity:88643,lostschool_3,models/props_unique/hospital/gurney.mdl,"[1200.0, -3632.0, -40.7418]","[0.0, 0.0, 0.0]",1.0,[],medical_gurney,placed_display,"[4146, 79, 151]","[0.0, 0.697575, 0.0]",True,False,1.0,reviewed_accessory_requires_pose_preserving_display,zero-hitbox Source-pose display,10,,True,"4146, 80, 151",0,15,Block{minecraft:air},0,10
lostschool_3:entity:88647,lostschool_3,models/props_unique/hospital/gurney.mdl,"[1176.0, -3634.0, -40.7418]","[0.0, 0.0, 0.0]",1.0,[],medical_gurney,placed_display,"[4145, 79, 151]","[0.0, 0.697575, 0.0]",True,False,1.0,reviewed_accessory_requires_pose_preserving_display,zero-hitbox Source-pose display,10,,True,"4145, 80, 151",0,15,Block{minecraft:air},0,10
lostschool_3:entity:88655,lostschool_3,models/props_unique/hospital/gurney.mdl,"[1154.0, -3634.0, -40.7418]","[0.0, 0.0, 0.0]",1.0,[],medical_gurney,placed_display,"[4144, 79, 151]","[0.0, 0.697575, 0.0]",True,False,1.0,reviewed_accessory_requires_pose_preserving_display,zero-hitbox Source-pose display,10,,True,"4144, 80, 151",0,15,Block{minecraft:air},0,10
lostschool_3:entity:88663,lostschool_3,models/props_unique/hospital/gurney.mdl,"[1131.0, -3635.0, -40.7418]","[0.0, 0.0, 0.0]",1.0,[],medical_gurney,placed_display,"[4143, 79, 151]","[0.0, 0.697575, 0.0]",True,False,1.0,reviewed_accessory_requires_pose_preserving_display,zero-hitbox Source-pose display,10,,True,"4143, 80, 151",0,15,Block{minecraft:air},0,10
lostschool_3:entity:88671,lostschool_3,models/props_wasteland/controlroom_chair001a.mdl,"[1200.0, -3547.0, 28.0]","[-20.0598, 39.0059, 88.6338]",1.0,[],chair,placed_display,"[4146, 81, 148]","[0.0, 0.0, 0.0]",True,False,1.0,tilted_or_scaled_model,zero-hitbox Source-pose display,6,,True,"4146, 82, 148",0,15,Block{minecraft:air},0,6
lostschool_3:entity:88795,lostschool_3,models/infected/common_male_jimmy.mdl,"[1202.62, -3474.19, -17.4366]","[2.74509, 159.032, 56.9691]",1.0,[],,unmapped,,,False,False,,,,0,owner-reviewed: animated Source actor model; gameplay infected/director/boss uses actual entities; no extra static combat target,True,"4146, 80, 145",0,15,Block{minecraft:air},0,0
lostschool_3:entity:88904,lostschool_3,models/props_downtown/phone_book.mdl,"[1147.0, -3519.0, 4.0]","[0.0, 319.5, 0.0]",1.0,[],,unmapped,,,False,False,,,,0,owner-reviewed model group; outside requested bed/table/cabinet/chair/lighting scope; exact mesh or interactive state unavailable,True,"4144, 81, 147",0,15,Block{minecraft:air},0,0
lostschool_3:entity:88989,lostschool_3,models/props_unique/hospital/iv_pole.mdl,"[1148.0, -3399.0, -40.7519]","[0.0, 0.0, 0.0]",1.0,[],medical_pole,placed_display,"[4144, 79, 142]","[0.0, 0.697996, 0.0]",True,False,1.0,reviewed_accessory_requires_pose_preserving_display,zero-hitbox Source-pose display,5,,True,"4144, 80, 142",0,15,Block{minecraft:air},0,5
lostschool_3:entity:89182,lostschool_3,models/infected/common_male_jimmy.mdl,"[4612.45, -3732.94, -36.4366]","[2.74509, 159.032, 56.9691]",1.0,[],,unmapped,,,False,False,,,,0,owner-reviewed: animated Source actor model; gameplay infected/director/boss uses actual entities; no extra static combat target,True,"4288, 80, 156",0,15,Block{minecraft:air},0,0
lostschool_3:entity:94160,lostschool_3,models/props_interiors/medicalcabinet02.mdl,"[-834.0, -2317.0, -59.0]","[0.0, 149.5, 0.0]",1.0,[],cabinet,placed_display,"[4061, 78, 97]","[0.0, 0.458333, 0.0]",True,False,1.0,protected_navigation_or_gameplay,zero-hitbox Source-pose display,4,,True,"4061, 79, 97",0,15,Block{minecraft:air},0,4
lostschool_3:entity:95574,lostschool_3,models/props_interiors/medicalcabinet02.mdl,"[1078.0, -1177.0, 28.0]","[0.0, 0.0, 0.0]",1.0,[],cabinet,placed_display,"[4141, 82, 49]","[0.0, 0.833333, 0.0]",True,False,1.0,protected_navigation_or_gameplay,zero-hitbox Source-pose display,4,,True,"4141, 83, 49",0,0,Block{minecraft:air},0,4
lostschool_3:entity:114370,lostschool_3,models/props_interiors/medicalcabinet02.mdl,"[551.0, -4846.0, -60.0]","[0.0, 90.0, 0.0]",1.0,[],cabinet,placed_display,"[4119, 78, 201]","[-0.0, 0.5, -1.0]",True,False,1.0,no_support_at_source_xz,zero-hitbox Source-pose display,4,,True,"4119, 79, 201",0,10,Block{minecraft:air},0,4
lostschool_3:entity:114440,lostschool_3,models/props_vehicles/police_car_rural.mdl,"[-52.0, 522.0, 300.0]","[0.0, 22.5, 0.0]",1.0,[],,unmapped,,,False,False,,,,0,owner-reviewed: large vehicle/setpiece or scripted control; outside furniture/light template scope; exact mesh/animation absent,True,"4094, 94, -22",0,15,Block{minecraft:air},0,0
lostschool_3:entity:114444,lostschool_3,models/props_vehicles/car005a_physics.mdl,"[77.0, 459.435, 325.0]","[0.0, 75.0, 0.0]",1.0,[],,unmapped,,,False,False,,,,0,owner-reviewed: large vehicle/setpiece or scripted control; outside furniture/light template scope; exact mesh/animation absent,True,"4099, 95, -19",0,15,Block{minecraft:air},0,0
lostschool_3:entity:114448,lostschool_3,models/props_vehicles/car005a_physics.mdl,"[223.0, 432.9, 325.0]","[0.0, 0.0, 0.0]",1.0,[],,unmapped,,,False,False,,,,0,owner-reviewed: large vehicle/setpiece or scripted control; outside furniture/light template scope; exact mesh/animation absent,True,"4105, 95, -18",0,15,Block{minecraft:air},0,0
lostschool_3:entity:114497,lostschool_3,models/infected/hulk_dlc3.mdl,"[44.0, 384.0, 344.0]","[0.0, 326.5, 0.0]",1.0,[],,unmapped,,,False,False,,,,0,owner-reviewed: animated Source actor model; gameplay infected/director/boss uses actual entities; no extra static combat target,True,"4098, 95, -16",0,15,Block{minecraft:air},0,0
lostschool_3:entity:118315,lostschool_3,models/props_doors/shackwall01_dmg03.mdl,"[1377.0, -2077.0, 33.0]","[0.0, 89.0, 0.0]",1.0,[],,unmapped,,,False,False,,,,0,owner-reviewed: separate opening/control geometry; preserve native room/checkpoint door behaviour; no static fake closed doors,True,"4153, 82, 87",0,15,Block{minecraft:air},0,0
lostschool_3:entity:118357,lostschool_3,models/props_doors/shackwall01_dmg03.mdl,"[1314.0, -2076.0, 33.0]","[0.0, 273.0, 0.0]",1.0,[],,unmapped,,,False,False,,,,0,owner-reviewed: separate opening/control geometry; preserve native room/checkpoint door behaviour; no static fake closed doors,True,"4151, 82, 87",2,15,Block{minecraft:air},0,0
lostschool_3:entity:118369,lostschool_3,models/props_doors/shackwall01_dmg02.mdl,"[1250.0, -2079.0, 33.0]","[0.0, 270.5, 0.0]",1.0,[],,unmapped,,,False,False,,,,0,owner-reviewed: separate opening/control geometry; preserve native room/checkpoint door behaviour; no static fake closed doors,True,"4148, 82, 87",0,15,Block{minecraft:air},0,0
lostschool_3:entity:118373,lostschool_3,models/props_doors/shackwall01_dmg02.mdl,"[1190.0, -2081.0, 33.0]","[0.0, 283.0, 0.0]",1.0,[],,unmapped,,,False,False,,,,0,owner-reviewed: separate opening/control geometry; preserve native room/checkpoint door behaviour; no static fake closed doors,True,"4146, 82, 87",0,15,Block{minecraft:air},0,0
lostschool_3:entity:118485,lostschool_3,models/infected/common_military_male01.mdl,"[1150.39, -1757.15, 24.2224]","[0.0, 120.0, 0.0]",1.0,[],,unmapped,,,False,False,,,,0,owner-reviewed: animated Source actor model; gameplay infected/director/boss uses actual entities; no extra static combat target,True,"4144, 82, 73",0,15,Block{minecraft:air},0,0
lostschool_3:entity:118489,lostschool_3,models/infected/common_military_male01.mdl,"[1336.51, -1616.42, 24.2224]","[0.0, 120.0, 0.0]",1.0,[],,unmapped,,,False,False,,,,0,owner-reviewed: animated Source actor model; gameplay infected/director/boss uses actual entities; no extra static combat target,True,"4152, 82, 67",0,15,Block{minecraft:air},0,0
lostschool_3:entity:121326,lostschool_3,models/props_interiors/computer_monitor.mdl,"[1400.69, -1100.99, 73.3315]","[0.0, 271.0, 0.0]",1.0,[],,unmapped,,,False,False,,,,0,owner-reviewed model group; outside requested bed/table/cabinet/chair/lighting scope; exact mesh or interactive state unavailable,True,"4154, 84, 46",8,0,Block{minecraft:air},0,0
lostschool_3:entity:121330,lostschool_3,models/props_interiors/computer_keyboard.mdl,"[1400.0, -1119.0, 74.3315]","[0.0, 271.0, 0.0]",1.0,[],,unmapped,,,False,False,,,,0,owner-reviewed model group; outside requested bed/table/cabinet/chair/lighting scope; exact mesh or interactive state unavailable,True,"4154, 84, 47",7,0,Block{minecraft:air},0,0
lostschool_3:entity:121334,lostschool_3,models/props/cs_office/computer_mouse.mdl,"[1417.96, -1116.69, 74.3315]","[0.0, 271.0, 0.0]",1.0,[],,unmapped,,,False,False,,,,0,owner-reviewed model group; outside requested bed/table/cabinet/chair/lighting scope; exact mesh or interactive state unavailable,True,"4155, 84, 47",6,0,Block{minecraft:air},0,0
lostschool_3:entity:121362,lostschool_3,models/props_interiors/computer_monitor.mdl,"[1309.69, -1100.99, 73.3315]","[0.0, 271.0, 0.0]",1.0,[],,unmapped,,,False,False,,,,0,owner-reviewed model group; outside requested bed/table/cabinet/chair/lighting scope; exact mesh or interactive state unavailable,True,"4151, 84, 46",5,0,Block{minecraft:air},0,0
lostschool_3:entity:121366,lostschool_3,models/props_interiors/computer_keyboard.mdl,"[1309.0, -1119.0, 74.3315]","[0.0, 271.0, 0.0]",1.0,[],,unmapped,,,False,False,,,,0,owner-reviewed model group; outside requested bed/table/cabinet/chair/lighting scope; exact mesh or interactive state unavailable,True,"4151, 84, 47",4,0,Block{minecraft:air},0,0
lostschool_3:entity:121370,lostschool_3,models/props/cs_office/computer_mouse.mdl,"[1326.96, -1116.69, 74.3315]","[0.0, 271.0, 0.0]",1.0,[],,unmapped,,,False,False,,,,0,owner-reviewed model group; outside requested bed/table/cabinet/chair/lighting scope; exact mesh or interactive state unavailable,True,"4151, 84, 47",4,0,Block{minecraft:air},0,0
lostschool_3:entity:121374,lostschool_3,models/props_interiors/computer_monitor.mdl,"[1217.69, -1232.99, 73.3315]","[0.0, 271.0, 0.0]",1.0,[],,unmapped,,,False,False,,,,0,owner-reviewed model group; outside requested bed/table/cabinet/chair/lighting scope; exact mesh or interactive state unavailable,True,"4147, 84, 51",4,0,Block{minecraft:air},0,0
lostschool_3:entity:121378,lostschool_3,models/props_interiors/computer_keyboard.mdl,"[1217.0, -1251.0, 74.3315]","[0.0, 271.0, 0.0]",1.0,[],,unmapped,,,False,False,,,,0,owner-reviewed model group; outside requested bed/table/cabinet/chair/lighting scope; exact mesh or interactive state unavailable,True,"4147, 84, 52",3,0,Block{minecraft:air},0,0
lostschool_3:entity:121382,lostschool_3,models/props/cs_office/computer_mouse.mdl,"[1234.96, -1248.69, 74.3315]","[0.0, 271.0, 0.0]",1.0,[],,unmapped,,,False,False,,,,0,owner-reviewed model group; outside requested bed/table/cabinet/chair/lighting scope; exact mesh or interactive state unavailable,True,"4147, 84, 52",3,0,Block{minecraft:air},0,0
lostschool_3:entity:121386,lostschool_3,models/props_interiors/computer_monitor.mdl,"[1124.69, -1232.99, 73.3315]","[0.0, 271.0, 0.0]",1.0,[],,unmapped,,,False,False,,,,0,owner-reviewed model group; outside requested bed/table/cabinet/chair/lighting scope; exact mesh or interactive state unavailable,True,"4143, 84, 51",0,0,Block{minecraft:air},0,0
lostschool_3:entity:121390,lostschool_3,models/props_interiors/computer_keyboard.mdl,"[1124.0, -1251.0, 74.3315]","[0.0, 271.0, 0.0]",1.0,[],,unmapped,,,False,False,,,,0,owner-reviewed model group; outside requested bed/table/cabinet/chair/lighting scope; exact mesh or interactive state unavailable,True,"4143, 84, 52",0,0,Block{minecraft:air},0,0
lostschool_3:entity:121394,lostschool_3,models/props/cs_office/computer_mouse.mdl,"[1141.96, -1248.69, 74.3315]","[0.0, 271.0, 0.0]",1.0,[],,unmapped,,,False,False,,,,0,owner-reviewed model group; outside requested bed/table/cabinet/chair/lighting scope; exact mesh or interactive state unavailable,True,"4144, 84, 52",0,0,Block{minecraft:air},0,0
lostschool_3:entity:127053,lostschool_3,models/infected/hulk_dlc3.mdl,"[2049.0, -5433.0, 919.0]","[0.0, 151.5, 0.0]",1.0,[],,unmapped,,,False,False,,,,0,owner-reviewed: animated Source actor model; gameplay infected/director/boss uses actual entities; no extra static combat target,True,"4181, 119, 226",0,15,Block{minecraft:air},0,0
