id,chapter,model,sourceOrigin,sourceAngles,ownerReviewDisposition
lost:staticprop:0,lost,models/props/cs_militia/ladderwood.mdl,"[-2276.68994140625, 277.6289978027344, -383.6960144042969]","[15.5, 180.0, 0.0]",owner-reviewed: access/structural or breakable geometry; preserve verified native NAV and passage layout; Source collision/damage model absent
lost:staticprop:5,lost,models/props_downtown/metal_window01_8.mdl,"[-2160.010009765625, 503.0, -374.3630065917969]","[0.0, 180.0, 0.0]",owner-reviewed: separate opening/control geometry; preserve native room/checkpoint door behaviour; no static fake closed doors
lost:staticprop:6,lost,models/props_downtown/metal_window01_8.mdl,"[-2258.010009765625, 503.0, -374.3630065917969]","[0.0, 180.0, 0.0]",owner-reviewed: separate opening/control geometry; preserve native room/checkpoint door behaviour; no static fake closed doors
lost:staticprop:8,lost,models/props/de_nuke/window01.mdl,"[-2312.010009765625, 509.0, -340.3630065917969]","[0.0, 89.0, 0.0]",owner-reviewed: separate opening/control geometry; preserve native room/checkpoint door behaviour; no static fake closed doors
lost:staticprop:9,lost,models/props/cs_militia/ladderwood.mdl,"[-2120.68994140625, 277.6289978027344, -383.6960144042969]","[15.5, 0.0, 0.0]",owner-reviewed: access/structural or breakable geometry; preserve verified native NAV and passage layout; Source collision/damage model absent
lost:staticprop:14,lost,models/props/cs_militia/ladderwood.mdl,"[-1287.68994140625, 277.6289978027344, -383.6960144042969]","[15.5, 180.0, 0.0]",owner-reviewed: access/structural or breakable geometry; preserve verified native NAV and passage layout; Source collision/damage model absent
lost:staticprop:19,lost,models/props_downtown/metal_window01_8.mdl,"[-1171.010009765625, 503.0, -374.3630065917969]","[0.0, 180.0, 0.0]",owner-reviewed: separate opening/control geometry; preserve native room/checkpoint door behaviour; no static fake closed doors
lost:staticprop:20,lost,models/props_downtown/metal_window01_8.mdl,"[-1269.010009765625, 503.0, -374.3630065917969]","[0.0, 180.0, 0.0]",owner-reviewed: separate opening/control geometry; preserve native room/checkpoint door behaviour; no static fake closed doors
lost:staticprop:22,lost,models/props/de_nuke/window01.mdl,"[-1323.010009765625, 509.0, -340.3630065917969]","[0.0, 89.0, 0.0]",owner-reviewed: separate opening/control geometry; preserve native room/checkpoint door behaviour; no static fake closed doors
lost:staticprop:23,lost,models/props/cs_militia/ladderwood.mdl,"[-1131.68994140625, 277.6289978027344, -383.6960144042969]","[15.5, 0.0, 0.0]",owner-reviewed: access/structural or breakable geometry; preserve verified native NAV and passage layout; Source collision/damage model absent
lost:staticprop:28,lost,models/props/cs_militia/ladderwood.mdl,"[-419.30999755859375, -146.62899780273438, -383.6960144042969]","[15.5, 0.0, 0.0]",owner-reviewed: access/structural or breakable geometry; preserve verified native NAV and passage layout; Source collision/damage model absent
lost:staticprop:33,lost,models/props_downtown/metal_window01_8.mdl,"[-535.989990234375, -372.0, -374.3630065917969]","[0.0, 0.0, 0.0]",owner-reviewed: separate opening/control geometry; preserve native room/checkpoint door behaviour; no static fake closed doors
lost:staticprop:34,lost,models/props_downtown/metal_window01_8.mdl,"[-437.989990234375, -372.0, -374.3630065917969]","[0.0, 0.0, 0.0]",owner-reviewed: separate opening/control geometry; preserve native room/checkpoint door behaviour; no static fake closed doors
lost:staticprop:36,lost,models/props/de_nuke/window01.mdl,"[-383.989990234375, -378.0, -340.3630065917969]","[0.0, 269.0, 0.0]",owner-reviewed: separate opening/control geometry; preserve native room/checkpoint door behaviour; no static fake closed doors
lost:staticprop:37,lost,models/props/cs_militia/ladderwood.mdl,"[-575.3099975585938, -146.62899780273438, -383.6960144042969]","[15.5, 180.0, 0.0]",owner-reviewed: access/structural or breakable geometry; preserve verified native NAV and passage layout; Source collision/damage model absent
lost:staticprop:41,lost,models/props/cs_militia/ladderwood.mdl,"[-87.30999755859375, -146.62899780273438, -383.6960144042969]","[15.5, 0.0, 0.0]",owner-reviewed: access/structural or breakable geometry; preserve verified native NAV and passage layout; Source collision/damage model absent
lost:staticprop:46,lost,models/props_downtown/metal_window01_8.mdl,"[-203.99000549316406, -372.0, -374.3630065917969]","[0.0, 0.0, 0.0]",owner-reviewed: separate opening/control geometry; preserve native room/checkpoint door behaviour; no static fake closed doors
lost:staticprop:47,lost,models/props_downtown/metal_window01_8.mdl,"[-105.98999786376953, -372.0, -374.3630065917969]","[0.0, 0.0, 0.0]",owner-reviewed: separate opening/control geometry; preserve native room/checkpoint door behaviour; no static fake closed doors
lost:staticprop:49,lost,models/props/de_nuke/window01.mdl,"[-51.9900016784668, -378.0, -340.3630065917969]","[0.0, 269.0, 0.0]",owner-reviewed: separate opening/control geometry; preserve native room/checkpoint door behaviour; no static fake closed doors
lost:staticprop:50,lost,models/props/cs_militia/ladderwood.mdl,"[-243.30999755859375, -146.62899780273438, -383.6960144042969]","[15.5, 180.0, 0.0]",owner-reviewed: access/structural or breakable geometry; preserve verified native NAV and passage layout; Source collision/damage model absent
lost:staticprop:59,lost,models/props_downtown/metal_window01_8.mdl,"[1117.010009765625, -372.0, -374.3630065917969]","[0.0, 0.0, 0.0]",owner-reviewed: separate opening/control geometry; preserve native room/checkpoint door behaviour; no static fake closed doors
lost:staticprop:60,lost,models/props_downtown/metal_window01_8.mdl,"[1215.010009765625, -372.0, -374.3630065917969]","[0.0, 0.0, 0.0]",owner-reviewed: separate opening/control geometry; preserve native room/checkpoint door behaviour; no static fake closed doors
lost:staticprop:62,lost,models/props/de_nuke/window01.mdl,"[1269.010009765625, -378.0, -340.3630065917969]","[0.0, 269.0, 0.0]",owner-reviewed: separate opening/control geometry; preserve native room/checkpoint door behaviour; no static fake closed doors
lost:staticprop:63,lost,models/props/cs_militia/ladderwood.mdl,"[1077.68994140625, -146.62899780273438, -383.6960144042969]","[15.5, 180.0, 0.0]",owner-reviewed: access/structural or breakable geometry; preserve verified native NAV and passage layout; Source collision/damage model absent
lost:staticprop:67,lost,models/props/cs_militia/ladderwood.mdl,"[901.6900024414062, -146.62899780273438, -383.6960144042969]","[15.5, 0.0, 0.0]",owner-reviewed: access/structural or breakable geometry; preserve verified native NAV and passage layout; Source collision/damage model absent
lost:staticprop:72,lost,models/props_downtown/metal_window01_8.mdl,"[785.010009765625, -372.0, -374.3630065917969]","[0.0, 0.0, 0.0]",owner-reviewed: separate opening/control geometry; preserve native room/checkpoint door behaviour; no static fake closed doors
lost:staticprop:73,lost,models/props_downtown/metal_window01_8.mdl,"[883.010009765625, -372.0, -374.3630065917969]","[0.0, 0.0, 0.0]",owner-reviewed: separate opening/control geometry; preserve native room/checkpoint door behaviour; no static fake closed doors
lost:staticprop:75,lost,models/props/de_nuke/window01.mdl,"[937.010009765625, -378.0, -340.3630065917969]","[0.0, 269.0, 0.0]",owner-reviewed: separate opening/control geometry; preserve native room/checkpoint door behaviour; no static fake closed doors
lost:staticprop:76,lost,models/props/cs_militia/ladderwood.mdl,"[745.6900024414062, -146.62899780273438, -383.6960144042969]","[15.5, 180.0, 0.0]",owner-reviewed: access/structural or breakable geometry; preserve verified native NAV and passage layout; Source collision/damage model absent
lost:staticprop:81,lost,models/props/cs_militia/ladderwood.mdl,"[358.30999755859375, 277.6289978027344, -383.6960144042969]","[15.5, 180.0, 0.0]",owner-reviewed: access/structural or breakable geometry; preserve verified native NAV and passage layout; Source collision/damage model absent
lost:staticprop:86,lost,models/props_downtown/metal_window01_8.mdl,"[474.989990234375, 503.0, -374.3630065917969]","[0.0, 180.0, 0.0]",owner-reviewed: separate opening/control geometry; preserve native room/checkpoint door behaviour; no static fake closed doors
lost:staticprop:87,lost,models/props_downtown/metal_window01_8.mdl,"[376.989990234375, 503.0, -374.3630065917969]","[0.0, 180.0, 0.0]",owner-reviewed: separate opening/control geometry; preserve native room/checkpoint door behaviour; no static fake closed doors
lost:staticprop:89,lost,models/props/de_nuke/window01.mdl,"[322.989990234375, 509.0, -340.3630065917969]","[0.0, 89.0, 0.0]",owner-reviewed: separate opening/control geometry; preserve native room/checkpoint door behaviour; no static fake closed doors
lost:staticprop:90,lost,models/props/cs_militia/ladderwood.mdl,"[514.3099975585938, 277.6289978027344, -383.6960144042969]","[15.5, 0.0, 0.0]",owner-reviewed: access/structural or breakable geometry; preserve verified native NAV and passage layout; Source collision/damage model absent
lost:staticprop:95,lost,models/props/cs_militia/ladderwood.mdl,"[2976.68994140625, -303.6289978027344, -383.6960144042969]","[15.5, 0.0, 0.0]",owner-reviewed: access/structural or breakable geometry; preserve verified native NAV and passage layout; Source collision/damage model absent
lost:staticprop:100,lost,models/props_downtown/metal_window01_8.mdl,"[2860.010009765625, -529.0, -374.3630065917969]","[0.0, 0.0, 0.0]",owner-reviewed: separate opening/control geometry; preserve native room/checkpoint door behaviour; no static fake closed doors
lost:staticprop:101,lost,models/props_downtown/metal_window01_8.mdl,"[2958.010009765625, -529.0, -374.3630065917969]","[0.0, 0.0, 0.0]",owner-reviewed: separate opening/control geometry; preserve native room/checkpoint door behaviour; no static fake closed doors
lost:staticprop:103,lost,models/props/de_nuke/window01.mdl,"[3012.010009765625, -535.0, -340.3630065917969]","[0.0, 269.0, 0.0]",owner-reviewed: separate opening/control geometry; preserve native room/checkpoint door behaviour; no static fake closed doors
lost:staticprop:104,lost,models/props/cs_militia/ladderwood.mdl,"[2820.68994140625, -303.6289978027344, -383.6960144042969]","[15.5, 180.0, 0.0]",owner-reviewed: access/structural or breakable geometry; preserve verified native NAV and passage layout; Source collision/damage model absent
lost:staticprop:109,lost,models/props/cs_militia/ladderwood.mdl,"[1987.68994140625, -303.6289978027344, -383.6960144042969]","[15.5, 0.0, 0.0]",owner-reviewed: access/structural or breakable geometry; preserve verified native NAV and passage layout; Source collision/damage model absent
lost:staticprop:114,lost,models/props_downtown/metal_window01_8.mdl,"[1871.010009765625, -529.0, -374.3630065917969]","[0.0, 0.0, 0.0]",owner-reviewed: separate opening/control geometry; preserve native room/checkpoint door behaviour; no static fake closed doors
lost:staticprop:115,lost,models/props_downtown/metal_window01_8.mdl,"[1969.010009765625, -529.0, -374.3630065917969]","[0.0, 0.0, 0.0]",owner-reviewed: separate opening/control geometry; preserve native room/checkpoint door behaviour; no static fake closed doors
lost:staticprop:117,lost,models/props/de_nuke/window01.mdl,"[2023.010009765625, -535.0, -340.3630065917969]","[0.0, 269.0, 0.0]",owner-reviewed: separate opening/control geometry; preserve native room/checkpoint door behaviour; no static fake closed doors
lost:staticprop:118,lost,models/props/cs_militia/ladderwood.mdl,"[1831.68994140625, -303.6289978027344, -383.6960144042969]","[15.5, 180.0, 0.0]",owner-reviewed: access/structural or breakable geometry; preserve verified native NAV and passage layout; Source collision/damage model absent
lost:staticprop:123,lost,models/props/cs_militia/ladderwood.mdl,"[2803.31005859375, 111.62899780273438, -383.6960144042969]","[15.5, 180.0, 0.0]",owner-reviewed: access/structural or breakable geometry; preserve verified native NAV and passage layout; Source collision/damage model absent
lost:staticprop:128,lost,models/props_downtown/metal_window01_8.mdl,"[2919.989990234375, 337.0, -374.3630065917969]","[0.0, 180.0, 0.0]",owner-reviewed: separate opening/control geometry; preserve native room/checkpoint door behaviour; no static fake closed doors
lost:staticprop:129,lost,models/props_downtown/metal_window01_8.mdl,"[2821.989990234375, 337.0, -374.3630065917969]","[0.0, 180.0, 0.0]",owner-reviewed: separate opening/control geometry; preserve native room/checkpoint door behaviour; no static fake closed doors
lost:staticprop:131,lost,models/props/de_nuke/window01.mdl,"[2767.989990234375, 343.0, -340.3630065917969]","[0.0, 89.0, 0.0]",owner-reviewed: separate opening/control geometry; preserve native room/checkpoint door behaviour; no static fake closed doors
lost:staticprop:132,lost,models/props/cs_militia/ladderwood.mdl,"[2959.31005859375, 111.62899780273438, -383.6960144042969]","[15.5, 0.0, 0.0]",owner-reviewed: access/structural or breakable geometry; preserve verified native NAV and passage layout; Source collision/damage model absent
lost:staticprop:137,lost,models/props/cs_militia/ladderwood.mdl,"[1814.31005859375, 111.62899780273438, -383.6960144042969]","[15.5, 180.0, 0.0]",owner-reviewed: access/structural or breakable geometry; preserve verified native NAV and passage layout; Source collision/damage model absent
lost:staticprop:142,lost,models/props_downtown/metal_window01_8.mdl,"[1930.989990234375, 337.0, -374.3630065917969]","[0.0, 180.0, 0.0]",owner-reviewed: separate opening/control geometry; preserve native room/checkpoint door behaviour; no static fake closed doors
lost:staticprop:143,lost,models/props_downtown/metal_window01_8.mdl,"[1832.989990234375, 337.0, -374.3630065917969]","[0.0, 180.0, 0.0]",owner-reviewed: separate opening/control geometry; preserve native room/checkpoint door behaviour; no static fake closed doors
lost:staticprop:145,lost,models/props/de_nuke/window01.mdl,"[1778.989990234375, 343.0, -340.3630065917969]","[0.0, 89.0, 0.0]",owner-reviewed: separate opening/control geometry; preserve native room/checkpoint door behaviour; no static fake closed doors
lost:staticprop:146,lost,models/props/cs_militia/ladderwood.mdl,"[1970.31005859375, 111.62899780273438, -383.6960144042969]","[15.5, 0.0, 0.0]",owner-reviewed: access/structural or breakable geometry; preserve verified native NAV and passage layout; Source collision/damage model absent
lost:staticprop:151,lost,models/props/cs_militia/ladderwood.mdl,"[1987.68994140625, -303.6289978027344, -622.6959838867188]","[15.5, 0.0, 0.0]",owner-reviewed: access/structural or breakable geometry; preserve verified native NAV and passage layout; Source collision/damage model absent
lost:staticprop:156,lost,models/props_downtown/metal_window01_8.mdl,"[1871.010009765625, -529.0, -613.3629760742188]","[0.0, 0.0, 0.0]",owner-reviewed: separate opening/control geometry; preserve native room/checkpoint door behaviour; no static fake closed doors
lost:staticprop:157,lost,models/props_downtown/metal_window01_8.mdl,"[1969.010009765625, -529.0, -613.3629760742188]","[0.0, 0.0, 0.0]",owner-reviewed: separate opening/control geometry; preserve native room/checkpoint door behaviour; no static fake closed doors
lost:staticprop:159,lost,models/props/de_nuke/window01.mdl,"[2023.010009765625, -535.0, -579.3629760742188]","[0.0, 269.0, 0.0]",owner-reviewed: separate opening/control geometry; preserve native room/checkpoint door behaviour; no static fake closed doors
lost:staticprop:160,lost,models/props/cs_militia/ladderwood.mdl,"[1831.68994140625, -303.6289978027344, -622.6959838867188]","[15.5, 180.0, 0.0]",owner-reviewed: access/structural or breakable geometry; preserve verified native NAV and passage layout; Source collision/damage model absent
lost:staticprop:165,lost,models/props_downtown/metal_window01_8.mdl,"[1832.989990234375, 337.0, -612.3629760742188]","[0.0, 180.0, 0.0]",owner-reviewed: separate opening/control geometry; preserve native room/checkpoint door behaviour; no static fake closed doors
lost:staticprop:166,lost,models/props/cs_militia/ladderwood.mdl,"[-80.32080078125, -147.62899780273438, 98.00980377197266]","[15.5, 0.0, 0.0]",owner-reviewed: access/structural or breakable geometry; preserve verified native NAV and passage layout; Source collision/damage model absent
lost:staticprop:171,lost,models/props_downtown/metal_window01_8.mdl,"[-197.0, -373.0, 107.34300231933594]","[0.0, 0.0, 0.0]",owner-reviewed: separate opening/control geometry; preserve native room/checkpoint door behaviour; no static fake closed doors
lost:staticprop:172,lost,models/props_downtown/metal_window01_8.mdl,"[-99.0, -373.0, 107.34300231933594]","[0.0, 0.0, 0.0]",owner-reviewed: separate opening/control geometry; preserve native room/checkpoint door behaviour; no static fake closed doors
lost:staticprop:174,lost,models/props/de_nuke/window01.mdl,"[-45.0, -379.0, 141.34300231933594]","[0.0, 269.0, 0.0]",owner-reviewed: separate opening/control geometry; preserve native room/checkpoint door behaviour; no static fake closed doors
lost:staticprop:175,lost,models/props/cs_militia/ladderwood.mdl,"[-236.3209991455078, -147.62899780273438, 98.00980377197266]","[15.5, 180.0, 0.0]",owner-reviewed: access/structural or breakable geometry; preserve verified native NAV and passage layout; Source collision/damage model absent
lost:staticprop:180,lost,models/props/cs_militia/ladderwood.mdl,"[-412.3210144042969, -147.62899780273438, 98.00980377197266]","[15.5, 0.0, 0.0]",owner-reviewed: access/structural or breakable geometry; preserve verified native NAV and passage layout; Source collision/damage model absent
lost:staticprop:185,lost,models/props_downtown/metal_window01_8.mdl,"[-529.0, -373.0, 107.34300231933594]","[0.0, 0.0, 0.0]",owner-reviewed: separate opening/control geometry; preserve native room/checkpoint door behaviour; no static fake closed doors
lost:staticprop:186,lost,models/props_downtown/metal_window01_8.mdl,"[-431.0, -373.0, 107.34300231933594]","[0.0, 0.0, 0.0]",owner-reviewed: separate opening/control geometry; preserve native room/checkpoint door behaviour; no static fake closed doors
lost:staticprop:188,lost,models/props/de_nuke/window01.mdl,"[-377.0, -379.0, 141.34300231933594]","[0.0, 269.0, 0.0]",owner-reviewed: separate opening/control geometry; preserve native room/checkpoint door behaviour; no static fake closed doors
lost:staticprop:189,lost,models/props/cs_militia/ladderwood.mdl,"[-568.3209838867188, -147.62899780273438, 98.00980377197266]","[15.5, 180.0, 0.0]",owner-reviewed: access/structural or breakable geometry; preserve verified native NAV and passage layout; Source collision/damage model absent
lost:staticprop:194,lost,models/props_interiors/water_cooler.mdl,"[-81.0, -122.0, 65.0]","[0.0, 175.5, 0.0]",owner-reviewed model group; outside requested bed/table/cabinet/chair/lighting scope; exact mesh or interactive state unavailable
lost:staticprop:195,lost,models/props/cs_militia/ladderwood.mdl,"[1074.6300048828125, 278.6289978027344, 98.00980377197266]","[15.5, 180.0, 0.0]",owner-reviewed: access/structural or breakable geometry; preserve verified native NAV and passage layout; Source collision/damage model absent
lost:staticprop:200,lost,models/props_downtown/metal_window01_8.mdl,"[1191.31005859375, 504.0, 107.34300231933594]","[0.0, 180.0, 0.0]",owner-reviewed: separate opening/control geometry; preserve native room/checkpoint door behaviour; no static fake closed doors
lost:staticprop:201,lost,models/props_downtown/metal_window01_8.mdl,"[1093.31005859375, 504.0, 107.34300231933594]","[0.0, 180.0, 0.0]",owner-reviewed: separate opening/control geometry; preserve native room/checkpoint door behaviour; no static fake closed doors
lost:staticprop:203,lost,models/props/de_nuke/window01.mdl,"[1039.31005859375, 510.0, 141.34300231933594]","[0.0, 89.0, 0.0]",owner-reviewed: separate opening/control geometry; preserve native room/checkpoint door behaviour; no static fake closed doors
lost:staticprop:204,lost,models/props/cs_militia/ladderwood.mdl,"[1230.6300048828125, 278.6289978027344, 98.00980377197266]","[15.5, 0.0, 0.0]",owner-reviewed: access/structural or breakable geometry; preserve verified native NAV and passage layout; Source collision/damage model absent
lost:staticprop:209,lost,models/props/cs_militia/ladderwood.mdl,"[742.4769897460938, 278.6289978027344, 98.00980377197266]","[15.5, 180.0, 0.0]",owner-reviewed: access/structural or breakable geometry; preserve verified native NAV and passage layout; Source collision/damage model absent
lost:staticprop:214,lost,models/props_downtown/metal_window01_8.mdl,"[859.156005859375, 504.0, 107.34300231933594]","[0.0, 180.0, 0.0]",owner-reviewed: separate opening/control geometry; preserve native room/checkpoint door behaviour; no static fake closed doors
lost:staticprop:215,lost,models/props_downtown/metal_window01_8.mdl,"[761.156005859375, 504.0, 107.34300231933594]","[0.0, 180.0, 0.0]",owner-reviewed: separate opening/control geometry; preserve native room/checkpoint door behaviour; no static fake closed doors
lost:staticprop:217,lost,models/props/de_nuke/window01.mdl,"[707.156005859375, 510.0, 141.34300231933594]","[0.0, 89.0, 0.0]",owner-reviewed: separate opening/control geometry; preserve native room/checkpoint door behaviour; no static fake closed doors
lost:staticprop:218,lost,models/props/cs_militia/ladderwood.mdl,"[898.4769897460938, 278.6289978027344, 98.00980377197266]","[15.5, 0.0, 0.0]",owner-reviewed: access/structural or breakable geometry; preserve verified native NAV and passage layout; Source collision/damage model absent
lost:staticprop:222,lost,models/props_unique/wooden_barricade_break1.mdl,"[1372.0, 102.0, 66.0]","[0.0, 92.5, 0.0]",owner-reviewed: access/structural or breakable geometry; preserve verified native NAV and passage layout; Source collision/damage model absent
lost:staticprop:223,lost,models/props_unique/wooden_barricade_break1.mdl,"[1384.0, 0.0, 66.0]","[0.0, 12.5, 0.0]",owner-reviewed: access/structural or breakable geometry; preserve verified native NAV and passage layout; Source collision/damage model absent
lost:staticprop:224,lost,models/props_office/vending_machine01.mdl,"[1642.8499755859375, -18.970600128173828, 99.0]","[81.93810272216797, 203.92100524902344, -97.14869689941406]",owner-reviewed model group; outside requested bed/table/cabinet/chair/lighting scope; exact mesh or interactive state unavailable
lost:staticprop:225,lost,models/props/cs_office/vending_machine.mdl,"[1709.8499755859375, -2.970629930496216, 66.0]","[0.0, 261.0, 0.0]",owner-reviewed model group; outside requested bed/table/cabinet/chair/lighting scope; exact mesh or interactive state unavailable
lost:staticprop:226,lost,models/props/cs_militia/ladderwood.mdl,"[-917.6840209960938, 278.6289978027344, 98.00980377197266]","[15.5, 180.0, 0.0]",owner-reviewed: access/structural or breakable geometry; preserve verified native NAV and passage layout; Source collision/damage model absent
lost:staticprop:231,lost,models/props_downtown/metal_window01_8.mdl,"[-801.0040283203125, 504.0, 107.34300231933594]","[0.0, 180.0, 0.0]",owner-reviewed: separate opening/control geometry; preserve native room/checkpoint door behaviour; no static fake closed doors
lost:staticprop:232,lost,models/props_downtown/metal_window01_8.mdl,"[-899.0040283203125, 504.0, 107.34300231933594]","[0.0, 180.0, 0.0]",owner-reviewed: separate opening/control geometry; preserve native room/checkpoint door behaviour; no static fake closed doors
lost:staticprop:234,lost,models/props/de_nuke/window01.mdl,"[-953.0040283203125, 510.0, 141.34300231933594]","[0.0, 89.0, 0.0]",owner-reviewed: separate opening/control geometry; preserve native room/checkpoint door behaviour; no static fake closed doors
lost:staticprop:235,lost,models/props/cs_militia/ladderwood.mdl,"[-761.6840209960938, 278.6289978027344, 98.00980377197266]","[15.5, 0.0, 0.0]",owner-reviewed: access/structural or breakable geometry; preserve verified native NAV and passage layout; Source collision/damage model absent
lost:staticprop:240,lost,models/props_c17/handrail04_doublerise.mdl,"[-1490.0, -162.8719940185547, 23.45840072631836]","[0.0, 0.0, 0.8567090034484863]",owner-reviewed: access/structural or breakable geometry; preserve verified native NAV and passage layout; Source collision/damage model absent
lost:staticprop:241,lost,models/props_c17/handrail04_doublerise.mdl,"[-1503.0, -147.66700744628906, -92.0]","[0.0, 180.0, 0.0]",owner-reviewed: access/structural or breakable geometry; preserve verified native NAV and passage layout; Source collision/damage model absent
lost:staticprop:242,lost,models/props/cs_militia/ladderwood.mdl,"[-1076.3199462890625, -146.62899780273438, -142.33399963378906]","[15.5, 0.0, 0.0]",owner-reviewed: access/structural or breakable geometry; preserve verified native NAV and passage layout; Source collision/damage model absent
lost:staticprop:247,lost,models/props_downtown/metal_window01_8.mdl,"[-1193.0, -372.0, -133.00100708007812]","[0.0, 0.0, 0.0]",owner-reviewed: separate opening/control geometry; preserve native room/checkpoint door behaviour; no static fake closed doors
lost:staticprop:248,lost,models/props_downtown/metal_window01_8.mdl,"[-1095.0, -372.0, -133.00100708007812]","[0.0, 0.0, 0.0]",owner-reviewed: separate opening/control geometry; preserve native room/checkpoint door behaviour; no static fake closed doors
lost:staticprop:250,lost,models/props/de_nuke/window01.mdl,"[-1041.0, -378.0, -99.00070190429688]","[0.0, 269.0, 0.0]",owner-reviewed: separate opening/control geometry; preserve native room/checkpoint door behaviour; no static fake closed doors
lost:staticprop:251,lost,models/props/cs_militia/ladderwood.mdl,"[-1232.3199462890625, -146.62899780273438, -142.33399963378906]","[15.5, 180.0, 0.0]",owner-reviewed: access/structural or breakable geometry; preserve verified native NAV and passage layout; Source collision/damage model absent
lost:staticprop:256,lost,models/props_c17/handrail04_doublerise.mdl,"[-1500.0, -171.1739959716797, 140.0]","[0.0, 180.0, 0.0]",owner-reviewed: access/structural or breakable geometry; preserve verified native NAV and passage layout; Source collision/damage model absent
lost:staticprop:257,lost,models/props_downtown/metal_door_doublewide_112_16_frame.mdl,"[-1555.0, -9.0, 65.0]","[0.0, 270.0, 0.0]",owner-reviewed: separate opening/control geometry; preserve native room/checkpoint door behaviour; no static fake closed doors
lost:staticprop:258,lost,models/props_fairgrounds/monitor_speaker.mdl,"[-360.0, -103.0, 102.0]","[0.0, 0.0, 0.0]",owner-reviewed model group; outside requested bed/table/cabinet/chair/lighting scope; exact mesh or interactive state unavailable
lost:staticprop:260,lost,models/props_lab/powerbox01a.mdl,"[-1640.300048828125, 19.0, 154.0]","[-3.8689799308776855, 239.97799682617188, 179.83900451660156]",owner-reviewed model group; outside requested bed/table/cabinet/chair/lighting scope; exact mesh or interactive state unavailable
lost:staticprop:261,lost,models/props_lab/powerbox01a.mdl,"[-1635.300048828125, 111.0, 147.0]","[5.1679301261901855, 59.96269989013672, -0.9132050275802612]",owner-reviewed model group; outside requested bed/table/cabinet/chair/lighting scope; exact mesh or interactive state unavailable
lost:staticprop:268,lost,models/props_mill/brickwall_broken01_b.mdl,"[673.0, 385.0, 65.0]","[0.0, 269.0, 0.0]",owner-reviewed model group; outside requested bed/table/cabinet/chair/lighting scope; exact mesh or interactive state unavailable
lost:staticprop:269,lost,models/props_c17/handrail04_doublerise.mdl,"[-1481.0, -194.8719940185547, 255.45799255371094]","[0.0, 0.0, 0.8567090034484863]",owner-reviewed: access/structural or breakable geometry; preserve verified native NAV and passage layout; Source collision/damage model absent
lost:staticprop:270,lost,models/props_unique/infectedbreakwall01_2x4core_main.mdl,"[-1500.0, -377.0, 16.25]","[0.0, 269.5, 0.0]",owner-reviewed: access/structural or breakable geometry; preserve verified native NAV and passage layout; Source collision/damage model absent
lost:staticprop:271,lost,models/props_interiors/railing_128_breakable01.mdl,"[-1571.0, -372.0, -55.0]","[0.0, 270.0, 0.0]",owner-reviewed: access/structural or breakable geometry; preserve verified native NAV and passage layout; Source collision/damage model absent
lost:staticprop:272,lost,models/props_interiors/railing_128_breakable01.mdl,"[-1571.0, -369.0, 177.75]","[0.0, 270.0, 0.0]",owner-reviewed: access/structural or breakable geometry; preserve verified native NAV and passage layout; Source collision/damage model absent
lost:staticprop:273,lost,models/props_unique/infectedbreakwall01_2x4core_main.mdl,"[-1500.0, -374.0, 249.0]","[0.0, 269.5, 0.0]",owner-reviewed: access/structural or breakable geometry; preserve verified native NAV and passage layout; Source collision/damage model absent
lost:staticprop:276,lost,models/props_downtown/metal_door_doublewide_112_16_frame.mdl,"[-1555.0, -7.0, -175.0]","[0.0, 270.0, 0.0]",owner-reviewed: separate opening/control geometry; preserve native room/checkpoint door behaviour; no static fake closed doors
lost:staticprop:277,lost,models/props_c17/handrail04_doublerise.mdl,"[-1490.0, -152.2689971923828, -216.54200744628906]","[0.0, 0.0, 0.8567090034484863]",owner-reviewed: access/structural or breakable geometry; preserve verified native NAV and passage layout; Source collision/damage model absent
lost:staticprop:278,lost,models/props_unique/wooden_barricade_break1.mdl,"[-1067.0, 58.0, -176.0]","[0.0, 92.5, 0.0]",owner-reviewed: access/structural or breakable geometry; preserve verified native NAV and passage layout; Source collision/damage model absent
lost:staticprop:279,lost,models/props_unique/wooden_barricade_break1.mdl,"[-1009.0499877929688, 73.0, -176.0]","[0.0, 272.0, 0.0]",owner-reviewed: access/structural or breakable geometry; preserve verified native NAV and passage layout; Source collision/damage model absent
lost:staticprop:280,lost,models/props_unique/wooden_barricade_break1.mdl,"[-1003.0, 65.0, -19.0]","[-2.4984800815582275, 87.99810028076172, -179.91299438476562]",owner-reviewed: access/structural or breakable geometry; preserve verified native NAV and passage layout; Source collision/damage model absent
lost:staticprop:281,lost,models/props/cs_militia/ladderwood.mdl,"[-2405.320068359375, -146.62899780273438, -142.33399963378906]","[15.5, 0.0, 0.0]",owner-reviewed: access/structural or breakable geometry; preserve verified native NAV and passage layout; Source collision/damage model absent
lost:staticprop:286,lost,models/props_downtown/metal_window01_8.mdl,"[-2522.0, -372.0, -133.00100708007812]","[0.0, 0.0, 0.0]",owner-reviewed: separate opening/control geometry; preserve native room/checkpoint door behaviour; no static fake closed doors
lost:staticprop:287,lost,models/props_downtown/metal_window01_8.mdl,"[-2424.0, -372.0, -133.00100708007812]","[0.0, 0.0, 0.0]",owner-reviewed: separate opening/control geometry; preserve native room/checkpoint door behaviour; no static fake closed doors
lost:staticprop:289,lost,models/props/de_nuke/window01.mdl,"[-2370.0, -378.0, -99.00070190429688]","[0.0, 269.0, 0.0]",owner-reviewed: separate opening/control geometry; preserve native room/checkpoint door behaviour; no static fake closed doors
lost:staticprop:290,lost,models/props/cs_militia/ladderwood.mdl,"[-2561.320068359375, -146.62899780273438, -142.33399963378906]","[15.5, 180.0, 0.0]",owner-reviewed: access/structural or breakable geometry; preserve verified native NAV and passage layout; Source collision/damage model absent
lost:staticprop:295,lost,models/props/cs_militia/ladderwood.mdl,"[-3402.320068359375, -146.62899780273438, -142.33399963378906]","[15.5, 0.0, 0.0]",owner-reviewed: access/structural or breakable geometry; preserve verified native NAV and passage layout; Source collision/damage model absent
lost:staticprop:300,lost,models/props_downtown/metal_window01_8.mdl,"[-3519.0, -372.0, -133.00100708007812]","[0.0, 0.0, 0.0]",owner-reviewed: separate opening/control geometry; preserve native room/checkpoint door behaviour; no static fake closed doors
lost:staticprop:301,lost,models/props_downtown/metal_window01_8.mdl,"[-3421.0, -372.0, -133.00100708007812]","[0.0, 0.0, 0.0]",owner-reviewed: separate opening/control geometry; preserve native room/checkpoint door behaviour; no static fake closed doors
lost:staticprop:303,lost,models/props/de_nuke/window01.mdl,"[-3367.0, -378.0, -99.00070190429688]","[0.0, 269.0, 0.0]",owner-reviewed: separate opening/control geometry; preserve native room/checkpoint door behaviour; no static fake closed doors
lost:staticprop:304,lost,models/props/cs_militia/ladderwood.mdl,"[-3558.320068359375, -146.62899780273438, -142.33399963378906]","[15.5, 180.0, 0.0]",owner-reviewed: access/structural or breakable geometry; preserve verified native NAV and passage layout; Source collision/damage model absent
lost:staticprop:313,lost,models/props_downtown/metal_window01_8.mdl,"[-3149.0, 503.0, -133.36300659179688]","[0.0, 180.0, 0.0]",owner-reviewed: separate opening/control geometry; preserve native room/checkpoint door behaviour; no static fake closed doors
lost:staticprop:314,lost,models/props_downtown/metal_window01_8.mdl,"[-3247.0, 503.0, -133.36300659179688]","[0.0, 180.0, 0.0]",owner-reviewed: separate opening/control geometry; preserve native room/checkpoint door behaviour; no static fake closed doors
lost:staticprop:316,lost,models/props/de_nuke/window01.mdl,"[-3301.0, 509.0, -99.36299896240234]","[0.0, 89.0, 0.0]",owner-reviewed: separate opening/control geometry; preserve native room/checkpoint door behaviour; no static fake closed doors
lost:staticprop:317,lost,models/props/cs_militia/ladderwood.mdl,"[-3109.679931640625, 277.6289978027344, -142.6959991455078]","[15.5, 0.0, 0.0]",owner-reviewed: access/structural or breakable geometry; preserve verified native NAV and passage layout; Source collision/damage model absent
lost:staticprop:322,lost,models/props_office/vending_machine01.mdl,"[-3492.0, 139.0, -169.0]","[-17.31800079345703, 210.8489990234375, 2.011280059814453]",owner-reviewed model group; outside requested bed/table/cabinet/chair/lighting scope; exact mesh or interactive state unavailable
lost:staticprop:323,lost,models/props_doors/doorglassmain01_small_dm03_a.mdl,"[-3556.0, 82.0, -123.0]","[-2.0554800033569336, 321.9469909667969, -85.75789642333984]",owner-reviewed: separate opening/control geometry; preserve native room/checkpoint door behaviour; no static fake closed doors
lost:staticprop:324,lost,models/props_doors/doorglassmain01_small_dm03_g.mdl,"[-3544.0, 12.0, -166.0]","[66.88189697265625, 111.26799774169922, 114.26499938964844]",owner-reviewed: separate opening/control geometry; preserve native room/checkpoint door behaviour; no static fake closed doors
lost:staticprop:325,lost,models/props_doors/doorglassmain01_small_dm03_c.mdl,"[-3490.0, 57.0, -173.0]","[83.0, 0.0, -46.0]",owner-reviewed: separate opening/control geometry; preserve native room/checkpoint door behaviour; no static fake closed doors
lost:staticprop:326,lost,models/props_doors/doorglassmain01_small_dm03_b.mdl,"[-3490.179931640625, 42.0, -173.0]","[0.0, 0.0, 39.5]",owner-reviewed: separate opening/control geometry; preserve native room/checkpoint door behaviour; no static fake closed doors
lost:staticprop:327,lost,models/props_doors/doorglassmain01_small_dm03_h.mdl,"[-3417.0, 24.0, -173.0]","[89.5, 0.0, 5.5]",owner-reviewed: separate opening/control geometry; preserve native room/checkpoint door behaviour; no static fake closed doors
lost:staticprop:328,lost,models/props_vents/ventbreakable01_dm01_frame.mdl,"[-3340.0, 471.0, -146.0]","[0.0, 0.0, 0.0]",owner-reviewed model group; outside requested bed/table/cabinet/chair/lighting scope; exact mesh or interactive state unavailable
lost:staticprop:329,lost,models/props_c17/handrail04_brokenlong.mdl,"[-3584.0, 314.0, -156.0]","[0.0, 312.5, 0.0]",owner-reviewed: access/structural or breakable geometry; preserve verified native NAV and passage layout; Source collision/damage model absent
lost:staticprop:330,lost,models/props_c17/handrail04_long.mdl,"[-3631.0, 207.0, -156.0]","[0.0, 180.5, 0.0]",owner-reviewed: access/structural or breakable geometry; preserve verified native NAV and passage layout; Source collision/damage model absent
lost:staticprop:331,lost,models/props_c17/handrail04_brokencorner.mdl,"[-3615.0, 489.0, -176.0]","[0.0, 271.5, 0.0]",owner-reviewed: access/structural or breakable geometry; preserve verified native NAV and passage layout; Source collision/damage model absent
lost:staticprop:332,lost,models/props_c17/handrail04_long.mdl,"[-3537.0, 504.0, -156.0]","[0.0, 269.5, 0.0]",owner-reviewed: access/structural or breakable geometry; preserve verified native NAV and passage layout; Source collision/damage model absent
lost:staticprop:333,lost,models/props_c17/handrail04_long.mdl,"[-3410.0, 503.0, -156.0]","[0.0, 269.5, 0.0]",owner-reviewed: access/structural or breakable geometry; preserve verified native NAV and passage layout; Source collision/damage model absent
lost:staticprop:334,lost,models/props_office/vending_machine01.mdl,"[-3344.0, 300.3210144042969, -155.0]","[-88.8552017211914, 248.7030029296875, 107.96800231933594]",owner-reviewed model group; outside requested bed/table/cabinet/chair/lighting scope; exact mesh or interactive state unavailable
lost:staticprop:335,lost,models/props_rooftop/train_signalbox_01.mdl,"[-3364.300048828125, 389.0, -174.91400146484375]","[0.0, 180.0, 0.0]",owner-reviewed model group; outside requested bed/table/cabinet/chair/lighting scope; exact mesh or interactive state unavailable
lost:staticprop:336,lost,models/deadbodies/dead_male_torso_01.mdl,"[-3435.0, 325.3210144042969, -172.91400146484375]","[0.0, 297.5, 0.0]",owner-reviewed: compound corpse/setpiece mesh; generic furniture boxes would misrepresent it; exact Source mesh absent
lost:staticprop:337,lost,models/deadbodies/dead_male_legs_01.mdl,"[-3412.0, 288.3210144042969, -174.91400146484375]","[0.0, 277.0, 0.0]",owner-reviewed: compound corpse/setpiece mesh; generic furniture boxes would misrepresent it; exact Source mesh absent
lost:staticprop:339,lost,models/props/de_nuke/window01.mdl,"[-3638.0, 92.0, -81.0]","[0.0, 0.47974899411201477, 0.0]",owner-reviewed: separate opening/control geometry; preserve native room/checkpoint door behaviour; no static fake closed doors
lost:staticprop:340,lost,models/props/de_nuke/window01.mdl,"[-3638.0, 37.0, -81.0]","[0.0, 359.5, 0.0]",owner-reviewed: separate opening/control geometry; preserve native room/checkpoint door behaviour; no static fake closed doors
lost:staticprop:341,lost,models/props/de_nuke/window01.mdl,"[-3638.0, 92.0, -323.0]","[0.0, 0.47974899411201477, 0.0]",owner-reviewed: separate opening/control geometry; preserve native room/checkpoint door behaviour; no static fake closed doors
lost:staticprop:342,lost,models/props/de_nuke/window01.mdl,"[-3638.0, 37.0, -323.0]","[0.0, 359.5, 0.0]",owner-reviewed: separate opening/control geometry; preserve native room/checkpoint door behaviour; no static fake closed doors
lost:staticprop:343,lost,models/props_mill/wood_stack.mdl,"[-3638.0, 423.0, -410.66400146484375]","[0.0, 0.0, 0.0]",owner-reviewed model group; outside requested bed/table/cabinet/chair/lighting scope; exact mesh or interactive state unavailable
lost:staticprop:344,lost,models/props_mill/wood_stack.mdl,"[-3621.0, 377.0, -409.66400146484375]","[0.0, 0.0, 0.0]",owner-reviewed model group; outside requested bed/table/cabinet/chair/lighting scope; exact mesh or interactive state unavailable
lost:staticprop:345,lost,models/props_mill/wood_stack.mdl,"[-3486.0, 425.0, -401.66400146484375]","[0.0, 0.0, 0.0]",owner-reviewed model group; outside requested bed/table/cabinet/chair/lighting scope; exact mesh or interactive state unavailable
lost:staticprop:346,lost,models/props_mill/wood_stack.mdl,"[-3509.0, 334.0, -415.66400146484375]","[0.0, 36.5, 0.0]",owner-reviewed model group; outside requested bed/table/cabinet/chair/lighting scope; exact mesh or interactive state unavailable
lost:staticprop:347,lost,models/props_exteriors/wood_railing002.mdl,"[-3542.0, 460.0, -409.66400146484375]","[0.0, 90.0, 0.0]",owner-reviewed: access/structural or breakable geometry; preserve verified native NAV and passage layout; Source collision/damage model absent
lost:staticprop:348,lost,models/props_rooftop/train_signalbox_01.mdl,"[-3364.0, 389.0, -416.0]","[0.0, 180.0, 0.0]",owner-reviewed model group; outside requested bed/table/cabinet/chair/lighting scope; exact mesh or interactive state unavailable
lost:staticprop:349,lost,models/props/cs_militia/ladderwood.mdl,"[-3265.68994140625, 277.6289978027344, -383.6960144042969]","[15.5, 180.0, 0.0]",owner-reviewed: access/structural or breakable geometry; preserve verified native NAV and passage layout; Source collision/damage model absent
lost:staticprop:354,lost,models/props_downtown/metal_window01_8.mdl,"[-3149.010009765625, 503.0, -374.3630065917969]","[0.0, 180.0, 0.0]",owner-reviewed: separate opening/control geometry; preserve native room/checkpoint door behaviour; no static fake closed doors
lost:staticprop:355,lost,models/props_downtown/metal_window01_8.mdl,"[-3247.010009765625, 503.0, -374.3630065917969]","[0.0, 180.0, 0.0]",owner-reviewed: separate opening/control geometry; preserve native room/checkpoint door behaviour; no static fake closed doors
lost:staticprop:357,lost,models/props/de_nuke/window01.mdl,"[-3301.010009765625, 509.0, -340.3630065917969]","[0.0, 89.0, 0.0]",owner-reviewed: separate opening/control geometry; preserve native room/checkpoint door behaviour; no static fake closed doors
lost:staticprop:358,lost,models/props/cs_militia/ladderwood.mdl,"[-3109.68994140625, 277.6289978027344, -383.6960144042969]","[15.5, 0.0, 0.0]",owner-reviewed: access/structural or breakable geometry; preserve verified native NAV and passage layout; Source collision/damage model absent
lost:staticprop:363,lost,models/props_downtown/metal_door_doublewide_112_16_frame.mdl,"[-1554.0, -7.0, -418.0]","[0.0, 270.0, 0.0]",owner-reviewed: separate opening/control geometry; preserve native room/checkpoint door behaviour; no static fake closed doors
lost:staticprop:364,lost,models/props_downtown/metal_door_doublewide_112_16_frame.mdl,"[1726.0, -152.0, -416.3559875488281]","[0.0, 0.0, 0.0]",owner-reviewed: separate opening/control geometry; preserve native room/checkpoint door behaviour; no static fake closed doors
lost:staticprop:365,lost,models/props_windows/window_industrial.mdl,"[-328.40301513671875, 33.0, -417.0]","[0.0, 0.0, 0.0]",owner-reviewed: separate opening/control geometry; preserve native room/checkpoint door behaviour; no static fake closed doors
lost:staticprop:366,lost,models/props_windows/window_industrial.mdl,"[-328.40301513671875, 98.0, -417.0]","[0.0, 0.0, 0.0]",owner-reviewed: separate opening/control geometry; preserve native room/checkpoint door behaviour; no static fake closed doors
lost:staticprop:367,lost,models/props_windows/window_industrial.mdl,"[-328.40301513671875, 33.0, -329.0]","[0.0, 0.0, 0.0]",owner-reviewed: separate opening/control geometry; preserve native room/checkpoint door behaviour; no static fake closed doors
lost:staticprop:368,lost,models/props_windows/window_industrial.mdl,"[-328.40301513671875, 98.0, -329.0]","[0.0, 0.0, 0.0]",owner-reviewed: separate opening/control geometry; preserve native room/checkpoint door behaviour; no static fake closed doors
lost:staticprop:369,lost,models/props_unique/wooden_barricade_break3.mdl,"[2935.0, -94.0, -414.5989990234375]","[0.0, 271.0, 0.0]",owner-reviewed: access/structural or breakable geometry; preserve verified native NAV and passage layout; Source collision/damage model absent
lost:staticprop:370,lost,models/props_unique/wooden_barricade_break2.mdl,"[3053.3701171875, -93.0, -406.5989990234375]","[0.0, 116.5, 0.0]",owner-reviewed: access/structural or breakable geometry; preserve verified native NAV and passage layout; Source collision/damage model absent
lost:staticprop:371,lost,models/props_unique/wooden_barricade_break1.mdl,"[3156.0, -86.11499786376953, -406.5989990234375]","[0.0, 330.0, 0.0]",owner-reviewed: access/structural or breakable geometry; preserve verified native NAV and passage layout; Source collision/damage model absent
lost:staticprop:372,lost,models/props_interiors/breakwall_interior.mdl,"[2768.0, -95.0, -421.0]","[89.5, 0.0, 0.0]",owner-reviewed: access/structural or breakable geometry; preserve verified native NAV and passage layout; Source collision/damage model absent
lost:staticprop:377,lost,models/props_downtown/metal_door_doublewide_112_16_frame.mdl,"[1726.0, -152.0, -656.3560180664062]","[0.0, 0.0, 0.0]",owner-reviewed: separate opening/control geometry; preserve native room/checkpoint door behaviour; no static fake closed doors
lost:staticprop:378,lost,models/deadbodies/riot/riot_truck_a.mdl,"[2068.0, -109.0, -736.0]","[-11.5, 0.0, 0.0]",owner-reviewed: compound corpse/setpiece mesh; generic furniture boxes would misrepresent it; exact Source mesh absent
lost:staticprop:379,lost,models/deadbodies/cemetary/fence_a.mdl,"[1322.0, 34.0, 112.0]","[0.0, 178.5, 0.0]",owner-reviewed: compound corpse/setpiece mesh; generic furniture boxes would misrepresent it; exact Source mesh absent
lost:staticprop:380,lost,models/deadbodies/bodies96_a.mdl,"[948.0, 28.0, 66.0]","[0.0, 272.0, 0.0]",owner-reviewed: compound corpse/setpiece mesh; generic furniture boxes would misrepresent it; exact Source mesh absent
lost:staticprop:381,lost,models/deadbodies/bodies128_a.mdl,"[-292.0, 80.0, 65.0]","[0.0, 257.0, 0.0]",owner-reviewed: compound corpse/setpiece mesh; generic furniture boxes would misrepresent it; exact Source mesh absent
lost:staticprop:382,lost,models/deadbodies/bodieshall128.mdl,"[-1275.0, 69.0, 68.0]","[0.0, 268.5, 0.0]",owner-reviewed: compound corpse/setpiece mesh; generic furniture boxes would misrepresent it; exact Source mesh absent
lost:staticprop:383,lost,models/deadbodies/cemetary/wall_192_b.mdl,"[-611.0, 66.0, 69.0]","[0.0, 263.0, 0.0]",owner-reviewed: compound corpse/setpiece mesh; generic furniture boxes would misrepresent it; exact Source mesh absent
lost:staticprop:384,lost,models/deadbodies/cemetary/pose_a.mdl,"[-1520.0, 42.0, 68.0]","[0.0, 42.0, 0.0]",owner-reviewed: compound corpse/setpiece mesh; generic furniture boxes would misrepresent it; exact Source mesh absent
lost:staticprop:385,lost,models/deadbodies/cemetary/wall_192_c.mdl,"[-1450.0, -363.0, -56.0]","[0.0, 84.0, 0.0]",owner-reviewed: compound corpse/setpiece mesh; generic furniture boxes would misrepresent it; exact Source mesh absent
lost:staticprop:386,lost,models/deadbodies/default/oval_128_a.mdl,"[-1644.449951171875, 42.0, -178.0]","[0.0, 0.0, 0.0]",owner-reviewed: compound corpse/setpiece mesh; generic furniture boxes would misrepresent it; exact Source mesh absent
lost:staticprop:387,lost,models/deadbodies/default/oval_128_b.mdl,"[-2286.0, 55.0, -175.0]","[0.0, 272.0, 0.0]",owner-reviewed: compound corpse/setpiece mesh; generic furniture boxes would misrepresent it; exact Source mesh absent
lost:staticprop:388,lost,models/deadbodies/dead_female_civilian_02.mdl,"[-327.0, -361.0, -413.0]","[0.0, 93.5, 0.0]",owner-reviewed: compound corpse/setpiece mesh; generic furniture boxes would misrepresent it; exact Source mesh absent
lost:staticprop:389,lost,models/deadbodies/default/wall_192_a.mdl,"[1036.0, 96.0, -416.0]","[0.0, 264.0, 0.0]",owner-reviewed: compound corpse/setpiece mesh; generic furniture boxes would misrepresent it; exact Source mesh absent
lost:staticprop:391,lost,models/props/cs_office/ladder1.mdl,"[-3535.0, 378.0, -256.0]","[0.0, 229.0, 0.0]",owner-reviewed: access/structural or breakable geometry; preserve verified native NAV and passage layout; Source collision/damage model absent
lost:staticprop:392,lost,models/props_unique/skybox_cityscape_highrise.mdl,"[-552.0, 1549.0, -367.0]","[0.0, 271.0, 0.0]",owner-reviewed: skybox scale/origin cannot be inferred as ordinary room furniture
lost:staticprop:393,lost,models/props_unique/skybox_cityscape_highrise.mdl,"[-174.0, 1558.0, -366.0]","[0.0, 91.5, 0.0]",owner-reviewed: skybox scale/origin cannot be inferred as ordinary room furniture
lost:staticprop:394,lost,models/props/cs_assault/camera.mdl,"[-1566.4599609375, 0.02261349931359291, 206.406005859375]","[0.0, 0.0, 0.0]",owner-reviewed model group; outside requested bed/table/cabinet/chair/lighting scope; exact mesh or interactive state unavailable
lost:staticprop:395,lost,models/props/cs_assault/camera.mdl,"[-1430.300048828125, 1.0226099491119385, -41.68259811401367]","[0.0, 0.0, 0.0]",owner-reviewed model group; outside requested bed/table/cabinet/chair/lighting scope; exact mesh or interactive state unavailable
lost:staticprop:396,lost,models/props/cs_assault/camera.mdl,"[-3587.449951171875, 1.0226099491119385, -28.77120018005371]","[0.0, 0.0, 0.0]",owner-reviewed model group; outside requested bed/table/cabinet/chair/lighting scope; exact mesh or interactive state unavailable
lost:staticprop:397,lost,models/props/cs_assault/camera.mdl,"[-3582.550048828125, 1.0226099491119385, -263.3479919433594]","[0.0, 0.0, 0.0]",owner-reviewed model group; outside requested bed/table/cabinet/chair/lighting scope; exact mesh or interactive state unavailable
lost:staticprop:398,lost,models/props/cs_assault/camera.mdl,"[-1386.8299560546875, 1.0226099491119385, -271.8370056152344]","[0.0, 0.0, 0.0]",owner-reviewed model group; outside requested bed/table/cabinet/chair/lighting scope; exact mesh or interactive state unavailable
lost:staticprop:399,lost,models/props/cs_assault/camera.mdl,"[1313.0, 163.0, -292.3089904785156]","[0.0, 270.5, 0.0]",owner-reviewed model group; outside requested bed/table/cabinet/chair/lighting scope; exact mesh or interactive state unavailable
lost:staticprop:400,lost,models/props/cs_assault/camera.mdl,"[1321.3199462890625, 196.1320037841797, -529.1680297851562]","[0.0, 270.5, 0.0]",owner-reviewed model group; outside requested bed/table/cabinet/chair/lighting scope; exact mesh or interactive state unavailable
lost:entity:61823,lost,models/props_doors/doormainmetal01.mdl,"[-2170.01, 139.0, -364.363]","[0.0, 89.5, 0.0]",owner-reviewed: separate opening/control geometry; preserve native room/checkpoint door behaviour; no static fake closed doors
lost:entity:61840,lost,models/props_doors/doormain01.mdl,"[-2272.01, 489.0, -364.363]","[0.0, 181.0, 0.0]",owner-reviewed: separate opening/control geometry; preserve native room/checkpoint door behaviour; no static fake closed doors
lost:entity:61521,lost,models/props_doors/doormainmetal01.mdl,"[-2817.0, 139.018, -364.014]","[0.0, 90.008, 0.0]",owner-reviewed: separate opening/control geometry; preserve native room/checkpoint door behaviour; no static fake closed doors
lost:entity:61535,lost,models/props_doors/doormainmetal01.mdl,"[-2488.0, 139.018, -363.671]","[0.0, 90.008, 0.0]",owner-reviewed: separate opening/control geometry; preserve native room/checkpoint door behaviour; no static fake closed doors
lost:entity:64140,lost,models/props_doors/doormainmetal01.mdl,"[-1828.0, 139.018, -364.014]","[0.0, 90.008, 0.0]",owner-reviewed: separate opening/control geometry; preserve native room/checkpoint door behaviour; no static fake closed doors
lost:entity:64155,lost,models/props_doors/doormainmetal01.mdl,"[-1499.0, 139.018, -363.671]","[0.0, 90.008, 0.0]",owner-reviewed: separate opening/control geometry; preserve native room/checkpoint door behaviour; no static fake closed doors
lost:entity:64309,lost,models/props_doors/doormainmetal01.mdl,"[-839.0, 139.018, -364.014]","[0.0, 90.008, 0.0]",owner-reviewed: separate opening/control geometry; preserve native room/checkpoint door behaviour; no static fake closed doors
lost:entity:64324,lost,models/props_doors/doormainmetal01.mdl,"[-510.0, 139.018, -363.671]","[0.0, 90.008, 0.0]",owner-reviewed: separate opening/control geometry; preserve native room/checkpoint door behaviour; no static fake closed doors
lost:entity:64379,lost,models/props_doors/doormainmetal01.mdl,"[-1181.01, 139.0, -364.363]","[0.0, 89.5, 0.0]",owner-reviewed: separate opening/control geometry; preserve native room/checkpoint door behaviour; no static fake closed doors
lost:entity:64396,lost,models/props_doors/doormain01.mdl,"[-1283.01, 489.0, -364.363]","[0.0, 181.0, 0.0]",owner-reviewed: separate opening/control geometry; preserve native room/checkpoint door behaviour; no static fake closed doors
lost:entity:66615,lost,models/props_doors/doormainmetal01.mdl,"[-868.0, -8.01807, -364.014]","[0.0, 270.008, 0.0]",owner-reviewed: separate opening/control geometry; preserve native room/checkpoint door behaviour; no static fake closed doors
lost:entity:66626,lost,models/props_doors/doormainmetal01.mdl,"[-1197.0, -8.01804, -363.671]","[0.0, 270.008, 0.0]",owner-reviewed: separate opening/control geometry; preserve native room/checkpoint door behaviour; no static fake closed doors
lost:entity:66682,lost,models/props_doors/doormainmetal01.mdl,"[-525.99, -8.00009, -364.363]","[0.0, 269.5, 0.0]",owner-reviewed: separate opening/control geometry; preserve native room/checkpoint door behaviour; no static fake closed doors
lost:entity:66699,lost,models/props_doors/doormain01.mdl,"[-423.99, -358.0, -364.363]","[0.0, 0.999994, 0.0]",owner-reviewed: separate opening/control geometry; preserve native room/checkpoint door behaviour; no static fake closed doors
lost:entity:68566,lost,models/props_doors/doormainmetal01.mdl,"[-193.99, -8.00009, -364.363]","[0.0, 269.5, 0.0]",owner-reviewed: separate opening/control geometry; preserve native room/checkpoint door behaviour; no static fake closed doors
lost:entity:68583,lost,models/props_doors/doormain01.mdl,"[-91.99, -358.0, -364.363]","[0.0, 0.999994, 0.0]",owner-reviewed: separate opening/control geometry; preserve native room/checkpoint door behaviour; no static fake closed doors
lost:entity:69008,lost,models/props_doors/doormainmetal01.mdl,"[453.0, -8.01807, -364.014]","[0.0, 270.008, 0.0]",owner-reviewed: separate opening/control geometry; preserve native room/checkpoint door behaviour; no static fake closed doors
lost:entity:69019,lost,models/props_doors/doormainmetal01.mdl,"[124.0, -8.01804, -363.671]","[0.0, 270.008, 0.0]",owner-reviewed: separate opening/control geometry; preserve native room/checkpoint door behaviour; no static fake closed doors
lost:entity:69233,lost,models/props_doors/doormainmetal01.mdl,"[1127.01, 89.0, -380.0]","[-48.4975, 269.245, 0.565118]",owner-reviewed: separate opening/control geometry; preserve native room/checkpoint door behaviour; no static fake closed doors
lost:entity:69250,lost,models/props_doors/doormain01.mdl,"[1229.01, -358.0, -364.363]","[0.0, 0.999994, 0.0]",owner-reviewed: separate opening/control geometry; preserve native room/checkpoint door behaviour; no static fake closed doors
lost:entity:69471,lost,models/props_doors/doormainmetal01.mdl,"[795.01, -8.00009, -364.363]","[0.0, 269.5, 0.0]",owner-reviewed: separate opening/control geometry; preserve native room/checkpoint door behaviour; no static fake closed doors
lost:entity:69488,lost,models/props_doors/doormain01.mdl,"[897.01, -358.0, -364.363]","[0.0, 0.999994, 0.0]",owner-reviewed: separate opening/control geometry; preserve native room/checkpoint door behaviour; no static fake closed doors
lost:entity:71373,lost,models/props_doors/doormainmetal01.mdl,"[-182.0, 139.018, -364.014]","[0.0, 90.008, 0.0]",owner-reviewed: separate opening/control geometry; preserve native room/checkpoint door behaviour; no static fake closed doors
lost:entity:71384,lost,models/props_doors/doormainmetal01.mdl,"[147.0, 139.018, -363.671]","[0.0, 90.008, 0.0]",owner-reviewed: separate opening/control geometry; preserve native room/checkpoint door behaviour; no static fake closed doors
lost:entity:73205,lost,models/props_doors/doormainmetal01.mdl,"[464.99, 139.0, -364.363]","[0.0, 89.5, 0.0]",owner-reviewed: separate opening/control geometry; preserve native room/checkpoint door behaviour; no static fake closed doors
lost:entity:73222,lost,models/props_doors/doormain01.mdl,"[362.99, 489.0, -364.363]","[0.0, 181.0, 0.0]",owner-reviewed: separate opening/control geometry; preserve native room/checkpoint door behaviour; no static fake closed doors
lost:entity:73409,lost,models/props_doors/doormainmetal01.mdl,"[807.0, 139.018, -364.014]","[0.0, 90.008, 0.0]",owner-reviewed: separate opening/control geometry; preserve native room/checkpoint door behaviour; no static fake closed doors
lost:entity:73420,lost,models/props_doors/doormainmetal01.mdl,"[1136.0, 139.018, -363.671]","[0.0, 90.008, 0.0]",owner-reviewed: separate opening/control geometry; preserve native room/checkpoint door behaviour; no static fake closed doors
lost:entity:87128,lost,models/props_doors/doormain01.mdl,"[2972.01, -515.0, -364.363]","[0.0, 0.999994, 0.0]",owner-reviewed: separate opening/control geometry; preserve native room/checkpoint door behaviour; no static fake closed doors
lost:entity:87315,lost,models/props_doors/doormainmetal01.mdl,"[2528.0, -165.018, -364.014]","[0.0, 270.008, 0.0]",owner-reviewed: separate opening/control geometry; preserve native room/checkpoint door behaviour; no static fake closed doors
lost:entity:87326,lost,models/props_doors/doormainmetal01.mdl,"[2199.0, -165.018, -363.671]","[0.0, 270.008, 0.0]",owner-reviewed: separate opening/control geometry; preserve native room/checkpoint door behaviour; no static fake closed doors
lost:entity:90620,lost,models/props_doors/doormainmetal01.mdl,"[1881.01, -86.0, -415.0]","[-89.5, 180.0, 90.0001]",owner-reviewed: separate opening/control geometry; preserve native room/checkpoint door behaviour; no static fake closed doors
lost:entity:90637,lost,models/props_doors/doormain01.mdl,"[1983.01, -515.0, -364.363]","[0.0, 0.999994, 0.0]",owner-reviewed: separate opening/control geometry; preserve native room/checkpoint door behaviour; no static fake closed doors
lost:entity:92126,lost,models/props_doors/doormainmetal01.mdl,"[2977.0, -74.0, -344.0]","[2.99989, 89.4993, -0.0262036]",owner-reviewed: separate opening/control geometry; preserve native room/checkpoint door behaviour; no static fake closed doors
lost:entity:92143,lost,models/props_doors/doormain01.mdl,"[2807.99, 323.0, -364.363]","[0.0, 181.0, 0.0]",owner-reviewed: separate opening/control geometry; preserve native room/checkpoint door behaviour; no static fake closed doors
lost:entity:92330,lost,models/props_doors/doormainmetal01.mdl,"[2263.0, -26.9817, -364.014]","[0.0, 90.008, 0.0]",owner-reviewed: separate opening/control geometry; preserve native room/checkpoint door behaviour; no static fake closed doors
lost:entity:92341,lost,models/props_doors/doormainmetal01.mdl,"[2592.0, -26.9818, -363.671]","[0.0, 90.008, 0.0]",owner-reviewed: separate opening/control geometry; preserve native room/checkpoint door behaviour; no static fake closed doors
lost:entity:92414,lost,models/props_doors/doormain01.mdl,"[1818.99, 323.0, -364.363]","[0.0, 181.0, 0.0]",owner-reviewed: separate opening/control geometry; preserve native room/checkpoint door behaviour; no static fake closed doors
lost:entity:98556,lost,models/props_doors/doormainmetal01.mdl,"[3252.0, -26.9818, -364.014]","[0.0, 90.008, 0.0]",owner-reviewed: separate opening/control geometry; preserve native room/checkpoint door behaviour; no static fake closed doors
lost:entity:98567,lost,models/props_doors/doormainmetal01.mdl,"[3581.0, -26.9818, -363.671]","[0.0, 90.008, 0.0]",owner-reviewed: separate opening/control geometry; preserve native room/checkpoint door behaviour; no static fake closed doors
lost:entity:98589,lost,models/props_doors/doormainmetal01.mdl,"[3517.0, -165.018, -364.014]","[0.0, 270.008, 0.0]",owner-reviewed: separate opening/control geometry; preserve native room/checkpoint door behaviour; no static fake closed doors
lost:entity:98600,lost,models/props_doors/doormainmetal01.mdl,"[3188.0, -165.018, -363.671]","[0.0, 270.008, 0.0]",owner-reviewed: separate opening/control geometry; preserve native room/checkpoint door behaviour; no static fake closed doors
lost:entity:109966,lost,models/props_doors/doormainmetal01.mdl,"[2528.01, -165.018, -601.636]","[0.0, 270.008, 0.0]",owner-reviewed: separate opening/control geometry; preserve native room/checkpoint door behaviour; no static fake closed doors
lost:entity:109977,lost,models/props_doors/doormainmetal01.mdl,"[2199.01, -165.018, -601.293]","[0.0, 270.008, 0.0]",owner-reviewed: separate opening/control geometry; preserve native room/checkpoint door behaviour; no static fake closed doors
lost:entity:109999,lost,models/props_doors/doormainmetal01.mdl,"[2263.01, -26.9817, -601.636]","[0.0, 90.008, 0.0]",owner-reviewed: separate opening/control geometry; preserve native room/checkpoint door behaviour; no static fake closed doors
lost:entity:110010,lost,models/props_doors/doormainmetal01.mdl,"[2592.01, -26.9818, -601.293]","[0.0, 90.008, 0.0]",owner-reviewed: separate opening/control geometry; preserve native room/checkpoint door behaviour; no static fake closed doors
lost:entity:110532,lost,models/props_doors/doormain01.mdl,"[1983.01, -515.0, -603.363]","[0.0, 0.999994, 0.0]",owner-reviewed: separate opening/control geometry; preserve native room/checkpoint door behaviour; no static fake closed doors
lost:entity:112250,lost,models/props_doors/doormainmetal01.mdl,"[3185.0, -165.018, -601.636]","[0.0, 270.008, 0.0]",owner-reviewed: separate opening/control geometry; preserve native room/checkpoint door behaviour; no static fake closed doors
lost:entity:112261,lost,models/props_doors/doormainmetal01.mdl,"[2856.0, -165.018, -601.293]","[0.0, 270.008, 0.0]",owner-reviewed: separate opening/control geometry; preserve native room/checkpoint door behaviour; no static fake closed doors
lost:entity:112283,lost,models/props_doors/doormainmetal01.mdl,"[2920.0, -26.9817, -601.636]","[0.0, 90.008, 0.0]",owner-reviewed: separate opening/control geometry; preserve native room/checkpoint door behaviour; no static fake closed doors
lost:entity:112294,lost,models/props_doors/doormainmetal01.mdl,"[3249.0, -26.9818, -601.293]","[0.0, 90.008, 0.0]",owner-reviewed: separate opening/control geometry; preserve native room/checkpoint door behaviour; no static fake closed doors
lost:entity:833,lost,models/props_doors/doormainmetal01.mdl,"[-187.0, -9.0, 117.343]","[0.0, 269.5, 0.0]",owner-reviewed: separate opening/control geometry; preserve native room/checkpoint door behaviour; no static fake closed doors
lost:entity:864,lost,models/props_doors/doormain01.mdl,"[-85.0, -359.0, 117.343]","[0.0, 1.0, 0.0]",owner-reviewed: separate opening/control geometry; preserve native room/checkpoint door behaviour; no static fake closed doors
lost:entity:4872,lost,models/props_doors/doormainmetal01.mdl,"[-519.0, -9.0, 117.343]","[0.0, 269.5, 0.0]",owner-reviewed: separate opening/control geometry; preserve native room/checkpoint door behaviour; no static fake closed doors
lost:entity:4889,lost,models/props_doors/doormain01.mdl,"[-483.0, -359.0, 152.0]","[0.0, 1.0, 0.0]",owner-reviewed: separate opening/control geometry; preserve native room/checkpoint door behaviour; no static fake closed doors
lost:entity:6942,lost,models/props_office/computer_monitor_01.mdl,"[-27.0, -96.0, 110.0]","[83.2943, 333.372, 153.529]",owner-reviewed model group; outside requested bed/table/cabinet/chair/lighting scope; exact mesh or interactive state unavailable
lost:entity:6946,lost,models/props_office/computer_monitor_01.mdl,"[-27.0, -211.0, 110.0]","[83.2943, 333.372, 153.529]",owner-reviewed model group; outside requested bed/table/cabinet/chair/lighting scope; exact mesh or interactive state unavailable
lost:entity:6950,lost,models/props_interiors/computer_monitor_p1.mdl,"[-290.0, -214.0, 110.0]","[-86.9034, 311.756, -87.8871]",owner-reviewed model group; outside requested bed/table/cabinet/chair/lighting scope; exact mesh or interactive state unavailable
lost:entity:6954,lost,models/props_interiors/computer_monitor_p1a.mdl,"[-289.0, -237.0, 100.973]","[84.5, 0.0, 0.0]",owner-reviewed model group; outside requested bed/table/cabinet/chair/lighting scope; exact mesh or interactive state unavailable
lost:entity:7026,lost,models/props_interiors/books02.mdl,"[-32.0, -91.0, 133.0]","[-0.5, 90.5, 0.0]",owner-reviewed model group; outside requested bed/table/cabinet/chair/lighting scope; exact mesh or interactive state unavailable
lost:entity:7030,lost,models/props_interiors/book_gib07.mdl,"[-28.0588, -104.0, 133.0]","[0.0, 0.0, 0.0]",owner-reviewed model group; outside requested bed/table/cabinet/chair/lighting scope; exact mesh or interactive state unavailable
lost:entity:8743,lost,models/props_doors/doormainmetal01.mdl,"[-462.0, 140.0, 117.0]","[0.0, 90.0084, 0.0]",owner-reviewed: separate opening/control geometry; preserve native room/checkpoint door behaviour; no static fake closed doors
lost:entity:9621,lost,models/props_doors/doormainmetal01.mdl,"[-133.0, 140.0, 117.343]","[0.0, 90.0084, 0.0]",owner-reviewed: separate opening/control geometry; preserve native room/checkpoint door behaviour; no static fake closed doors
lost:entity:9774,lost,models/props_doors/doormainmetal01.mdl,"[1181.31, 140.0, 117.343]","[0.0, 89.5, 0.0]",owner-reviewed: separate opening/control geometry; preserve native room/checkpoint door behaviour; no static fake closed doors
lost:entity:9791,lost,models/props_doors/doormain01.mdl,"[1079.31, 490.0, 117.343]","[0.0, 181.0, 0.0]",owner-reviewed: separate opening/control geometry; preserve native room/checkpoint door behaviour; no static fake closed doors
lost:entity:12212,lost,models/props_doors/doormainmetal01.mdl,"[202.002, 140.0, 117.0]","[0.0, 90.0084, 0.0]",owner-reviewed: separate opening/control geometry; preserve native room/checkpoint door behaviour; no static fake closed doors
lost:entity:12223,lost,models/props_doors/doormainmetal01.mdl,"[531.002, 140.0, 117.343]","[0.0, 90.0084, 0.0]",owner-reviewed: separate opening/control geometry; preserve native room/checkpoint door behaviour; no static fake closed doors
lost:entity:14706,lost,models/props_doors/doormainmetal01.mdl,"[1124.0, -9.00009, 117.0]","[0.0, 270.008, 0.0]",owner-reviewed: separate opening/control geometry; preserve native room/checkpoint door behaviour; no static fake closed doors
lost:entity:14716,lost,models/props_doors/doormainmetal01.mdl,"[795.002, -9.00006, 117.343]","[0.0, 270.008, 0.0]",owner-reviewed: separate opening/control geometry; preserve native room/checkpoint door behaviour; no static fake closed doors
lost:entity:14740,lost,models/props_doors/doormainmetal01.mdl,"[460.0, -9.00003, 117.0]","[0.0, 270.008, 0.0]",owner-reviewed: separate opening/control geometry; preserve native room/checkpoint door behaviour; no static fake closed doors
lost:entity:14750,lost,models/props_doors/doormainmetal01.mdl,"[131.0, -9.0, 117.343]","[0.0, 270.008, 0.0]",owner-reviewed: separate opening/control geometry; preserve native room/checkpoint door behaviour; no static fake closed doors
lost:entity:15319,lost,models/props_doors/doorglassmain01_dm01.mdl,"[1316.0, 122.0, 117.0]","[0.0, 180.0, 0.0]",owner-reviewed: separate opening/control geometry; preserve native room/checkpoint door behaviour; no static fake closed doors
lost:entity:15324,lost,models/props_doors/doorglassmain01_dm01.mdl,"[1316.0, 10.0, 117.0]","[0.0, 0.0, 0.0]",owner-reviewed: separate opening/control geometry; preserve native room/checkpoint door behaviour; no static fake closed doors
lost:entity:16586,lost,models/props_doors/doormainmetal01.mdl,"[-868.0, -9.00003, 117.0]","[0.0, 270.008, 0.0]",owner-reviewed: separate opening/control geometry; preserve native room/checkpoint door behaviour; no static fake closed doors
lost:entity:16591,lost,models/props_doors/doormainmetal01.mdl,"[-1197.0, -9.0, 117.343]","[0.0, 270.008, 0.0]",owner-reviewed: separate opening/control geometry; preserve native room/checkpoint door behaviour; no static fake closed doors
lost:entity:17071,lost,models/props_doors/doormainmetal01.mdl,"[-811.004, 140.0, 117.343]","[0.0, 89.5, 0.0]",owner-reviewed: separate opening/control geometry; preserve native room/checkpoint door behaviour; no static fake closed doors
lost:entity:17088,lost,models/props_doors/doormain01.mdl,"[-913.004, 490.0, 117.343]","[0.0, 181.0, 0.0]",owner-reviewed: separate opening/control geometry; preserve native room/checkpoint door behaviour; no static fake closed doors
lost:entity:18033,lost,models/props_doors/doormainmetal01.mdl,"[-1457.96, 140.0, 117.0]","[0.0, 90.0084, 0.0]",owner-reviewed: separate opening/control geometry; preserve native room/checkpoint door behaviour; no static fake closed doors
lost:entity:18050,lost,models/props_doors/doormainmetal01.mdl,"[-1128.96, 140.0, 117.343]","[0.0, 90.0084, 0.0]",owner-reviewed: separate opening/control geometry; preserve native room/checkpoint door behaviour; no static fake closed doors
lost:entity:21067,lost,models/props_doors/doormainmetal01.mdl,"[-1183.0, -8.0, -123.001]","[0.0, 269.5, 0.0]",owner-reviewed: separate opening/control geometry; preserve native room/checkpoint door behaviour; no static fake closed doors
lost:entity:21084,lost,models/props_doors/doormain01.mdl,"[-1081.0, -358.0, -123.001]","[0.0, 1.0, 0.0]",owner-reviewed: separate opening/control geometry; preserve native room/checkpoint door behaviour; no static fake closed doors
lost:entity:22963,lost,models/props/objectives/key_old_ring.mdl,"[1005.0, 469.02, 156.215]","[89.0, 180.0, 180.0]",owner-reviewed model group; outside requested bed/table/cabinet/chair/lighting scope; exact mesh or interactive state unavailable
lost:entity:23546,lost,models/props_downtown/metal_door_112_static.mdl,"[-1555.0, -9.0, 65.0]","[0.0, 270.0, 0.0]",owner-reviewed: separate opening/control geometry; preserve native room/checkpoint door behaviour; no static fake closed doors
lost:entity:23565,lost,models/props_downtown/metal_door_112_static_noskins.mdl,"[-1444.0, -9.0, 65.0]","[0.0, 90.0, 0.0]",owner-reviewed: separate opening/control geometry; preserve native room/checkpoint door behaviour; no static fake closed doors
lost:entity:24287,lost,models/props_doors/doormainmetal01.mdl,"[-1793.01, 140.0, 117.343]","[0.0, 90.0084, 0.0]",owner-reviewed: separate opening/control geometry; preserve native room/checkpoint door behaviour; no static fake closed doors
lost:entity:24593,lost,models/props_doors/doormainmetal01.mdl,"[-1820.96, -1.0, 117.343]","[0.0, 270.008, 0.0]",owner-reviewed: separate opening/control geometry; preserve native room/checkpoint door behaviour; no static fake closed doors
lost:entity:24968,lost,models/props_doors/doormainmetalsmall01_dm07.mdl,"[844.68, 181.211, 93.2063]","[-64.9813, 92.3652, -2.1435]",owner-reviewed: separate opening/control geometry; preserve native room/checkpoint door behaviour; no static fake closed doors
lost:entity:24973,lost,models/props/de_prodigy/concretebags3.mdl,"[816.68, 139.211, 70.2063]","[0.0, 0.0, 0.0]",owner-reviewed model group; outside requested bed/table/cabinet/chair/lighting scope; exact mesh or interactive state unavailable
lost:entity:24977,lost,models/infected/charger.mdl,"[781.0, 331.0, 71.0]","[-35.563, 247.394, 78.8512]",owner-reviewed: animated Source actor model; gameplay infected/director/boss uses actual entities; no extra static combat target
lost:entity:25056,lost,models/props_doors/doormain03_small_01.mdl,"[850.0, 361.965, 128.0]","[38.9138, 324.034, -11.9345]",owner-reviewed: separate opening/control geometry; preserve native room/checkpoint door behaviour; no static fake closed doors
lost:entity:28292,lost,models/props_doors/doormainmetal01.mdl,"[-1865.0, -8.00003, -123.0]","[0.0, 270.008, 0.0]",owner-reviewed: separate opening/control geometry; preserve native room/checkpoint door behaviour; no static fake closed doors
lost:entity:28297,lost,models/props_doors/doormainmetal01.mdl,"[-2194.0, -8.0, -122.657]","[0.0, 270.008, 0.0]",owner-reviewed: separate opening/control geometry; preserve native room/checkpoint door behaviour; no static fake closed doors
lost:entity:29832,lost,models/props/de_prodigy/concretebags3.mdl,"[819.0, 190.0, 70.2063]","[0.0, 0.0, 0.0]",owner-reviewed model group; outside requested bed/table/cabinet/chair/lighting scope; exact mesh or interactive state unavailable
lost:entity:29839,lost,models/props_downtown/metal_door_112_static_noskins.mdl,"[-1444.0, -7.0, -175.0]","[0.0, 90.0, 0.0]",owner-reviewed: separate opening/control geometry; preserve native room/checkpoint door behaviour; no static fake closed doors
lost:entity:29844,lost,models/props_downtown/metal_door_112_static.mdl,"[-1555.0, -7.0, -175.0]","[0.0, 270.0, 0.0]",owner-reviewed: separate opening/control geometry; preserve native room/checkpoint door behaviour; no static fake closed doors
lost:entity:31165,lost,models/props_doors/doormainmetal01.mdl,"[-1139.0, 138.982, -123.0]","[0.0, 90.008, 0.0]",owner-reviewed: separate opening/control geometry; preserve native room/checkpoint door behaviour; no static fake closed doors
lost:entity:31188,lost,models/props_doors/doormainmetal01.mdl,"[-810.0, 138.982, -122.657]","[0.0, 90.008, 0.0]",owner-reviewed: separate opening/control geometry; preserve native room/checkpoint door behaviour; no static fake closed doors
lost:entity:31297,lost,models/props_doors/doormainmetal01.mdl,"[-1802.0, 138.982, -123.0]","[0.0, 90.008, 0.0]",owner-reviewed: separate opening/control geometry; preserve native room/checkpoint door behaviour; no static fake closed doors
lost:entity:31320,lost,models/props_doors/doormainmetal01.mdl,"[-1473.0, 138.982, -122.657]","[0.0, 90.008, 0.0]",owner-reviewed: separate opening/control geometry; preserve native room/checkpoint door behaviour; no static fake closed doors
lost:entity:32608,lost,models/props_doors/doormainmetal01.mdl,"[-2512.0, -8.0, -123.001]","[0.0, 269.5, 0.0]",owner-reviewed: separate opening/control geometry; preserve native room/checkpoint door behaviour; no static fake closed doors
lost:entity:32625,lost,models/props_doors/doormain01.mdl,"[-2410.0, -358.0, -123.001]","[0.0, 1.0, 0.0]",owner-reviewed: separate opening/control geometry; preserve native room/checkpoint door behaviour; no static fake closed doors
lost:entity:33709,lost,models/props_doors/doormainmetal01.mdl,"[-2862.0, -8.00003, -123.0]","[0.0, 270.008, 0.0]",owner-reviewed: separate opening/control geometry; preserve native room/checkpoint door behaviour; no static fake closed doors
lost:entity:33714,lost,models/props_doors/doormainmetal01.mdl,"[-3191.0, -8.0, -122.657]","[0.0, 270.008, 0.0]",owner-reviewed: separate opening/control geometry; preserve native room/checkpoint door behaviour; no static fake closed doors
lost:entity:33755,lost,models/props_doors/doormainmetal01.mdl,"[-3509.0, -8.0, -123.001]","[0.0, 269.5, 0.0]",owner-reviewed: separate opening/control geometry; preserve native room/checkpoint door behaviour; no static fake closed doors
lost:entity:33772,lost,models/props_doors/doormain01.mdl,"[-3407.0, -358.0, -123.001]","[0.0, 1.0, 0.0]",owner-reviewed: separate opening/control geometry; preserve native room/checkpoint door behaviour; no static fake closed doors
lost:entity:34809,lost,models/props_doors/doormainmetal01.mdl,"[-3159.0, 139.0, -123.363]","[0.0, 89.5, 0.0]",owner-reviewed: separate opening/control geometry; preserve native room/checkpoint door behaviour; no static fake closed doors
lost:entity:34826,lost,models/props_doors/doormain01.mdl,"[-3261.0, 489.0, -123.363]","[0.0, 181.0, 0.0]",owner-reviewed: separate opening/control geometry; preserve native room/checkpoint door behaviour; no static fake closed doors
lost:entity:36603,lost,models/props_doors/doormainmetal01.mdl,"[-2793.0, 139.002, -122.657]","[0.0, 90.008, 0.0]",owner-reviewed: separate opening/control geometry; preserve native room/checkpoint door behaviour; no static fake closed doors
lost:entity:36669,lost,models/props_doors/doormainmetal01.mdl,"[-2136.0, 139.002, -122.657]","[0.0, 90.008, 0.0]",owner-reviewed: separate opening/control geometry; preserve native room/checkpoint door behaviour; no static fake closed doors
lost:entity:36693,lost,models/props_doors/doormainmetal01.mdl,"[-2465.0, 139.002, -123.0]","[0.0, 90.008, 0.0]",owner-reviewed: separate opening/control geometry; preserve native room/checkpoint door behaviour; no static fake closed doors
lost:entity:37652,lost,models/props_misc/flour_sack-1.mdl,"[-3504.0, 110.322, -106.0]","[36.0934, 297.1, -49.0201]",owner-reviewed model group; outside requested bed/table/cabinet/chair/lighting scope; exact mesh or interactive state unavailable
lost:entity:37660,lost,models/props_doors/doorglassmain01_small_dm02.mdl,"[-3439.0, 135.0, -123.0]","[0.0, 160.0, 0.0]",owner-reviewed: separate opening/control geometry; preserve native room/checkpoint door behaviour; no static fake closed doors
lost:entity:56490,lost,models/props_doors/doormainmetal01.mdl,"[-3194.0, -8.00003, -364.0]","[0.0, 270.008, 0.0]",owner-reviewed: separate opening/control geometry; preserve native room/checkpoint door behaviour; no static fake closed doors
lost:entity:56495,lost,models/props_doors/doormainmetal01.mdl,"[-3523.0, -8.0, -363.657]","[0.0, 270.008, 0.0]",owner-reviewed: separate opening/control geometry; preserve native room/checkpoint door behaviour; no static fake closed doors
lost:entity:56852,lost,models/props_doors/doormainmetal01.mdl,"[-3159.01, 139.0, -364.363]","[0.0, 89.5, 0.0]",owner-reviewed: separate opening/control geometry; preserve native room/checkpoint door behaviour; no static fake closed doors
lost:entity:56869,lost,models/props_doors/doormain01.mdl,"[-3261.01, 489.0, -364.363]","[0.0, 181.0, 0.0]",owner-reviewed: separate opening/control geometry; preserve native room/checkpoint door behaviour; no static fake closed doors
lost:entity:59673,lost,models/props_doors/doorglassmain01_small.mdl,"[-3434.0, 138.0, -365.0]","[0.0, 90.0, 0.0]",owner-reviewed: separate opening/control geometry; preserve native room/checkpoint door behaviour; no static fake closed doors
lost:entity:59732,lost,models/props_doors/doorglassmain01_small.mdl,"[-3530.0, 138.0, -365.0]","[0.0, 270.0, 0.0]",owner-reviewed: separate opening/control geometry; preserve native room/checkpoint door behaviour; no static fake closed doors
lost:entity:61258,lost,models/props_doors/doormainmetal01.mdl,"[-2529.0, -8.00003, -364.0]","[0.0, 270.008, 0.0]",owner-reviewed: separate opening/control geometry; preserve native room/checkpoint door behaviour; no static fake closed doors
lost:entity:61279,lost,models/props_doors/doormainmetal01.mdl,"[-2858.0, -8.0, -363.657]","[0.0, 270.008, 0.0]",owner-reviewed: separate opening/control geometry; preserve native room/checkpoint door behaviour; no static fake closed doors
lost:entity:61326,lost,models/props_doors/doormainmetal01.mdl,"[-1864.0, -8.00003, -364.0]","[0.0, 270.008, 0.0]",owner-reviewed: separate opening/control geometry; preserve native room/checkpoint door behaviour; no static fake closed doors
lost:entity:61347,lost,models/props_doors/doormainmetal01.mdl,"[-2193.0, -8.0, -363.657]","[0.0, 270.008, 0.0]",owner-reviewed: separate opening/control geometry; preserve native room/checkpoint door behaviour; no static fake closed doors
lost:entity:61429,lost,models/props_downtown/metal_door_112_static.mdl,"[-1554.0, -7.0, -418.0]","[0.0, 270.0, 0.0]",owner-reviewed: separate opening/control geometry; preserve native room/checkpoint door behaviour; no static fake closed doors
lost:entity:61434,lost,models/props_downtown/metal_door_112_static_noskins.mdl,"[-1443.0, -7.0, -418.0]","[0.0, 90.0, 0.0]",owner-reviewed: separate opening/control geometry; preserve native room/checkpoint door behaviour; no static fake closed doors
lost:entity:74058,lost,models/props_doors/doorglassmain01_dm01.mdl,"[1302.0, 121.0, -362.559]","[0.0, 180.0, 0.0]",owner-reviewed: separate opening/control geometry; preserve native room/checkpoint door behaviour; no static fake closed doors
lost:entity:74063,lost,models/props_doors/doorglassmain01_dm01.mdl,"[1302.0, 8.9271, -362.559]","[0.0, 0.0, 0.0]",owner-reviewed: separate opening/control geometry; preserve native room/checkpoint door behaviour; no static fake closed doors
lost:entity:76278,lost,models/props_downtown/metal_door_112_static_noskins.mdl,"[1726.0, -40.0, -417.0]","[0.0, 180.0, 0.0]",owner-reviewed: separate opening/control geometry; preserve native room/checkpoint door behaviour; no static fake closed doors
lost:entity:76283,lost,models/props_downtown/metal_door_112_static.mdl,"[1726.0, -151.0, -417.0]","[0.0, 0.0, 0.0]",owner-reviewed: separate opening/control geometry; preserve native room/checkpoint door behaviour; no static fake closed doors
lost:entity:106699,lost,models/props_vehicles/floodlight_generator_switch02.mdl,"[2828.0, -89.0002, -410.0]","[-89.0, 86.0, -180.0]",owner-reviewed: large vehicle/setpiece or scripted control; outside furniture/light template scope; exact mesh/animation absent
lost:entity:116726,lost,models/props_downtown/metal_door_112_static.mdl,"[1726.0, -151.0, -657.0]","[0.0, 0.0, 0.0]",owner-reviewed: separate opening/control geometry; preserve native room/checkpoint door behaviour; no static fake closed doors
lost:entity:121317,lost,models/props_doors/doormainmetal01.mdl,"[1920.0, -32.0333, -601.0]","[0.0, 89.5, 0.0]",owner-reviewed: separate opening/control geometry; preserve native room/checkpoint door behaviour; no static fake closed doors
lost:entity:121471,lost,models/props_doors/checkpoint_door_-02.mdl,"[1462.0, 335.0, -603.334]","[0.0, 180.5, 0.0]",owner-reviewed: separate opening/control geometry; preserve native room/checkpoint door behaviour; no static fake closed doors
lost:entity:121530,lost,models/props/objectives/key_old_ring.mdl,"[1689.0, 499.0, -655.0]","[0.0, 260.0, 0.0]",owner-reviewed model group; outside requested bed/table/cabinet/chair/lighting scope; exact mesh or interactive state unavailable
lost:entity:191997,lost,models/infected/witch.mdl,"[-350.0, -131.0, 176.0]","[89.0, 215.0, 91.0]",owner-reviewed: animated Source actor model; gameplay infected/director/boss uses actual entities; no extra static combat target
lostschool_2:staticprop:0,lostschool_2,models/props/cs_militia/ladderwood.mdl,"[-681.6900024414062, 111.62899780273438, -45.69599914550781]","[15.5, 180.0, 0.0]",owner-reviewed: access/structural or breakable geometry; preserve verified native NAV and passage layout; Source collision/damage model absent
lostschool_2:staticprop:5,lostschool_2,models/props_downtown/metal_window01_8.mdl,"[-565.010009765625, 337.0, -36.362998962402344]","[0.0, 180.0, 0.0]",owner-reviewed: separate opening/control geometry; preserve native room/checkpoint door behaviour; no static fake closed doors
lostschool_2:staticprop:6,lostschool_2,models/props_downtown/metal_window01_8.mdl,"[-663.010009765625, 337.0, -36.362998962402344]","[0.0, 180.0, 0.0]",owner-reviewed: separate opening/control geometry; preserve native room/checkpoint door behaviour; no static fake closed doors
lostschool_2:staticprop:8,lostschool_2,models/props/de_nuke/window01.mdl,"[-717.010009765625, 343.0, -2.3629798889160156]","[0.0, 89.0, 0.0]",owner-reviewed: separate opening/control geometry; preserve native room/checkpoint door behaviour; no static fake closed doors
lostschool_2:staticprop:9,lostschool_2,models/props/cs_militia/ladderwood.mdl,"[-525.6900024414062, 111.62899780273438, -45.69599914550781]","[15.5, 0.0, 0.0]",owner-reviewed: access/structural or breakable geometry; preserve verified native NAV and passage layout; Source collision/damage model absent
lostschool_2:staticprop:14,lostschool_2,models/props/cs_militia/ladderwood.mdl,"[-508.30999755859375, -303.6289978027344, -46.69599914550781]","[15.5, 0.0, 0.0]",owner-reviewed: access/structural or breakable geometry; preserve verified native NAV and passage layout; Source collision/damage model absent
lostschool_2:staticprop:19,lostschool_2,models/props_downtown/metal_window01_8.mdl,"[-624.989990234375, -529.0, -37.362998962402344]","[0.0, 0.0, 0.0]",owner-reviewed: separate opening/control geometry; preserve native room/checkpoint door behaviour; no static fake closed doors
lostschool_2:staticprop:20,lostschool_2,models/props_downtown/metal_window01_8.mdl,"[-526.989990234375, -529.0, -37.362998962402344]","[0.0, 0.0, 0.0]",owner-reviewed: separate opening/control geometry; preserve native room/checkpoint door behaviour; no static fake closed doors
lostschool_2:staticprop:22,lostschool_2,models/props/de_nuke/window01.mdl,"[-472.989990234375, -535.0, -3.3629798889160156]","[0.0, 269.0, 0.0]",owner-reviewed: separate opening/control geometry; preserve native room/checkpoint door behaviour; no static fake closed doors
lostschool_2:staticprop:23,lostschool_2,models/props/cs_militia/ladderwood.mdl,"[-664.3099975585938, -303.6289978027344, -46.69599914550781]","[15.5, 180.0, 0.0]",owner-reviewed: access/structural or breakable geometry; preserve verified native NAV and passage layout; Source collision/damage model absent
lostschool_2:staticprop:28,lostschool_2,models/props/cs_militia/ladderwood.mdl,"[-681.6900024414062, 111.62899780273438, -287.32501220703125]","[15.5, 180.0, 0.0]",owner-reviewed: access/structural or breakable geometry; preserve verified native NAV and passage layout; Source collision/damage model absent
lostschool_2:staticprop:33,lostschool_2,models/props_downtown/metal_window01_8.mdl,"[-565.010009765625, 337.0, -277.99200439453125]","[0.0, 180.0, 0.0]",owner-reviewed: separate opening/control geometry; preserve native room/checkpoint door behaviour; no static fake closed doors
lostschool_2:staticprop:34,lostschool_2,models/props_downtown/metal_window01_8.mdl,"[-663.010009765625, 337.0, -277.99200439453125]","[0.0, 180.0, 0.0]",owner-reviewed: separate opening/control geometry; preserve native room/checkpoint door behaviour; no static fake closed doors
lostschool_2:staticprop:36,lostschool_2,models/props/de_nuke/window01.mdl,"[-717.010009765625, 343.0, -243.99200439453125]","[0.0, 89.0, 0.0]",owner-reviewed: separate opening/control geometry; preserve native room/checkpoint door behaviour; no static fake closed doors
lostschool_2:staticprop:37,lostschool_2,models/props/cs_militia/ladderwood.mdl,"[-525.6900024414062, 111.62899780273438, -287.32501220703125]","[15.5, 0.0, 0.0]",owner-reviewed: access/structural or breakable geometry; preserve verified native NAV and passage layout; Source collision/damage model absent
lostschool_2:staticprop:42,lostschool_2,models/props/cs_militia/ladderwood.mdl,"[148.69700622558594, -303.6289978027344, -287.3299865722656]","[15.5, 0.0, 0.0]",owner-reviewed: access/structural or breakable geometry; preserve verified native NAV and passage layout; Source collision/damage model absent
lostschool_2:staticprop:47,lostschool_2,models/props_downtown/metal_window01_8.mdl,"[32.01679992675781, -529.0, -277.99700927734375]","[0.0, 0.0, 0.0]",owner-reviewed: separate opening/control geometry; preserve native room/checkpoint door behaviour; no static fake closed doors
lostschool_2:staticprop:48,lostschool_2,models/props_downtown/metal_window01_8.mdl,"[130.01699829101562, -529.0, -277.99700927734375]","[0.0, 0.0, 0.0]",owner-reviewed: separate opening/control geometry; preserve native room/checkpoint door behaviour; no static fake closed doors
lostschool_2:staticprop:50,lostschool_2,models/props/de_nuke/window01.mdl,"[184.01699829101562, -535.0, -243.9969940185547]","[0.0, 269.0, 0.0]",owner-reviewed: separate opening/control geometry; preserve native room/checkpoint door behaviour; no static fake closed doors
lostschool_2:staticprop:51,lostschool_2,models/props/cs_militia/ladderwood.mdl,"[-7.303249835968018, -303.6289978027344, -287.3299865722656]","[15.5, 180.0, 0.0]",owner-reviewed: access/structural or breakable geometry; preserve verified native NAV and passage layout; Source collision/damage model absent
lostschool_2:staticprop:56,lostschool_2,models/props/de_nuke/window01.mdl,"[271.9880065917969, 343.0, -482.99200439453125]","[0.0, 89.0, 0.0]",owner-reviewed: separate opening/control geometry; preserve native room/checkpoint door behaviour; no static fake closed doors
lostschool_2:staticprop:57,lostschool_2,models/props_downtown/metal_window01_8.mdl,"[325.9880065917969, 337.0, -516.9920043945312]","[0.0, 180.0, 0.0]",owner-reviewed: separate opening/control geometry; preserve native room/checkpoint door behaviour; no static fake closed doors
lostschool_2:staticprop:58,lostschool_2,models/props_downtown/metal_window01_8.mdl,"[423.9880065917969, 337.0, -516.9920043945312]","[0.0, 180.0, 0.0]",owner-reviewed: separate opening/control geometry; preserve native room/checkpoint door behaviour; no static fake closed doors
lostschool_2:staticprop:59,lostschool_2,models/props/de_nuke/window01.mdl,"[-60.012298583984375, 343.0, -482.99200439453125]","[0.0, 89.0, 0.0]",owner-reviewed: separate opening/control geometry; preserve native room/checkpoint door behaviour; no static fake closed doors
lostschool_2:staticprop:60,lostschool_2,models/props_downtown/metal_window01_8.mdl,"[-6.012269973754883, 337.0, -516.9920043945312]","[0.0, 180.0, 0.0]",owner-reviewed: separate opening/control geometry; preserve native room/checkpoint door behaviour; no static fake closed doors
lostschool_2:staticprop:61,lostschool_2,models/props_downtown/metal_window01_8.mdl,"[91.98770141601562, 337.0, -516.9920043945312]","[0.0, 180.0, 0.0]",owner-reviewed: separate opening/control geometry; preserve native room/checkpoint door behaviour; no static fake closed doors
lostschool_2:staticprop:62,lostschool_2,models/props/de_nuke/window01.mdl,"[-392.0119934082031, 343.0, -482.99200439453125]","[0.0, 89.0, 0.0]",owner-reviewed: separate opening/control geometry; preserve native room/checkpoint door behaviour; no static fake closed doors
lostschool_2:staticprop:63,lostschool_2,models/props_downtown/metal_window01_8.mdl,"[-338.0119934082031, 337.0, -516.9920043945312]","[0.0, 180.0, 0.0]",owner-reviewed: separate opening/control geometry; preserve native room/checkpoint door behaviour; no static fake closed doors
lostschool_2:staticprop:64,lostschool_2,models/props_downtown/metal_window01_8.mdl,"[-240.01199340820312, 337.0, -516.9920043945312]","[0.0, 180.0, 0.0]",owner-reviewed: separate opening/control geometry; preserve native room/checkpoint door behaviour; no static fake closed doors
lostschool_2:staticprop:65,lostschool_2,models/props/de_nuke/window01.mdl,"[-717.0120239257812, 343.0, -482.99200439453125]","[0.0, 89.0, 0.0]",owner-reviewed: separate opening/control geometry; preserve native room/checkpoint door behaviour; no static fake closed doors
lostschool_2:staticprop:66,lostschool_2,models/props_downtown/metal_window01_8.mdl,"[-663.0120239257812, 337.0, -516.9920043945312]","[0.0, 180.0, 0.0]",owner-reviewed: separate opening/control geometry; preserve native room/checkpoint door behaviour; no static fake closed doors
lostschool_2:staticprop:67,lostschool_2,models/props_downtown/metal_window01_8.mdl,"[-565.0120239257812, 337.0, -516.9920043945312]","[0.0, 180.0, 0.0]",owner-reviewed: separate opening/control geometry; preserve native room/checkpoint door behaviour; no static fake closed doors
lostschool_2:staticprop:68,lostschool_2,models/props/de_nuke/window01.mdl,"[271.9880065917969, 343.0199890136719, -243.99200439453125]","[0.0, 89.0, 0.0]",owner-reviewed: separate opening/control geometry; preserve native room/checkpoint door behaviour; no static fake closed doors
lostschool_2:staticprop:69,lostschool_2,models/props_downtown/metal_window01_8.mdl,"[325.9880065917969, 337.0199890136719, -277.99200439453125]","[0.0, 180.0, 0.0]",owner-reviewed: separate opening/control geometry; preserve native room/checkpoint door behaviour; no static fake closed doors
lostschool_2:staticprop:70,lostschool_2,models/props_downtown/metal_window01_8.mdl,"[423.9880065917969, 337.0199890136719, -277.99200439453125]","[0.0, 180.0, 0.0]",owner-reviewed: separate opening/control geometry; preserve native room/checkpoint door behaviour; no static fake closed doors
lostschool_2:staticprop:71,lostschool_2,models/props/de_nuke/window01.mdl,"[516.0120239257812, -535.02001953125, -243.99200439453125]","[0.0, 269.0, 0.0]",owner-reviewed: separate opening/control geometry; preserve native room/checkpoint door behaviour; no static fake closed doors
lostschool_2:staticprop:72,lostschool_2,models/props_downtown/metal_window01_8.mdl,"[462.0119934082031, -529.02001953125, -277.99200439453125]","[0.0, 0.0, 0.0]",owner-reviewed: separate opening/control geometry; preserve native room/checkpoint door behaviour; no static fake closed doors
lostschool_2:staticprop:73,lostschool_2,models/props_downtown/metal_window01_8.mdl,"[364.0119934082031, -529.02001953125, -277.99200439453125]","[0.0, 0.0, 0.0]",owner-reviewed: separate opening/control geometry; preserve native room/checkpoint door behaviour; no static fake closed doors
lostschool_2:staticprop:74,lostschool_2,models/props/de_nuke/window01.mdl,"[516.0120239257812, -544.0, -482.99200439453125]","[0.0, 269.0, 0.0]",owner-reviewed: separate opening/control geometry; preserve native room/checkpoint door behaviour; no static fake closed doors
lostschool_2:staticprop:75,lostschool_2,models/props_downtown/metal_window01_8.mdl,"[462.0119934082031, -538.0, -516.9920043945312]","[0.0, 0.0, 0.0]",owner-reviewed: separate opening/control geometry; preserve native room/checkpoint door behaviour; no static fake closed doors
lostschool_2:staticprop:76,lostschool_2,models/props_downtown/metal_window01_8.mdl,"[364.0119934082031, -538.0, -516.9920043945312]","[0.0, 0.0, 0.0]",owner-reviewed: separate opening/control geometry; preserve native room/checkpoint door behaviour; no static fake closed doors
lostschool_2:staticprop:77,lostschool_2,models/props/de_nuke/window01.mdl,"[191.01199340820312, -544.0, -482.99200439453125]","[0.0, 269.0, 0.0]",owner-reviewed: separate opening/control geometry; preserve native room/checkpoint door behaviour; no static fake closed doors
lostschool_2:staticprop:78,lostschool_2,models/props_downtown/metal_window01_8.mdl,"[137.01199340820312, -538.0, -516.9920043945312]","[0.0, 0.0, 0.0]",owner-reviewed: separate opening/control geometry; preserve native room/checkpoint door behaviour; no static fake closed doors
lostschool_2:staticprop:79,lostschool_2,models/props_downtown/metal_window01_8.mdl,"[39.012298583984375, -538.0, -516.9920043945312]","[0.0, 0.0, 0.0]",owner-reviewed: separate opening/control geometry; preserve native room/checkpoint door behaviour; no static fake closed doors
lostschool_2:staticprop:80,lostschool_2,models/props/de_nuke/window01.mdl,"[-140.98800659179688, -544.0, -482.99200439453125]","[0.0, 269.0, 0.0]",owner-reviewed: separate opening/control geometry; preserve native room/checkpoint door behaviour; no static fake closed doors
lostschool_2:staticprop:81,lostschool_2,models/props_downtown/metal_window01_8.mdl,"[-194.98800659179688, -538.0, -516.9920043945312]","[0.0, 0.0, 0.0]",owner-reviewed: separate opening/control geometry; preserve native room/checkpoint door behaviour; no static fake closed doors
lostschool_2:staticprop:82,lostschool_2,models/props_downtown/metal_window01_8.mdl,"[-292.9880065917969, -538.0, -516.9920043945312]","[0.0, 0.0, 0.0]",owner-reviewed: separate opening/control geometry; preserve native room/checkpoint door behaviour; no static fake closed doors
lostschool_2:staticprop:83,lostschool_2,models/props/de_nuke/window01.mdl,"[-472.9880065917969, -544.0, -482.99200439453125]","[0.0, 269.0, 0.0]",owner-reviewed: separate opening/control geometry; preserve native room/checkpoint door behaviour; no static fake closed doors
lostschool_2:staticprop:84,lostschool_2,models/props_downtown/metal_window01_8.mdl,"[-526.9879760742188, -538.0, -516.9920043945312]","[0.0, 0.0, 0.0]",owner-reviewed: separate opening/control geometry; preserve native room/checkpoint door behaviour; no static fake closed doors
lostschool_2:staticprop:85,lostschool_2,models/props_downtown/metal_window01_8.mdl,"[-624.9879760742188, -538.0, -516.9920043945312]","[0.0, 0.0, 0.0]",owner-reviewed: separate opening/control geometry; preserve native room/checkpoint door behaviour; no static fake closed doors
lostschool_2:staticprop:86,lostschool_2,models/props/de_nuke/window01.mdl,"[848.0120239257812, -544.0, -482.99200439453125]","[0.0, 269.0, 0.0]",owner-reviewed: separate opening/control geometry; preserve native room/checkpoint door behaviour; no static fake closed doors
lostschool_2:staticprop:87,lostschool_2,models/props_downtown/metal_window01_8.mdl,"[794.0120239257812, -538.0, -516.9920043945312]","[0.0, 0.0, 0.0]",owner-reviewed: separate opening/control geometry; preserve native room/checkpoint door behaviour; no static fake closed doors
lostschool_2:staticprop:88,lostschool_2,models/props_downtown/metal_window01_8.mdl,"[696.0120239257812, -538.0, -516.9920043945312]","[0.0, 0.0, 0.0]",owner-reviewed: separate opening/control geometry; preserve native room/checkpoint door behaviour; no static fake closed doors
lostschool_2:staticprop:89,lostschool_2,models/props/de_nuke/window01.mdl,"[603.9879760742188, 343.0, -482.99200439453125]","[0.0, 89.0, 0.0]",owner-reviewed: separate opening/control geometry; preserve native room/checkpoint door behaviour; no static fake closed doors
lostschool_2:staticprop:90,lostschool_2,models/props_downtown/metal_window01_8.mdl,"[755.9879760742188, 337.0, -516.9920043945312]","[0.0, 180.0, 0.0]",owner-reviewed: separate opening/control geometry; preserve native room/checkpoint door behaviour; no static fake closed doors
lostschool_2:staticprop:91,lostschool_2,models/props/de_nuke/window01.mdl,"[1513.77001953125, -549.0, -482.99200439453125]","[0.0, 268.9939880371094, 0.0]",owner-reviewed: separate opening/control geometry; preserve native room/checkpoint door behaviour; no static fake closed doors
lostschool_2:staticprop:92,lostschool_2,models/props_downtown/metal_window01_8.mdl,"[1459.449951171875, -543.0, -516.9920043945312]","[0.0, 0.0, 0.0]",owner-reviewed: separate opening/control geometry; preserve native room/checkpoint door behaviour; no static fake closed doors
lostschool_2:staticprop:93,lostschool_2,models/props_downtown/metal_window01_8.mdl,"[1360.8499755859375, -543.0, -516.9920043945312]","[0.0, 0.0, 0.0]",owner-reviewed: separate opening/control geometry; preserve native room/checkpoint door behaviour; no static fake closed doors
lostschool_2:staticprop:94,lostschool_2,models/props/de_nuke/window01.mdl,"[1847.780029296875, -549.0, -482.99200439453125]","[0.0, 268.9939880371094, 0.0]",owner-reviewed: separate opening/control geometry; preserve native room/checkpoint door behaviour; no static fake closed doors
lostschool_2:staticprop:95,lostschool_2,models/props_downtown/metal_window01_8.mdl,"[1793.449951171875, -543.0, -516.9920043945312]","[0.0, 0.0, 0.0]",owner-reviewed: separate opening/control geometry; preserve native room/checkpoint door behaviour; no static fake closed doors
lostschool_2:staticprop:96,lostschool_2,models/props_downtown/metal_window01_8.mdl,"[1694.8599853515625, -543.0, -516.9920043945312]","[0.0, 0.0, 0.0]",owner-reviewed: separate opening/control geometry; preserve native room/checkpoint door behaviour; no static fake closed doors
lostschool_2:staticprop:97,lostschool_2,models/props/de_nuke/window01.mdl,"[1595.239990234375, 338.0, -482.99200439453125]","[0.0, 88.99400329589844, 0.0]",owner-reviewed: separate opening/control geometry; preserve native room/checkpoint door behaviour; no static fake closed doors
lostschool_2:staticprop:98,lostschool_2,models/props_downtown/metal_window01_8.mdl,"[1748.1600341796875, 332.0, -516.9920043945312]","[0.0, 180.0, 0.0]",owner-reviewed: separate opening/control geometry; preserve native room/checkpoint door behaviour; no static fake closed doors
lostschool_2:staticprop:99,lostschool_2,models/props/de_nuke/window01.mdl,"[2181.780029296875, -549.0, -482.99200439453125]","[0.0, 268.9939880371094, 0.0]",owner-reviewed: separate opening/control geometry; preserve native room/checkpoint door behaviour; no static fake closed doors
lostschool_2:staticprop:100,lostschool_2,models/props_downtown/metal_window01_8.mdl,"[2127.449951171875, -543.0, -516.9920043945312]","[0.0, 0.0, 0.0]",owner-reviewed: separate opening/control geometry; preserve native room/checkpoint door behaviour; no static fake closed doors
lostschool_2:staticprop:101,lostschool_2,models/props_downtown/metal_window01_8.mdl,"[2028.8599853515625, -543.0, -516.9920043945312]","[0.0, 0.0, 0.0]",owner-reviewed: separate opening/control geometry; preserve native room/checkpoint door behaviour; no static fake closed doors
lostschool_2:staticprop:102,lostschool_2,models/props/de_nuke/window01.mdl,"[2842.739990234375, -549.0, -482.99200439453125]","[0.0, 268.9939880371094, 0.0]",owner-reviewed: separate opening/control geometry; preserve native room/checkpoint door behaviour; no static fake closed doors
lostschool_2:staticprop:103,lostschool_2,models/props_downtown/metal_window01_8.mdl,"[2788.419921875, -543.0, -516.9920043945312]","[0.0, 0.0, 0.0]",owner-reviewed: separate opening/control geometry; preserve native room/checkpoint door behaviour; no static fake closed doors
lostschool_2:staticprop:104,lostschool_2,models/props_downtown/metal_window01_8.mdl,"[2689.830078125, -543.0, -516.9920043945312]","[0.0, 0.0, 0.0]",owner-reviewed: separate opening/control geometry; preserve native room/checkpoint door behaviour; no static fake closed doors
lostschool_2:staticprop:105,lostschool_2,models/props/de_nuke/window01.mdl,"[2508.739990234375, -549.0, -482.99200439453125]","[0.0, 268.9939880371094, 0.0]",owner-reviewed: separate opening/control geometry; preserve native room/checkpoint door behaviour; no static fake closed doors
lostschool_2:staticprop:106,lostschool_2,models/props_downtown/metal_window01_8.mdl,"[2454.409912109375, -543.0, -516.9920043945312]","[0.0, 0.0, 0.0]",owner-reviewed: separate opening/control geometry; preserve native room/checkpoint door behaviour; no static fake closed doors
lostschool_2:staticprop:107,lostschool_2,models/props_downtown/metal_window01_8.mdl,"[2355.820068359375, -543.0, -516.9920043945312]","[0.0, 0.0, 0.0]",owner-reviewed: separate opening/control geometry; preserve native room/checkpoint door behaviour; no static fake closed doors
lostschool_2:staticprop:108,lostschool_2,models/props/de_nuke/window01.mdl,"[1929.239990234375, 338.0, -482.99200439453125]","[0.0, 88.99400329589844, 0.0]",owner-reviewed: separate opening/control geometry; preserve native room/checkpoint door behaviour; no static fake closed doors
lostschool_2:staticprop:109,lostschool_2,models/props_downtown/metal_window01_8.mdl,"[1983.5699462890625, 332.0, -516.9920043945312]","[0.0, 180.0, 0.0]",owner-reviewed: separate opening/control geometry; preserve native room/checkpoint door behaviour; no static fake closed doors
lostschool_2:staticprop:110,lostschool_2,models/props_downtown/metal_window01_8.mdl,"[2082.159912109375, 332.0, -516.9920043945312]","[0.0, 180.0, 0.0]",owner-reviewed: separate opening/control geometry; preserve native room/checkpoint door behaviour; no static fake closed doors
lostschool_2:staticprop:111,lostschool_2,models/props/de_nuke/window01.mdl,"[2263.25, 338.0, -482.99200439453125]","[0.0, 88.99400329589844, 0.0]",owner-reviewed: separate opening/control geometry; preserve native room/checkpoint door behaviour; no static fake closed doors
lostschool_2:staticprop:112,lostschool_2,models/props_downtown/metal_window01_8.mdl,"[2317.570068359375, 332.0, -516.9920043945312]","[0.0, 180.0, 0.0]",owner-reviewed: separate opening/control geometry; preserve native room/checkpoint door behaviour; no static fake closed doors
lostschool_2:staticprop:113,lostschool_2,models/props_downtown/metal_window01_8.mdl,"[2416.159912109375, 332.0, -516.9920043945312]","[0.0, 180.0, 0.0]",owner-reviewed: separate opening/control geometry; preserve native room/checkpoint door behaviour; no static fake closed doors
lostschool_2:staticprop:114,lostschool_2,models/props/de_nuke/window01.mdl,"[2597.25, 338.0, -482.99200439453125]","[0.0, 88.99400329589844, 0.0]",owner-reviewed: separate opening/control geometry; preserve native room/checkpoint door behaviour; no static fake closed doors
lostschool_2:staticprop:115,lostschool_2,models/props_downtown/metal_window01_8.mdl,"[2651.580078125, 332.0, -516.9920043945312]","[0.0, 180.0, 0.0]",owner-reviewed: separate opening/control geometry; preserve native room/checkpoint door behaviour; no static fake closed doors
lostschool_2:staticprop:116,lostschool_2,models/props_downtown/metal_window01_8.mdl,"[2750.169921875, 332.0, -516.9920043945312]","[0.0, 180.0, 0.0]",owner-reviewed: separate opening/control geometry; preserve native room/checkpoint door behaviour; no static fake closed doors
lostschool_2:staticprop:117,lostschool_2,models/props/de_nuke/window01.mdl,"[848.0120239257812, -535.02001953125, -243.99200439453125]","[0.0, 269.0, 0.0]",owner-reviewed: separate opening/control geometry; preserve native room/checkpoint door behaviour; no static fake closed doors
lostschool_2:staticprop:118,lostschool_2,models/props_downtown/metal_window01_8.mdl,"[794.0120239257812, -529.02001953125, -277.99200439453125]","[0.0, 0.0, 0.0]",owner-reviewed: separate opening/control geometry; preserve native room/checkpoint door behaviour; no static fake closed doors
lostschool_2:staticprop:119,lostschool_2,models/props_downtown/metal_window01_8.mdl,"[696.0120239257812, -529.02001953125, -277.99200439453125]","[0.0, 0.0, 0.0]",owner-reviewed: separate opening/control geometry; preserve native room/checkpoint door behaviour; no static fake closed doors
lostschool_2:staticprop:120,lostschool_2,models/props/de_nuke/window01.mdl,"[603.9879760742188, 343.0199890136719, -243.99200439453125]","[0.0, 89.0, 0.0]",owner-reviewed: separate opening/control geometry; preserve native room/checkpoint door behaviour; no static fake closed doors
lostschool_2:staticprop:121,lostschool_2,models/props_downtown/metal_window01_8.mdl,"[657.9879760742188, 337.0199890136719, -277.99200439453125]","[0.0, 180.0, 0.0]",owner-reviewed: separate opening/control geometry; preserve native room/checkpoint door behaviour; no static fake closed doors
lostschool_2:staticprop:122,lostschool_2,models/props_downtown/metal_window01_8.mdl,"[755.9879760742188, 337.0199890136719, -277.99200439453125]","[0.0, 180.0, 0.0]",owner-reviewed: separate opening/control geometry; preserve native room/checkpoint door behaviour; no static fake closed doors
lostschool_2:staticprop:123,lostschool_2,models/props/de_nuke/window01.mdl,"[2256.989990234375, 343.0199890136719, -243.99200439453125]","[0.0, 89.0, 0.0]",owner-reviewed: separate opening/control geometry; preserve native room/checkpoint door behaviour; no static fake closed doors
lostschool_2:staticprop:124,lostschool_2,models/props_downtown/metal_window01_8.mdl,"[2310.989990234375, 337.0199890136719, -277.99200439453125]","[0.0, 180.0, 0.0]",owner-reviewed: separate opening/control geometry; preserve native room/checkpoint door behaviour; no static fake closed doors
lostschool_2:staticprop:125,lostschool_2,models/props_downtown/metal_window01_8.mdl,"[2408.989990234375, 337.0199890136719, -277.99200439453125]","[0.0, 180.0, 0.0]",owner-reviewed: separate opening/control geometry; preserve native room/checkpoint door behaviour; no static fake closed doors
lostschool_2:staticprop:126,lostschool_2,models/props/de_nuke/window01.mdl,"[2511.010009765625, -540.02001953125, -243.99200439453125]","[0.0, 269.0, 0.0]",owner-reviewed: separate opening/control geometry; preserve native room/checkpoint door behaviour; no static fake closed doors
lostschool_2:staticprop:127,lostschool_2,models/props_downtown/metal_window01_8.mdl,"[2457.010009765625, -534.02001953125, -277.99200439453125]","[0.0, 0.0, 0.0]",owner-reviewed: separate opening/control geometry; preserve native room/checkpoint door behaviour; no static fake closed doors
lostschool_2:staticprop:128,lostschool_2,models/props_downtown/metal_window01_8.mdl,"[2359.010009765625, -534.02001953125, -277.99200439453125]","[0.0, 0.0, 0.0]",owner-reviewed: separate opening/control geometry; preserve native room/checkpoint door behaviour; no static fake closed doors
lostschool_2:staticprop:129,lostschool_2,models/props/cs_militia/ladderwood.mdl,"[2143.699951171875, -308.6289978027344, -287.3299865722656]","[15.5, 0.0, 0.0]",owner-reviewed: access/structural or breakable geometry; preserve verified native NAV and passage layout; Source collision/damage model absent
lostschool_2:staticprop:134,lostschool_2,models/props_downtown/metal_window01_8.mdl,"[2027.02001953125, -534.0, -277.99700927734375]","[0.0, 0.0, 0.0]",owner-reviewed: separate opening/control geometry; preserve native room/checkpoint door behaviour; no static fake closed doors
lostschool_2:staticprop:135,lostschool_2,models/props_downtown/metal_window01_8.mdl,"[2125.02001953125, -534.0, -277.99700927734375]","[0.0, 0.0, 0.0]",owner-reviewed: separate opening/control geometry; preserve native room/checkpoint door behaviour; no static fake closed doors
lostschool_2:staticprop:137,lostschool_2,models/props/de_nuke/window01.mdl,"[2179.02001953125, -540.0, -243.9969940185547]","[0.0, 269.0, 0.0]",owner-reviewed: separate opening/control geometry; preserve native room/checkpoint door behaviour; no static fake closed doors
lostschool_2:staticprop:138,lostschool_2,models/props/cs_militia/ladderwood.mdl,"[1987.699951171875, -308.6289978027344, -287.3299865722656]","[15.5, 180.0, 0.0]",owner-reviewed: access/structural or breakable geometry; preserve verified native NAV and passage layout; Source collision/damage model absent
lostschool_2:staticprop:143,lostschool_2,models/props/cs_militia/ladderwood.mdl,"[1303.31005859375, 111.62899780273438, -287.32501220703125]","[15.5, 180.0, 0.0]",owner-reviewed: access/structural or breakable geometry; preserve verified native NAV and passage layout; Source collision/damage model absent
lostschool_2:staticprop:148,lostschool_2,models/props_downtown/metal_window01_8.mdl,"[1419.989990234375, 337.0, -277.99200439453125]","[0.0, 180.0, 0.0]",owner-reviewed: separate opening/control geometry; preserve native room/checkpoint door behaviour; no static fake closed doors
lostschool_2:staticprop:149,lostschool_2,models/props_downtown/metal_window01_8.mdl,"[1321.989990234375, 337.0, -277.99200439453125]","[0.0, 180.0, 0.0]",owner-reviewed: separate opening/control geometry; preserve native room/checkpoint door behaviour; no static fake closed doors
lostschool_2:staticprop:151,lostschool_2,models/props/de_nuke/window01.mdl,"[1267.989990234375, 343.0, -243.99200439453125]","[0.0, 89.0, 0.0]",owner-reviewed: separate opening/control geometry; preserve native room/checkpoint door behaviour; no static fake closed doors
lostschool_2:staticprop:152,lostschool_2,models/props/cs_militia/ladderwood.mdl,"[1459.31005859375, 111.62899780273438, -287.32501220703125]","[15.5, 0.0, 0.0]",owner-reviewed: access/structural or breakable geometry; preserve verified native NAV and passage layout; Source collision/damage model absent
lostschool_2:staticprop:157,lostschool_2,models/props/de_nuke/window01.mdl,"[935.9879760742188, 343.0199890136719, -241.99200439453125]","[0.0, 89.0, 0.0]",owner-reviewed: separate opening/control geometry; preserve native room/checkpoint door behaviour; no static fake closed doors
lostschool_2:staticprop:158,lostschool_2,models/props_downtown/metal_window01_8.mdl,"[989.9879760742188, 337.0199890136719, -275.99200439453125]","[0.0, 180.0, 0.0]",owner-reviewed: separate opening/control geometry; preserve native room/checkpoint door behaviour; no static fake closed doors
lostschool_2:staticprop:159,lostschool_2,models/props_downtown/metal_window01_8.mdl,"[1087.989990234375, 337.0199890136719, -275.99200439453125]","[0.0, 180.0, 0.0]",owner-reviewed: separate opening/control geometry; preserve native room/checkpoint door behaviour; no static fake closed doors
lostschool_2:staticprop:160,lostschool_2,models/props/de_nuke/window01.mdl,"[2588.989990234375, 343.0199890136719, -243.99200439453125]","[0.0, 89.0, 0.0]",owner-reviewed: separate opening/control geometry; preserve native room/checkpoint door behaviour; no static fake closed doors
lostschool_2:staticprop:161,lostschool_2,models/props_downtown/metal_window01_8.mdl,"[2642.989990234375, 337.0199890136719, -277.99200439453125]","[0.0, 180.0, 0.0]",owner-reviewed: separate opening/control geometry; preserve native room/checkpoint door behaviour; no static fake closed doors
lostschool_2:staticprop:162,lostschool_2,models/props_downtown/metal_window01_8.mdl,"[2740.989990234375, 337.0199890136719, -277.99200439453125]","[0.0, 180.0, 0.0]",owner-reviewed: separate opening/control geometry; preserve native room/checkpoint door behaviour; no static fake closed doors
lostschool_2:staticprop:163,lostschool_2,models/props/de_nuke/window01.mdl,"[2843.010009765625, -540.02001953125, -243.99200439453125]","[0.0, 269.0, 0.0]",owner-reviewed: separate opening/control geometry; preserve native room/checkpoint door behaviour; no static fake closed doors
lostschool_2:staticprop:164,lostschool_2,models/props_downtown/metal_window01_8.mdl,"[2789.010009765625, -534.02001953125, -277.99200439453125]","[0.0, 0.0, 0.0]",owner-reviewed: separate opening/control geometry; preserve native room/checkpoint door behaviour; no static fake closed doors
lostschool_2:staticprop:165,lostschool_2,models/props_downtown/metal_window01_8.mdl,"[2691.010009765625, -534.02001953125, -277.99200439453125]","[0.0, 0.0, 0.0]",owner-reviewed: separate opening/control geometry; preserve native room/checkpoint door behaviour; no static fake closed doors
lostschool_2:staticprop:166,lostschool_2,models/props_downtown/metal_door_doublewide_112_16_frame.mdl,"[-770.0, -152.0, -80.35600280761719]","[0.0, 0.0, 0.0]",owner-reviewed: separate opening/control geometry; preserve native room/checkpoint door behaviour; no static fake closed doors
lostschool_2:staticprop:172,lostschool_2,models/props_cemetery/curb_128.mdl,"[-3.0, -162.0, -335.0]","[19.5, 0.0, 0.0]",owner-reviewed model group; outside requested bed/table/cabinet/chair/lighting scope; exact mesh or interactive state unavailable
lostschool_2:staticprop:173,lostschool_2,models/props_debris/walldestroyed01a.mdl,"[61.0, -87.0, -367.0]","[51.5, 180.0, 180.0]",owner-reviewed model group; outside requested bed/table/cabinet/chair/lighting scope; exact mesh or interactive state unavailable
lostschool_2:staticprop:175,lostschool_2,models/props_debris/walldestroyed05a.mdl,"[424.0, -99.0, -564.0]","[87.49949645996094, 179.1009979248047, -1.3965100049972534]",owner-reviewed model group; outside requested bed/table/cabinet/chair/lighting scope; exact mesh or interactive state unavailable
lostschool_2:staticprop:176,lostschool_2,models/props_downtown/metal_door_doublewide_112_16_frame.mdl,"[-770.0, -152.0, -321.3559875488281]","[0.0, 0.0, 0.0]",owner-reviewed: separate opening/control geometry; preserve native room/checkpoint door behaviour; no static fake closed doors
lostschool_2:staticprop:177,lostschool_2,models/props_downtown/metal_door_doublewide_112_16_frame.mdl,"[-770.0, -152.0, -563.3560180664062]","[0.0, 0.0, 0.0]",owner-reviewed: separate opening/control geometry; preserve native room/checkpoint door behaviour; no static fake closed doors
lostschool_2:staticprop:178,lostschool_2,models/props_downtown/metal_window01_8.mdl,"[1238.0, 253.0, -506.0]","[0.0, 90.0, 0.0]",owner-reviewed: separate opening/control geometry; preserve native room/checkpoint door behaviour; no static fake closed doors
lostschool_2:staticprop:179,lostschool_2,models/props_downtown/metal_window01_8.mdl,"[1238.0, 154.22300720214844, -506.0]","[0.0, 90.0, 0.0]",owner-reviewed: separate opening/control geometry; preserve native room/checkpoint door behaviour; no static fake closed doors
lostschool_2:staticprop:191,lostschool_2,models/props/de_nuke/electricalbox02.mdl,"[1428.0, 318.8179931640625, -546.0]","[0.0, 270.99200439453125, 0.0]",owner-reviewed model group; outside requested bed/table/cabinet/chair/lighting scope; exact mesh or interactive state unavailable
lostschool_2:staticprop:192,lostschool_2,models/props/de_nuke/electricalbox01.mdl,"[1559.0, 124.0, -554.0]","[0.0, 180.0, 0.0]",owner-reviewed model group; outside requested bed/table/cabinet/chair/lighting scope; exact mesh or interactive state unavailable
lostschool_2:staticprop:193,lostschool_2,models/props_c17/handrail04_doublerise.mdl,"[1065.0, -340.2720031738281, -367.0]","[0.0, 0.0, 0.0]",owner-reviewed: access/structural or breakable geometry; preserve verified native NAV and passage layout; Source collision/damage model absent
lostschool_2:staticprop:194,lostschool_2,models/props_c17/handrail04_doublerise.mdl,"[1055.0, -348.5740051269531, -483.5419921875]","[0.0, 180.0, 0.8567090034484863]",owner-reviewed: access/structural or breakable geometry; preserve verified native NAV and passage layout; Source collision/damage model absent
lostschool_2:staticprop:195,lostschool_2,models/props_equipment/snack_machine.mdl,"[911.0, 233.0, -560.0]","[0.0, 0.0, 0.0]",owner-reviewed model group; outside requested bed/table/cabinet/chair/lighting scope; exact mesh or interactive state unavailable
lostschool_2:staticprop:196,lostschool_2,models/props_equipment/snack_machine.mdl,"[912.4000244140625, 187.00999450683594, -560.0]","[0.0, 0.0, 0.0]",owner-reviewed model group; outside requested bed/table/cabinet/chair/lighting scope; exact mesh or interactive state unavailable
lostschool_2:staticprop:198,lostschool_2,models/props_unique/park_gazebo_steps.mdl,"[1143.0, 203.0, -582.0700073242188]","[0.0, 90.0, 0.0]",owner-reviewed model group; outside requested bed/table/cabinet/chair/lighting scope; exact mesh or interactive state unavailable
lostschool_2:staticprop:199,lostschool_2,models/props_unique/park_gazebo_steps.mdl,"[1025.0, 203.0, -582.0700073242188]","[0.0, 90.0, 0.0]",owner-reviewed model group; outside requested bed/table/cabinet/chair/lighting scope; exact mesh or interactive state unavailable
lostschool_2:staticprop:200,lostschool_2,models/props_unique/park_gazebo_steps.mdl,"[905.0, 203.0, -582.0700073242188]","[0.0, 90.0, 0.0]",owner-reviewed model group; outside requested bed/table/cabinet/chair/lighting scope; exact mesh or interactive state unavailable
lostschool_2:staticprop:207,lostschool_2,models/props_vehicles/train_ladder.mdl,"[-593.0, 261.0, -208.0]","[0.0, 90.0, 0.0]",owner-reviewed: access/structural or breakable geometry; preserve verified native NAV and passage layout; Source collision/damage model absent
lostschool_2:staticprop:208,lostschool_2,models/props_vehicles/tanker001a.mdl,"[583.7239990234375, 870.1610107421875, -484.1300048828125]","[-2.472520112991333, 278.50799560546875, -0.36975300312042236]",owner-reviewed: large vehicle/setpiece or scripted control; outside furniture/light template scope; exact mesh/animation absent
lostschool_2:staticprop:209,lostschool_2,models/props_vehicles/truck001a.mdl,"[496.0, 823.0, -523.0]","[1.767490029335022, 44.97269821166992, -1.7683299779891968]",owner-reviewed: large vehicle/setpiece or scripted control; outside furniture/light template scope; exact mesh/animation absent
lostschool_2:staticprop:210,lostschool_2,models/props_vehicles/tankertrailer.mdl,"[289.7239990234375, 1026.0, -560.0]","[-1.9831500053405762, 232.4739990234375, 1.522510051727295]",owner-reviewed: access/structural or breakable geometry; preserve verified native NAV and passage layout; Source collision/damage model absent
lostschool_2:staticprop:211,lostschool_2,models/props_street/police_barricade2.mdl,"[2098.080078125, 1015.0, -581.7999877929688]","[0.0, 2.5000100135803223, 0.0]",owner-reviewed: access/structural or breakable geometry; preserve verified native NAV and passage layout; Source collision/damage model absent
lostschool_2:staticprop:212,lostschool_2,models/props_street/police_barricade.mdl,"[2093.080078125, 1114.0, -580.2899780273438]","[0.0, 4.500010013580322, 0.0]",owner-reviewed: access/structural or breakable geometry; preserve verified native NAV and passage layout; Source collision/damage model absent
lostschool_2:staticprop:213,lostschool_2,models/props_street/police_barricade2.mdl,"[2090.080078125, 1209.0, -581.7999877929688]","[0.0, 2.5000100135803223, 0.0]",owner-reviewed: access/structural or breakable geometry; preserve verified native NAV and passage layout; Source collision/damage model absent
lostschool_2:staticprop:214,lostschool_2,models/props_street/police_barricade2.mdl,"[2037.0, 1326.0, -580.0]","[0.0, 43.5, 0.0]",owner-reviewed: access/structural or breakable geometry; preserve verified native NAV and passage layout; Source collision/damage model absent
lostschool_2:staticprop:216,lostschool_2,models/deadbodies/cemetary/barricade_c.mdl,"[1532.0, 1245.0, -572.47802734375]","[0.0, 0.0, 0.0]",owner-reviewed: compound corpse/setpiece mesh; generic furniture boxes would misrepresent it; exact Source mesh absent
lostschool_2:staticprop:217,lostschool_2,models/props/de_nuke/window01.mdl,"[1924.989990234375, 343.0, -243.99200439453125]","[0.0, 89.0, 0.0]",owner-reviewed: separate opening/control geometry; preserve native room/checkpoint door behaviour; no static fake closed doors
lostschool_2:staticprop:218,lostschool_2,models/props_downtown/metal_window01_8.mdl,"[2076.989990234375, 337.0, -277.99200439453125]","[0.0, 180.0, 0.0]",owner-reviewed: separate opening/control geometry; preserve native room/checkpoint door behaviour; no static fake closed doors
lostschool_2:staticprop:219,lostschool_2,models/props_downtown/metal_window01_8.mdl,"[1978.989990234375, 337.0, -277.99200439453125]","[0.0, 180.0, 0.0]",owner-reviewed: separate opening/control geometry; preserve native room/checkpoint door behaviour; no static fake closed doors
lostschool_2:staticprop:220,lostschool_2,models/props/de_nuke/window01.mdl,"[1592.989990234375, 343.0, -242.99200439453125]","[0.0, 89.0, 0.0]",owner-reviewed: separate opening/control geometry; preserve native room/checkpoint door behaviour; no static fake closed doors
lostschool_2:staticprop:221,lostschool_2,models/props_downtown/metal_window01_8.mdl,"[1744.989990234375, 337.0, -276.99200439453125]","[0.0, 180.0, 0.0]",owner-reviewed: separate opening/control geometry; preserve native room/checkpoint door behaviour; no static fake closed doors
lostschool_2:staticprop:222,lostschool_2,models/props_downtown/metal_window01_8.mdl,"[1646.989990234375, 337.0, -276.99200439453125]","[0.0, 180.0, 0.0]",owner-reviewed: separate opening/control geometry; preserve native room/checkpoint door behaviour; no static fake closed doors
lostschool_2:staticprop:223,lostschool_2,models/props/de_nuke/window01.mdl,"[-60.012001037597656, 343.0, -243.99200439453125]","[0.0, 89.0, 0.0]",owner-reviewed: separate opening/control geometry; preserve native room/checkpoint door behaviour; no static fake closed doors
lostschool_2:staticprop:224,lostschool_2,models/props_downtown/metal_window01_8.mdl,"[-6.011990070343018, 337.0, -277.99200439453125]","[0.0, 180.0, 0.0]",owner-reviewed: separate opening/control geometry; preserve native room/checkpoint door behaviour; no static fake closed doors
lostschool_2:staticprop:225,lostschool_2,models/props_downtown/metal_window01_8.mdl,"[91.98799896240234, 337.0, -277.99200439453125]","[0.0, 180.0, 0.0]",owner-reviewed: separate opening/control geometry; preserve native room/checkpoint door behaviour; no static fake closed doors
lostschool_2:staticprop:226,lostschool_2,models/props/de_nuke/window01.mdl,"[-392.0119934082031, 343.0, -243.99200439453125]","[0.0, 89.0, 0.0]",owner-reviewed: separate opening/control geometry; preserve native room/checkpoint door behaviour; no static fake closed doors
lostschool_2:staticprop:227,lostschool_2,models/props_downtown/metal_window01_8.mdl,"[-338.0119934082031, 337.0, -277.99200439453125]","[0.0, 180.0, 0.0]",owner-reviewed: separate opening/control geometry; preserve native room/checkpoint door behaviour; no static fake closed doors
lostschool_2:staticprop:228,lostschool_2,models/props_downtown/metal_window01_8.mdl,"[-240.01199340820312, 337.0, -277.99200439453125]","[0.0, 180.0, 0.0]",owner-reviewed: separate opening/control geometry; preserve native room/checkpoint door behaviour; no static fake closed doors
lostschool_2:staticprop:229,lostschool_2,models/props_downtown/metal_window01_8.mdl,"[755.9879760742188, 345.0199890136719, -37.992000579833984]","[0.0, 180.0, 0.0]",owner-reviewed: separate opening/control geometry; preserve native room/checkpoint door behaviour; no static fake closed doors
lostschool_2:staticprop:230,lostschool_2,models/props_downtown/metal_window01_8.mdl,"[657.9879760742188, 345.0199890136719, -37.992000579833984]","[0.0, 180.0, 0.0]",owner-reviewed: separate opening/control geometry; preserve native room/checkpoint door behaviour; no static fake closed doors
lostschool_2:staticprop:231,lostschool_2,models/props/de_nuke/window01.mdl,"[603.9879760742188, 351.0199890136719, -3.992000102996826]","[0.0, 89.0, 0.0]",owner-reviewed: separate opening/control geometry; preserve native room/checkpoint door behaviour; no static fake closed doors
lostschool_2:staticprop:232,lostschool_2,models/props_downtown/metal_window01_8.mdl,"[423.9880065917969, 345.0199890136719, -37.992000579833984]","[0.0, 180.0, 0.0]",owner-reviewed: separate opening/control geometry; preserve native room/checkpoint door behaviour; no static fake closed doors
lostschool_2:staticprop:233,lostschool_2,models/props_downtown/metal_window01_8.mdl,"[325.9880065917969, 345.0199890136719, -37.992000579833984]","[0.0, 180.0, 0.0]",owner-reviewed: separate opening/control geometry; preserve native room/checkpoint door behaviour; no static fake closed doors
lostschool_2:staticprop:234,lostschool_2,models/props/de_nuke/window01.mdl,"[271.9880065917969, 351.0199890136719, -3.992000102996826]","[0.0, 89.0, 0.0]",owner-reviewed: separate opening/control geometry; preserve native room/checkpoint door behaviour; no static fake closed doors
lostschool_2:staticprop:235,lostschool_2,models/props_downtown/metal_window01_8.mdl,"[91.98799896240234, 345.0, -37.992000579833984]","[0.0, 180.0, 0.0]",owner-reviewed: separate opening/control geometry; preserve native room/checkpoint door behaviour; no static fake closed doors
lostschool_2:staticprop:236,lostschool_2,models/props_downtown/metal_window01_8.mdl,"[-6.011990070343018, 345.0, -37.992000579833984]","[0.0, 180.0, 0.0]",owner-reviewed: separate opening/control geometry; preserve native room/checkpoint door behaviour; no static fake closed doors
lostschool_2:staticprop:237,lostschool_2,models/props/de_nuke/window01.mdl,"[-60.012001037597656, 351.0, -3.992000102996826]","[0.0, 89.0, 0.0]",owner-reviewed: separate opening/control geometry; preserve native room/checkpoint door behaviour; no static fake closed doors
lostschool_2:staticprop:238,lostschool_2,models/props/de_nuke/window01.mdl,"[-392.0119934082031, 351.0, -3.992000102996826]","[0.0, 89.0, 0.0]",owner-reviewed: separate opening/control geometry; preserve native room/checkpoint door behaviour; no static fake closed doors
lostschool_2:staticprop:239,lostschool_2,models/props_downtown/metal_window01_8.mdl,"[-338.0119934082031, 345.0, -37.992000579833984]","[0.0, 180.0, 0.0]",owner-reviewed: separate opening/control geometry; preserve native room/checkpoint door behaviour; no static fake closed doors
lostschool_2:staticprop:240,lostschool_2,models/props_downtown/metal_window01_8.mdl,"[-240.01199340820312, 345.0, -37.992000579833984]","[0.0, 180.0, 0.0]",owner-reviewed: separate opening/control geometry; preserve native room/checkpoint door behaviour; no static fake closed doors
lostschool_2:staticprop:241,lostschool_2,models/props_unique/skybox_cityscape_highrise.mdl,"[-4905.0, -57.0, 476.0]","[0.0, 0.9999970197677612, 0.0]",owner-reviewed: skybox scale/origin cannot be inferred as ordinary room furniture
lostschool_2:staticprop:242,lostschool_2,models/props_unique/skybox_cityscape_highrise.mdl,"[-4511.0, 461.0, 474.0]","[0.0, 269.5, 0.0]",owner-reviewed: skybox scale/origin cannot be inferred as ordinary room furniture
lostschool_2:staticprop:243,lostschool_2,models/props_unique/skybox_cityscape_highrise.mdl,"[-2811.0, 1600.0, 475.0]","[0.0, 90.0, 0.0]",owner-reviewed: skybox scale/origin cannot be inferred as ordinary room furniture
lostschool_2:staticprop:244,lostschool_2,models/props_unique/skybox_cityscape_highrise.mdl,"[-3280.0, 172.0, 488.0]","[0.0, 90.0, 0.0]",owner-reviewed: skybox scale/origin cannot be inferred as ordinary room furniture
lostschool_2:staticprop:245,lostschool_2,models/props_foliage/tree_pine_large.mdl,"[1473.0, 547.0, -506.0]","[0.0, 0.0, 0.0]",owner-reviewed: large foliage/tent geometry; exact silhouette/base-game mesh absent
lostschool_2:staticprop:246,lostschool_2,models/props_foliage/tree_pine_large.mdl,"[757.9840087890625, 549.0330200195312, -505.28399658203125]","[0.0, 0.0, 0.0]",owner-reviewed: large foliage/tent geometry; exact silhouette/base-game mesh absent
lostschool_2:staticprop:247,lostschool_2,models/props_foliage/trees_dryleaves01.mdl,"[1783.18994140625, 563.6909790039062, -497.9079895019531]","[0.0, 0.0, 0.0]",owner-reviewed: large foliage/tent geometry; exact silhouette/base-game mesh absent
lostschool_2:staticprop:248,lostschool_2,models/props_foliage/tree_pine_large.mdl,"[2121.0, 553.0, -529.0]","[0.0, 0.0, 0.0]",owner-reviewed: large foliage/tent geometry; exact silhouette/base-game mesh absent
lostschool_2:staticprop:249,lostschool_2,models/props_foliage/urban_tree_base_bushes01.mdl,"[631.0, 564.0, -506.0]","[0.0, 0.0, 0.0]",owner-reviewed: large foliage/tent geometry; exact silhouette/base-game mesh absent
lostschool_2:staticprop:250,lostschool_2,models/props_foliage/urban_tree_base_bushes01_large.mdl,"[452.3380126953125, 614.0, -509.0]","[0.0, 0.0, 0.0]",owner-reviewed: large foliage/tent geometry; exact silhouette/base-game mesh absent
lostschool_2:staticprop:251,lostschool_2,models/props_foliage/urban_tree_base_bushes01_large.mdl,"[452.3380126953125, 516.0, -498.0]","[0.0, 0.0, 0.0]",owner-reviewed: large foliage/tent geometry; exact silhouette/base-game mesh absent
lostschool_2:staticprop:252,lostschool_2,models/props_foliage/urban_trees_cluster01.mdl,"[294.77801513671875, 580.0269775390625, -497.9079895019531]","[0.0, 0.0, 0.0]",owner-reviewed: large foliage/tent geometry; exact silhouette/base-game mesh absent
lostschool_2:staticprop:253,lostschool_2,models/props_foliage/urban_trees_dryleaves01.mdl,"[-3.5497100353240967, 540.0, -526.0]","[0.0, 0.0, 0.0]",owner-reviewed: large foliage/tent geometry; exact silhouette/base-game mesh absent
lostschool_2:staticprop:254,lostschool_2,models/props_foliage/urban_trees_dryleaves01_dense.mdl,"[-378.0, 538.0659790039062, -537.0]","[0.0, 0.0, 0.0]",owner-reviewed: large foliage/tent geometry; exact silhouette/base-game mesh absent
lostschool_2:staticprop:255,lostschool_2,models/props_foliage/urban_tree_base_bushes01_large.mdl,"[266.3659973144531, 606.4619750976562, -496.760009765625]","[0.0, 0.0, 0.0]",owner-reviewed: large foliage/tent geometry; exact silhouette/base-game mesh absent
lostschool_2:staticprop:256,lostschool_2,models/props_foliage/urban_tree_base_bushes01_large.mdl,"[61.41749954223633, 572.0369873046875, -521.9199829101562]","[0.0, 0.0, 0.0]",owner-reviewed: large foliage/tent geometry; exact silhouette/base-game mesh absent
lostschool_2:staticprop:257,lostschool_2,models/props_foliage/urban_tree_base_bushes01_large.mdl,"[-131.97999572753906, 544.0759887695312, -521.9199829101562]","[0.0, 302.5, 0.0]",owner-reviewed: large foliage/tent geometry; exact silhouette/base-game mesh absent
lostschool_2:staticprop:258,lostschool_2,models/props_foliage/urban_tree_base_bushes01_large.mdl,"[-507.0, 544.0759887695312, -528.0]","[0.0, 302.5, 0.0]",owner-reviewed: large foliage/tent geometry; exact silhouette/base-game mesh absent
lostschool_2:staticprop:259,lostschool_2,models/props_foliage/urban_tree_base_bushes01_large.mdl,"[-240.0, 544.0759887695312, -529.0]","[0.0, 302.5, 0.0]",owner-reviewed: large foliage/tent geometry; exact silhouette/base-game mesh absent
lostschool_2:staticprop:260,lostschool_2,models/props_foliage/urban_trees_dryleaves01_dense.mdl,"[72.17469787597656, 1577.0, -480.0]","[0.0, 0.0, 0.0]",owner-reviewed: large foliage/tent geometry; exact silhouette/base-game mesh absent
lostschool_2:staticprop:261,lostschool_2,models/props_foliage/urban_trees_dryleaves01.mdl,"[446.625, 1578.9300537109375, -469.0]","[0.0, 0.0, 0.0]",owner-reviewed: large foliage/tent geometry; exact silhouette/base-game mesh absent
lostschool_2:staticprop:262,lostschool_2,models/props_foliage/urban_tree_base_bushes01_large.mdl,"[318.1940002441406, 1583.010009765625, -464.9200134277344]","[0.0, 302.5, 0.0]",owner-reviewed: large foliage/tent geometry; exact silhouette/base-game mesh absent
lostschool_2:staticprop:263,lostschool_2,models/props_foliage/urban_tree_base_bushes01_large.mdl,"[210.1750030517578, 1583.010009765625, -472.0]","[0.0, 302.5, 0.0]",owner-reviewed: large foliage/tent geometry; exact silhouette/base-game mesh absent
lostschool_2:staticprop:264,lostschool_2,models/props_foliage/urban_tree_base_bushes01_large.mdl,"[-56.82529830932617, 1583.010009765625, -471.0]","[0.0, 302.5, 0.0]",owner-reviewed: large foliage/tent geometry; exact silhouette/base-game mesh absent
lostschool_2:staticprop:265,lostschool_2,models/props_foliage/tree_pine_large.mdl,"[761.2589721679688, 1567.699951171875, -480.9620056152344]","[0.0, 0.0, 0.0]",owner-reviewed: large foliage/tent geometry; exact silhouette/base-game mesh absent
lostschool_2:staticprop:266,lostschool_2,models/props_foliage/urban_tree_base_bushes01_large.mdl,"[1059.4200439453125, 1524.5899658203125, -472.43798828125]","[0.0, 0.0, 0.0]",owner-reviewed: large foliage/tent geometry; exact silhouette/base-game mesh absent
lostschool_2:staticprop:267,lostschool_2,models/props_foliage/urban_tree_base_bushes01_large.mdl,"[905.4199829101562, 1586.5400390625, -472.43798828125]","[0.0, 0.0, 0.0]",owner-reviewed: large foliage/tent geometry; exact silhouette/base-game mesh absent
lostschool_2:staticprop:268,lostschool_2,models/props_foliage/urban_tree_base_bushes01_large.mdl,"[907.7930297851562, 1478.0699462890625, -472.43798828125]","[0.0, 0.0, 0.0]",owner-reviewed: large foliage/tent geometry; exact silhouette/base-game mesh absent
lostschool_2:staticprop:269,lostschool_2,models/props_foliage/urban_tree_base_bushes01_large.mdl,"[1123.550048828125, 1540.449951171875, -472.43798828125]","[0.0, 0.0, 0.0]",owner-reviewed: large foliage/tent geometry; exact silhouette/base-game mesh absent
lostschool_2:staticprop:270,lostschool_2,models/props_foliage/urban_tree_base_bushes01_large.mdl,"[1214.5799560546875, 1481.1700439453125, -472.43798828125]","[0.0, 0.0, 0.0]",owner-reviewed: large foliage/tent geometry; exact silhouette/base-game mesh absent
lostschool_2:staticprop:271,lostschool_2,models/props_foliage/trees_dryleaves01.mdl,"[1612.469970703125, 1538.260009765625, -481.8030090332031]","[0.0, 0.0, 0.0]",owner-reviewed: large foliage/tent geometry; exact silhouette/base-game mesh absent
lostschool_2:staticprop:272,lostschool_2,models/props_foliage/tree_pine_large.mdl,"[1788.449951171875, 1535.6600341796875, -480.9620056152344]","[0.0, 0.0, 0.0]",owner-reviewed: large foliage/tent geometry; exact silhouette/base-game mesh absent
lostschool_2:staticprop:273,lostschool_2,models/props_foliage/tree_pine_large.mdl,"[2083.389892578125, 1544.0699462890625, -480.9620056152344]","[0.0, 271.0, 0.0]",owner-reviewed: large foliage/tent geometry; exact silhouette/base-game mesh absent
lostschool_2:staticprop:274,lostschool_2,models/props_foliage/urban_tree_base_bushes01_large.mdl,"[847.9290161132812, 476.0, -499.0]","[0.0, 0.0, 0.0]",owner-reviewed: large foliage/tent geometry; exact silhouette/base-game mesh absent
lostschool_2:staticprop:275,lostschool_2,models/props_foliage/urban_tree_base_bushes01_large.mdl,"[826.52099609375, 594.4970092773438, -496.760009765625]","[0.0, 0.0, 0.0]",owner-reviewed: large foliage/tent geometry; exact silhouette/base-game mesh absent
lostschool_2:staticprop:276,lostschool_2,models/props_foliage/urban_tree_base_bushes01_large.mdl,"[693.85302734375, 625.1959838867188, -496.760009765625]","[0.0, 0.0, 0.0]",owner-reviewed: large foliage/tent geometry; exact silhouette/base-game mesh absent
lostschool_2:staticprop:277,lostschool_2,models/props_foliage/urban_tree_base_bushes01_large.mdl,"[1294.0, 586.0, -496.760009765625]","[0.0, 0.0, 0.0]",owner-reviewed: large foliage/tent geometry; exact silhouette/base-game mesh absent
lostschool_2:staticprop:278,lostschool_2,models/props_foliage/urban_tree_base_bushes01_large.mdl,"[1275.8599853515625, 486.9679870605469, -496.760009765625]","[0.0, 0.0, 0.0]",owner-reviewed: large foliage/tent geometry; exact silhouette/base-game mesh absent
lostschool_2:staticprop:279,lostschool_2,models/props_foliage/urban_tree_base_bushes01_large.mdl,"[1391.3299560546875, 616.0390014648438, -496.760009765625]","[0.0, 0.0, 0.0]",owner-reviewed: large foliage/tent geometry; exact silhouette/base-game mesh absent
lostschool_2:staticprop:280,lostschool_2,models/props_foliage/urban_tree_base_bushes01_large.mdl,"[1498.949951171875, 618.885009765625, -496.760009765625]","[0.0, 0.0, 0.0]",owner-reviewed: large foliage/tent geometry; exact silhouette/base-game mesh absent
lostschool_2:staticprop:281,lostschool_2,models/props_foliage/urban_tree_base_bushes01_large.mdl,"[1852.280029296875, 632.8200073242188, -496.760009765625]","[0.0, 0.0, 0.0]",owner-reviewed: large foliage/tent geometry; exact silhouette/base-game mesh absent
lostschool_2:staticprop:282,lostschool_2,models/props_foliage/urban_tree_base_bushes01_large.mdl,"[1714.0699462890625, 607.4810180664062, -496.760009765625]","[0.0, 0.0, 0.0]",owner-reviewed: large foliage/tent geometry; exact silhouette/base-game mesh absent
lostschool_2:staticprop:283,lostschool_2,models/props_foliage/urban_tree_base_bushes01_large.mdl,"[1599.25, 616.5460205078125, -496.760009765625]","[0.0, 0.0, 0.0]",owner-reviewed: large foliage/tent geometry; exact silhouette/base-game mesh absent
lostschool_2:staticprop:284,lostschool_2,models/props_foliage/urban_tree_base_bushes01_large.mdl,"[1525.6300048828125, 1476.06005859375, -472.43798828125]","[0.0, 0.0, 0.0]",owner-reviewed: large foliage/tent geometry; exact silhouette/base-game mesh absent
lostschool_2:staticprop:285,lostschool_2,models/props_foliage/urban_tree_base_bushes01_large.mdl,"[1672.8199462890625, 1455.6199951171875, -472.43798828125]","[0.0, 0.0, 0.0]",owner-reviewed: large foliage/tent geometry; exact silhouette/base-game mesh absent
lostschool_2:staticprop:286,lostschool_2,models/props_foliage/urban_tree_base_bushes01_large.mdl,"[1387.52001953125, 1489.219970703125, -472.43798828125]","[0.0, 0.0, 0.0]",owner-reviewed: large foliage/tent geometry; exact silhouette/base-game mesh absent
lostschool_2:staticprop:287,lostschool_2,models/props_foliage/urban_tree_base_bushes01_large.mdl,"[1302.050048828125, 1530.8399658203125, -472.43798828125]","[0.0, 0.0, 0.0]",owner-reviewed: large foliage/tent geometry; exact silhouette/base-game mesh absent
lostschool_2:staticprop:288,lostschool_2,models/props_foliage/urban_tree_base_bushes01_large.mdl,"[1313.0, 1486.0, -472.43798828125]","[0.0, 0.0, 0.0]",owner-reviewed: large foliage/tent geometry; exact silhouette/base-game mesh absent
lostschool_2:staticprop:289,lostschool_2,models/props_foliage/urban_tree_base_bushes01_large.mdl,"[575.1680297851562, 1498.0799560546875, -472.43798828125]","[0.0, 0.0, 0.0]",owner-reviewed: large foliage/tent geometry; exact silhouette/base-game mesh absent
lostschool_2:entity:89,lostschool_2,models/props_doors/doormain01.mdl,"[-677.01, 323.0, -26.363]","[0.0, 181.0, 0.0]",owner-reviewed: separate opening/control geometry; preserve native room/checkpoint door behaviour; no static fake closed doors
lostschool_2:entity:325,lostschool_2,models/props_doors/doormain01.mdl,"[-512.99, -515.0, -27.363]","[0.0, 0.999994, 0.0]",owner-reviewed: separate opening/control geometry; preserve native room/checkpoint door behaviour; no static fake closed doors
lostschool_2:entity:512,lostschool_2,models/props_doors/doormainmetal01.mdl,"[-232.99, -27.096, -25.636]","[0.0, 90.0081, 0.0]",owner-reviewed: separate opening/control geometry; preserve native room/checkpoint door behaviour; no static fake closed doors
lostschool_2:entity:523,lostschool_2,models/props_doors/doormainmetal01.mdl,"[96.01, -27.0961, -25.293]","[0.0, 90.0081, 0.0]",owner-reviewed: separate opening/control geometry; preserve native room/checkpoint door behaviour; no static fake closed doors
lostschool_2:entity:547,lostschool_2,models/props_doors/doormainmetal01.mdl,"[32.01, -165.018, -25.636]","[0.0, 270.008, 0.0]",owner-reviewed: separate opening/control geometry; preserve native room/checkpoint door behaviour; no static fake closed doors
lostschool_2:entity:558,lostschool_2,models/props_doors/doormainmetal01.mdl,"[-296.99, -165.018, -25.293]","[0.0, 270.008, 0.0]",owner-reviewed: separate opening/control geometry; preserve native room/checkpoint door behaviour; no static fake closed doors
lostschool_2:entity:580,lostschool_2,models/props_doors/doormainmetal01.mdl,"[424.0, -27.096, -25.636]","[0.0, 90.0081, 0.0]",owner-reviewed: separate opening/control geometry; preserve native room/checkpoint door behaviour; no static fake closed doors
lostschool_2:entity:591,lostschool_2,models/props_doors/doormainmetal01.mdl,"[753.0, -27.0961, -25.293]","[0.0, 90.0081, 0.0]",owner-reviewed: separate opening/control geometry; preserve native room/checkpoint door behaviour; no static fake closed doors
lostschool_2:entity:616,lostschool_2,models/props_doors/doormainmetal01.mdl,"[689.0, -165.018, -25.636]","[0.0, 270.008, 0.0]",owner-reviewed: separate opening/control geometry; preserve native room/checkpoint door behaviour; no static fake closed doors
lostschool_2:entity:627,lostschool_2,models/props_doors/doormainmetal01.mdl,"[360.0, -165.018, -25.293]","[0.0, 270.008, 0.0]",owner-reviewed: separate opening/control geometry; preserve native room/checkpoint door behaviour; no static fake closed doors
lostschool_2:entity:1611,lostschool_2,models/props_doors/doormain01.mdl,"[-677.01, 323.0, -267.992]","[0.0, 181.0, 0.0]",owner-reviewed: separate opening/control geometry; preserve native room/checkpoint door behaviour; no static fake closed doors
lostschool_2:entity:3018,lostschool_2,models/props_doors/doormain01.mdl,"[144.017, -515.0, -267.997]","[0.0, 0.999994, 0.0]",owner-reviewed: separate opening/control geometry; preserve native room/checkpoint door behaviour; no static fake closed doors
lostschool_2:entity:3207,lostschool_2,models/props_doors/doormainmetal01.mdl,"[-299.998, -165.018, -266.989]","[0.0, 270.008, 0.0]",owner-reviewed: separate opening/control geometry; preserve native room/checkpoint door behaviour; no static fake closed doors
lostschool_2:entity:3218,lostschool_2,models/props_doors/doormainmetal01.mdl,"[-628.998, -165.018, -266.646]","[0.0, 270.008, 0.0]",owner-reviewed: separate opening/control geometry; preserve native room/checkpoint door behaviour; no static fake closed doors
lostschool_2:entity:4496,lostschool_2,models/props_doors/doormainmetal01.mdl,"[-233.002, -26.9817, -266.991]","[0.0, 90.008, 0.0]",owner-reviewed: separate opening/control geometry; preserve native room/checkpoint door behaviour; no static fake closed doors
lostschool_2:entity:4507,lostschool_2,models/props_doors/doormainmetal01.mdl,"[95.9983, -26.9818, -266.648]","[0.0, 90.008, 0.0]",owner-reviewed: separate opening/control geometry; preserve native room/checkpoint door behaviour; no static fake closed doors
lostschool_2:entity:6685,lostschool_2,models/props_doors/doormainmetal01.mdl,"[414.002, -31.9335, -509.007]","[0.0, 90.008, 0.0]",owner-reviewed: separate opening/control geometry; preserve native room/checkpoint door behaviour; no static fake closed doors
lostschool_2:entity:6917,lostschool_2,models/props_doors/doormainmetal01.mdl,"[82.0023, -31.9335, -509.007]","[-4.5, 90.008, 0.0]",owner-reviewed: separate opening/control geometry; preserve native room/checkpoint door behaviour; no static fake closed doors
lostschool_2:entity:6999,lostschool_2,models/props_doors/doormainmetal01.mdl,"[-249.998, -31.9335, -509.007]","[0.0, 90.008, 0.0]",owner-reviewed: separate opening/control geometry; preserve native room/checkpoint door behaviour; no static fake closed doors
lostschool_2:entity:7081,lostschool_2,models/props_doors/doormainmetal01.mdl,"[-574.998, -31.9335, -509.007]","[0.0, 90.008, 0.0]",owner-reviewed: separate opening/control geometry; preserve native room/checkpoint door behaviour; no static fake closed doors
lostschool_2:entity:5855,lostschool_2,models/props_doors/doormainmetal01.mdl,"[414.002, -31.9139, -270.007]","[0.0, 90.008, 0.0]",owner-reviewed: separate opening/control geometry; preserve native room/checkpoint door behaviour; no static fake closed doors
lostschool_2:entity:7383,lostschool_2,models/props_doors/doormainmetal01.mdl,"[373.998, -160.086, -270.007]","[0.0, 270.008, 0.0]",owner-reviewed: separate opening/control geometry; preserve native room/checkpoint door behaviour; no static fake closed doors
lostschool_2:entity:7718,lostschool_2,models/props_doors/doormainmetal01.mdl,"[373.998, -169.066, -509.007]","[0.0, 270.008, 0.0]",owner-reviewed: separate opening/control geometry; preserve native room/checkpoint door behaviour; no static fake closed doors
lostschool_2:entity:7759,lostschool_2,models/props_doors/doormainmetal01.mdl,"[48.9978, -169.066, -509.007]","[0.0, 270.008, 0.0]",owner-reviewed: separate opening/control geometry; preserve native room/checkpoint door behaviour; no static fake closed doors
lostschool_2:entity:7800,lostschool_2,models/props_doors/doormainmetal01.mdl,"[-283.002, -169.066, -509.007]","[0.0, 270.008, 0.0]",owner-reviewed: separate opening/control geometry; preserve native room/checkpoint door behaviour; no static fake closed doors
lostschool_2:entity:7841,lostschool_2,models/props_doors/doormainmetal01.mdl,"[-615.002, -169.066, -509.007]","[0.0, 270.008, 0.0]",owner-reviewed: separate opening/control geometry; preserve native room/checkpoint door behaviour; no static fake closed doors
lostschool_2:entity:9162,lostschool_2,models/props_doors/doormainmetal01.mdl,"[705.998, -169.066, -509.007]","[0.0, 270.008, 0.0]",owner-reviewed: separate opening/control geometry; preserve native room/checkpoint door behaviour; no static fake closed doors
lostschool_2:entity:9367,lostschool_2,models/props_doors/doormainmetal01.mdl,"[746.002, -31.9335, -509.007]","[0.0, 90.008, 0.0]",owner-reviewed: separate opening/control geometry; preserve native room/checkpoint door behaviour; no static fake closed doors
lostschool_2:entity:9467,lostschool_2,models/props_doors/doormainmetal01.mdl,"[1370.91, -174.066, -509.007]","[0.0, 270.008, 0.0]",owner-reviewed: separate opening/control geometry; preserve native room/checkpoint door behaviour; no static fake closed doors
lostschool_2:entity:9549,lostschool_2,models/props_doors/doormainmetal01.mdl,"[1704.91, -174.066, -509.007]","[0.0, 270.008, 0.0]",owner-reviewed: separate opening/control geometry; preserve native room/checkpoint door behaviour; no static fake closed doors
lostschool_2:entity:9590,lostschool_2,models/props_doors/doormainmetal01.mdl,"[1738.11, -36.9335, -509.007]","[0.0, 90.008, 0.0]",owner-reviewed: separate opening/control geometry; preserve native room/checkpoint door behaviour; no static fake closed doors
lostschool_2:entity:9631,lostschool_2,models/props_doors/doormainmetal01.mdl,"[2038.91, -174.066, -509.007]","[0.0, 270.008, 0.0]",owner-reviewed: separate opening/control geometry; preserve native room/checkpoint door behaviour; no static fake closed doors
lostschool_2:entity:9678,lostschool_2,models/props_doors/doormainmetal01.mdl,"[2699.88, -174.066, -509.007]","[0.0, 270.008, 0.0]",owner-reviewed: separate opening/control geometry; preserve native room/checkpoint door behaviour; no static fake closed doors
lostschool_2:entity:9719,lostschool_2,models/props_doors/doormainmetal01.mdl,"[2365.87, -174.066, -509.007]","[0.0, 270.008, 0.0]",owner-reviewed: separate opening/control geometry; preserve native room/checkpoint door behaviour; no static fake closed doors
lostschool_2:entity:9766,lostschool_2,models/props_doors/doormainmetal01.mdl,"[2072.11, -36.9335, -509.007]","[0.0, 90.008, 0.0]",owner-reviewed: separate opening/control geometry; preserve native room/checkpoint door behaviour; no static fake closed doors
lostschool_2:entity:9801,lostschool_2,models/props_doors/doormainmetal01.mdl,"[2406.11, -36.9335, -509.007]","[0.0, 90.008, 0.0]",owner-reviewed: separate opening/control geometry; preserve native room/checkpoint door behaviour; no static fake closed doors
lostschool_2:entity:9836,lostschool_2,models/props_doors/doormainmetal01.mdl,"[2740.12, -36.9335, -509.007]","[0.0, 90.008, 0.0]",owner-reviewed: separate opening/control geometry; preserve native room/checkpoint door behaviour; no static fake closed doors
lostschool_2:entity:15295,lostschool_2,models/props_doors/doormainmetal01.mdl,"[705.998, -160.086, -270.007]","[0.0, 270.008, 0.0]",owner-reviewed: separate opening/control geometry; preserve native room/checkpoint door behaviour; no static fake closed doors
lostschool_2:entity:15334,lostschool_2,models/props_doors/doormainmetal01.mdl,"[746.002, -31.9139, -270.007]","[0.0, 90.008, 0.0]",owner-reviewed: separate opening/control geometry; preserve native room/checkpoint door behaviour; no static fake closed doors
lostschool_2:entity:15521,lostschool_2,models/props_doors/doormainmetal01.mdl,"[2399.0, -31.9139, -270.007]","[0.0, 90.008, 0.0]",owner-reviewed: separate opening/control geometry; preserve native room/checkpoint door behaviour; no static fake closed doors
lostschool_2:entity:15560,lostschool_2,models/props_doors/doormainmetal01.mdl,"[2369.0, -165.086, -270.007]","[0.0, 270.008, 0.0]",owner-reviewed: separate opening/control geometry; preserve native room/checkpoint door behaviour; no static fake closed doors
lostschool_2:entity:15640,lostschool_2,models/props_doors/doormain01.mdl,"[2139.02, -520.0, -267.997]","[0.0, 0.999994, 0.0]",owner-reviewed: separate opening/control geometry; preserve native room/checkpoint door behaviour; no static fake closed doors
lostschool_2:entity:15827,lostschool_2,models/props_doors/doormainmetal01.mdl,"[1752.0, -26.9817, -266.991]","[0.0, 90.008, 0.0]",owner-reviewed: separate opening/control geometry; preserve native room/checkpoint door behaviour; no static fake closed doors
lostschool_2:entity:15838,lostschool_2,models/props_doors/doormainmetal01.mdl,"[2081.0, -26.9818, -266.648]","[0.0, 90.008, 0.0]",owner-reviewed: separate opening/control geometry; preserve native room/checkpoint door behaviour; no static fake closed doors
lostschool_2:entity:15862,lostschool_2,models/props_doors/doormainmetal01.mdl,"[1695.0, -170.018, -266.989]","[0.0, 270.008, 0.0]",owner-reviewed: separate opening/control geometry; preserve native room/checkpoint door behaviour; no static fake closed doors
lostschool_2:entity:15873,lostschool_2,models/props_doors/doormainmetal01.mdl,"[1366.0, -170.018, -266.646]","[0.0, 270.008, 0.0]",owner-reviewed: separate opening/control geometry; preserve native room/checkpoint door behaviour; no static fake closed doors
lostschool_2:entity:15941,lostschool_2,models/props_doors/doormain01.mdl,"[1307.99, 323.0, -267.992]","[0.0, 181.0, 0.0]",owner-reviewed: separate opening/control geometry; preserve native room/checkpoint door behaviour; no static fake closed doors
lostschool_2:entity:19212,lostschool_2,models/props_doors/doormainmetal01.mdl,"[1078.0, -31.9139, -268.007]","[0.0, 90.008, 0.0]",owner-reviewed: separate opening/control geometry; preserve native room/checkpoint door behaviour; no static fake closed doors
lostschool_2:entity:26677,lostschool_2,models/props_vehicles/cara_95sedan_glass.mdl,"[1383.64, 775.0, -579.84]","[0.0, 359.5, 0.0]",owner-reviewed: large vehicle/setpiece or scripted control; outside furniture/light template scope; exact mesh/animation absent
lostschool_2:entity:26681,lostschool_2,models/props_vehicles/cara_95sedan.mdl,"[1383.64, 775.528, -581.84]","[0.0, 359.5, 0.0]",owner-reviewed: large vehicle/setpiece or scripted control; outside furniture/light template scope; exact mesh/animation absent
lostschool_2:entity:29104,lostschool_2,models/props_doors/doormainmetal01.mdl,"[2731.0, -31.9139, -270.007]","[0.0, 90.008, 0.0]",owner-reviewed: separate opening/control geometry; preserve native room/checkpoint door behaviour; no static fake closed doors
lostschool_2:entity:29143,lostschool_2,models/props_doors/doormainmetal01.mdl,"[2701.0, -165.086, -270.007]","[0.0, 270.008, 0.0]",owner-reviewed: separate opening/control geometry; preserve native room/checkpoint door behaviour; no static fake closed doors
lostschool_2:entity:23,lostschool_2,models/props_downtown/metal_door_112_static.mdl,"[-770.0, -151.0, -81.0]","[0.0, 0.0, 0.0]",owner-reviewed: separate opening/control geometry; preserve native room/checkpoint door behaviour; no static fake closed doors
lostschool_2:entity:681,lostschool_2,models/props_doors/checkpoint_door_-01.mdl,"[-1019.0, 282.0, -26.7313]","[0.0, 0.0, 0.0]",owner-reviewed: separate opening/control geometry; preserve native room/checkpoint door behaviour; no static fake closed doors
lostschool_2:entity:1202,lostschool_2,models/props_doors/doormainmetal01.mdl,"[-576.0, -31.0, -27.0]","[0.0, 89.5, 0.0]",owner-reviewed: separate opening/control geometry; preserve native room/checkpoint door behaviour; no static fake closed doors
lostschool_2:entity:1226,lostschool_2,models/props/objectives/key_old_ring.mdl,"[-796.0, 500.288, -79.0]","[0.0, 0.0, 0.0]",owner-reviewed model group; outside requested bed/table/cabinet/chair/lighting scope; exact mesh or interactive state unavailable
lostschool_2:entity:4460,lostschool_2,models/props_doors/doormainmetal01.mdl,"[74.0, -152.534, -266.0]","[0.0, 270.008, 0.0]",owner-reviewed: separate opening/control geometry; preserve native room/checkpoint door behaviour; no static fake closed doors
lostschool_2:entity:8884,lostschool_2,models/props_downtown/metal_door_112_static.mdl,"[-770.0, -151.0, -322.0]","[0.0, 0.0, 0.0]",owner-reviewed: separate opening/control geometry; preserve native room/checkpoint door behaviour; no static fake closed doors
lostschool_2:entity:12078,lostschool_2,models/props_doors/doormainmetal01_dm01.mdl,"[1359.0, -35.0, -507.0]","[1.48821, 89.4921, 0.0]",owner-reviewed: separate opening/control geometry; preserve native room/checkpoint door behaviour; no static fake closed doors
lostschool_2:entity:12101,lostschool_2,models/props_interiors/waterbottle.mdl,"[1267.0, 268.071, -554.0]","[0.0, 178.5, 0.0]",owner-reviewed model group; outside requested bed/table/cabinet/chair/lighting scope; exact mesh or interactive state unavailable
lostschool_2:entity:12105,lostschool_2,models/props_interiors/waterbottle.mdl,"[1283.92, 264.627, -554.0]","[0.0, 178.5, 0.0]",owner-reviewed model group; outside requested bed/table/cabinet/chair/lighting scope; exact mesh or interactive state unavailable
lostschool_2:entity:12109,lostschool_2,models/props_interiors/waterbottle.mdl,"[1268.5, 287.038, -554.0]","[0.0, 178.5, 0.0]",owner-reviewed model group; outside requested bed/table/cabinet/chair/lighting scope; exact mesh or interactive state unavailable
lostschool_2:entity:12113,lostschool_2,models/props_interiors/waterbottle.mdl,"[1299.49, 286.227, -554.0]","[0.0, 178.5, 0.0]",owner-reviewed model group; outside requested bed/table/cabinet/chair/lighting scope; exact mesh or interactive state unavailable
lostschool_2:entity:12117,lostschool_2,models/props_interiors/waterbottle.mdl,"[1304.96, 304.09, -554.0]","[0.0, 178.5, 0.0]",owner-reviewed model group; outside requested bed/table/cabinet/chair/lighting scope; exact mesh or interactive state unavailable
lostschool_2:entity:12121,lostschool_2,models/props_interiors/waterbottle.mdl,"[1320.29, 316.693, -554.0]","[0.0, 178.5, 0.0]",owner-reviewed model group; outside requested bed/table/cabinet/chair/lighting scope; exact mesh or interactive state unavailable
lostschool_2:entity:12125,lostschool_2,models/props_interiors/waterbottle.mdl,"[1304.37, 320.11, -554.0]","[0.0, 178.5, 0.0]",owner-reviewed model group; outside requested bed/table/cabinet/chair/lighting scope; exact mesh or interactive state unavailable
lostschool_2:entity:12129,lostschool_2,models/props_interiors/waterbottle.mdl,"[1276.34, 280.831, -511.0]","[0.0, 178.5, 179.5]",owner-reviewed model group; outside requested bed/table/cabinet/chair/lighting scope; exact mesh or interactive state unavailable
lostschool_2:entity:12133,lostschool_2,models/props_interiors/waterbottle.mdl,"[1276.76, 296.825, -511.0]","[0.0, 178.5, 179.5]",owner-reviewed model group; outside requested bed/table/cabinet/chair/lighting scope; exact mesh or interactive state unavailable
lostschool_2:entity:12137,lostschool_2,models/props_interiors/waterbottle.mdl,"[1277.17, 312.82, -511.0]","[0.0, 178.5, 179.5]",owner-reviewed model group; outside requested bed/table/cabinet/chair/lighting scope; exact mesh or interactive state unavailable
lostschool_2:entity:12141,lostschool_2,models/props_interiors/waterbottle.mdl,"[1295.17, 312.349, -511.0]","[0.0, 178.5, 179.5]",owner-reviewed model group; outside requested bed/table/cabinet/chair/lighting scope; exact mesh or interactive state unavailable
lostschool_2:entity:12145,lostschool_2,models/props_interiors/waterbottle.mdl,"[1270.41, 322.0, -554.0]","[0.0, 178.5, 0.0]",owner-reviewed model group; outside requested bed/table/cabinet/chair/lighting scope; exact mesh or interactive state unavailable
lostschool_2:entity:12149,lostschool_2,models/props_interiors/waterbottle.mdl,"[1269.97, 305.006, -554.0]","[0.0, 178.5, 0.0]",owner-reviewed model group; outside requested bed/table/cabinet/chair/lighting scope; exact mesh or interactive state unavailable
lostschool_2:entity:12153,lostschool_2,models/props_interiors/waterbottle.mdl,"[1288.35, 319.53, -554.0]","[0.0, 178.5, 0.0]",owner-reviewed model group; outside requested bed/table/cabinet/chair/lighting scope; exact mesh or interactive state unavailable
lostschool_2:entity:12157,lostschool_2,models/props_interiors/waterbottle.mdl,"[1286.46, 285.567, -554.0]","[0.0, 178.5, 0.0]",owner-reviewed model group; outside requested bed/table/cabinet/chair/lighting scope; exact mesh or interactive state unavailable
lostschool_2:entity:12161,lostschool_2,models/props_interiors/waterbottle.mdl,"[1285.91, 302.588, -554.0]","[0.0, 178.5, 0.0]",owner-reviewed model group; outside requested bed/table/cabinet/chair/lighting scope; exact mesh or interactive state unavailable
lostschool_2:entity:19748,lostschool_2,models/props_mill/elevator01_cagedoor02.mdl,"[1076.0, 293.0, -501.0]","[-90.0, 0.0, 0.0]",owner-reviewed: separate opening/control geometry; preserve native room/checkpoint door behaviour; no static fake closed doors
lostschool_2:entity:19752,lostschool_2,models/props_mill/elevator01_cagedoor02.mdl,"[1075.0, 293.0, -501.0]","[89.5, 0.0, 0.0]",owner-reviewed: separate opening/control geometry; preserve native room/checkpoint door behaviour; no static fake closed doors
lostschool_2:entity:21906,lostschool_2,models/props_mill/freightelevatorbutton01.mdl,"[1556.0, 309.0, -483.517]","[0.0, 180.5, 0.0]",owner-reviewed model group; outside requested bed/table/cabinet/chair/lighting scope; exact mesh or interactive state unavailable
lostschool_2:entity:27279,lostschool_2,models/destruction_tanker/destruction_tanker_rear.mdl,"[601.724, 792.493, -497.755]","[0.0, 0.0, 11.5]",owner-reviewed: large vehicle/setpiece or scripted control; outside furniture/light template scope; exact mesh/animation absent
lostschool_2:entity:27399,lostschool_2,models/props_street/barricade_unique.mdl,"[2103.45, 768.0, -582.0]","[0.0, 276.5, 0.0]",owner-reviewed: access/structural or breakable geometry; preserve verified native NAV and passage layout; Source collision/damage model absent
lostschool_2:entity:28245,lostschool_2,models/props_doors/checkpoint_door_-02.mdl,"[-1030.0, 335.0, -508.0]","[0.0, 180.0, 0.0]",owner-reviewed: separate opening/control geometry; preserve native room/checkpoint door behaviour; no static fake closed doors
lostschool_2:entity:38360,lostschool_2,models/props_vehicles/radio_generator_fillup.mdl,"[1308.0, 743.0, -554.0]","[0.0654215, 181.499, 32.5009]",owner-reviewed: large vehicle/setpiece or scripted control; outside furniture/light template scope; exact mesh/animation absent
lostschool_3:staticprop:0,lostschool_3,models/props_vehicles/cara_82hatchback_wrecked.mdl,"[555.8270263671875, 9.0, 65.0]","[7.9969401359558105, 311.3710021972656, -8.976289749145508]",owner-reviewed: large vehicle/setpiece or scripted control; outside furniture/light template scope; exact mesh/animation absent
lostschool_3:staticprop:2,lostschool_3,models/props_vehicles/police_car_rural.mdl,"[301.0, -987.0, 180.0]","[0.0, 303.5, 0.0]",owner-reviewed: large vehicle/setpiece or scripted control; outside furniture/light template scope; exact mesh/animation absent
lostschool_3:staticprop:3,lostschool_3,models/props_vehicles/airplane_piperwreck.mdl,"[383.0, -973.0, 182.0]","[0.0, 62.5, 0.0]",owner-reviewed: large vehicle/setpiece or scripted control; outside furniture/light template scope; exact mesh/animation absent
lostschool_3:staticprop:4,lostschool_3,models/c1_chargerexit/mall_rampbundle.mdl,"[472.8080139160156, -806.0, 42.0]","[0.0, 0.0, 8.5]",owner-reviewed: access/structural or breakable geometry; preserve verified native NAV and passage layout; Source collision/damage model absent
lostschool_3:staticprop:9,lostschool_3,models/props_c17/handrail04_doublerise.mdl,"[1235.030029296875, -643.6119995117188, 223.90699768066406]","[0.0, 179.5, 0.0]",owner-reviewed: access/structural or breakable geometry; preserve verified native NAV and passage layout; Source collision/damage model absent
lostschool_3:staticprop:10,lostschool_3,models/props_c17/handrail04_doublerise.mdl,"[1235.0, -639.0, 107.36499786376953]","[0.0, 359.5, 0.8567090034484863]",owner-reviewed: access/structural or breakable geometry; preserve verified native NAV and passage layout; Source collision/damage model absent
lostschool_3:staticprop:11,lostschool_3,models/deadbodies/dead_male_sittingchair.mdl,"[1111.0, -1311.0, 31.0]","[0.0, 89.5, 0.0]",owner-reviewed: compound corpse/setpiece mesh; generic furniture boxes would misrepresent it; exact Source mesh absent
lostschool_3:staticprop:22,lostschool_3,models/props_waterfront/door02_80_136_redlight.mdl,"[1428.0, -808.0, 31.0]","[0.0, 180.5, 0.0]",owner-reviewed: separate opening/control geometry; preserve native room/checkpoint door behaviour; no static fake closed doors
lostschool_3:staticprop:23,lostschool_3,models/props_c17/handrail04_doublerise.mdl,"[1235.0, -633.0, 329.364990234375]","[0.0, 359.5, 0.8567090034484863]",owner-reviewed: access/structural or breakable geometry; preserve verified native NAV and passage layout; Source collision/damage model absent
lostschool_3:staticprop:24,lostschool_3,models/props_c17/handrail04_doublerise.mdl,"[1235.030029296875, -637.6119995117188, 445.9070129394531]","[0.0, 179.5, 0.0]",owner-reviewed: access/structural or breakable geometry; preserve verified native NAV and passage layout; Source collision/damage model absent
lostschool_3:staticprop:25,lostschool_3,models/props_downtown/metal_door_doublewide_112_16_frame.mdl,"[1441.0, -889.0, 250.0]","[0.0, 0.0, 0.0]",owner-reviewed: separate opening/control geometry; preserve native room/checkpoint door behaviour; no static fake closed doors
lostschool_3:staticprop:26,lostschool_3,models/props_waterfront/door02_80_136_redlight.mdl,"[1454.0, -888.0, 31.0]","[0.0, 0.49998900294303894, 0.0]",owner-reviewed: separate opening/control geometry; preserve native room/checkpoint door behaviour; no static fake closed doors
lostschool_3:staticprop:27,lostschool_3,models/props_c17/handrail04_brokenlong.mdl,"[2121.0, -983.0, 260.0]","[0.0, 89.5, 0.0]",owner-reviewed: access/structural or breakable geometry; preserve verified native NAV and passage layout; Source collision/damage model absent
lostschool_3:staticprop:28,lostschool_3,models/props_waterfront/door02_80_136_redlight.mdl,"[2164.0, -859.0, 31.0]","[0.0, 180.5, 0.0]",owner-reviewed: separate opening/control geometry; preserve native room/checkpoint door behaviour; no static fake closed doors
lostschool_3:staticprop:29,lostschool_3,models/props_downtown/metal_door_doublewide_112_16_frame.mdl,"[2177.0, -940.0, 250.0]","[0.0, 0.0, 0.0]",owner-reviewed: separate opening/control geometry; preserve native room/checkpoint door behaviour; no static fake closed doors
lostschool_3:staticprop:30,lostschool_3,models/props_c17/handrail04_long.mdl,"[2130.0, -687.0, 271.0]","[0.0, 270.0, 0.0]",owner-reviewed: access/structural or breakable geometry; preserve verified native NAV and passage layout; Source collision/damage model absent
lostschool_3:staticprop:31,lostschool_3,models/props_c17/handrail04_doublerise.mdl,"[1235.0, -631.5020141601562, 544.4550170898438]","[0.0, 359.5, 0.8567090034484863]",owner-reviewed: access/structural or breakable geometry; preserve verified native NAV and passage layout; Source collision/damage model absent
lostschool_3:staticprop:32,lostschool_3,models/props_vehicles/racecar_damaged.mdl,"[1924.0, -99.0, 38.0]","[0.0, 44.0, 0.0]",owner-reviewed: large vehicle/setpiece or scripted control; outside furniture/light template scope; exact mesh/animation absent
lostschool_3:staticprop:36,lostschool_3,models/props_downtown/railing04_256.mdl,"[1029.52001953125, -2076.0, 150.0]","[0.0, 270.0, 0.0]",owner-reviewed: access/structural or breakable geometry; preserve verified native NAV and passage layout; Source collision/damage model absent
lostschool_3:staticprop:37,lostschool_3,models/props_downtown/railing04_256.mdl,"[775.0, -2076.0, 152.0]","[0.0, 270.0, 0.0]",owner-reviewed: access/structural or breakable geometry; preserve verified native NAV and passage layout; Source collision/damage model absent
lostschool_3:staticprop:38,lostschool_3,models/props_downtown/railing04_256.mdl,"[520.52197265625, -2076.0, 152.0]","[0.0, 270.0, 0.0]",owner-reviewed: access/structural or breakable geometry; preserve verified native NAV and passage layout; Source collision/damage model absent
lostschool_3:staticprop:39,lostschool_3,models/props_downtown/railing04_256.mdl,"[2044.0, -2074.0, 150.0]","[0.0, 270.0, 0.0]",owner-reviewed: access/structural or breakable geometry; preserve verified native NAV and passage layout; Source collision/damage model absent
lostschool_3:staticprop:40,lostschool_3,models/props_downtown/railing04_256.mdl,"[1538.0, -2074.0, 150.0]","[0.0, 270.0, 0.0]",owner-reviewed: access/structural or breakable geometry; preserve verified native NAV and passage layout; Source collision/damage model absent
lostschool_3:staticprop:41,lostschool_3,models/props_downtown/railing04_256.mdl,"[1791.0, -2074.0, 150.0]","[0.0, 270.0, 0.0]",owner-reviewed: access/structural or breakable geometry; preserve verified native NAV and passage layout; Source collision/damage model absent
lostschool_3:staticprop:42,lostschool_3,models/props_vehicles/racecar_damaged.mdl,"[2646.0, -1692.0, 24.369800567626953]","[0.0, 46.0, 0.0]",owner-reviewed: large vehicle/setpiece or scripted control; outside furniture/light template scope; exact mesh/animation absent
lostschool_3:staticprop:43,lostschool_3,models/props_vehicles/train_orecar.mdl,"[2325.0, -1525.0, 25.0]","[0.0, 1.5, 0.0]",owner-reviewed: large vehicle/setpiece or scripted control; outside furniture/light template scope; exact mesh/animation absent
lostschool_3:staticprop:44,lostschool_3,models/props_vehicles/train_enginecar.mdl,"[582.0, -1632.0, 24.0]","[0.0, 57.0, 0.0]",owner-reviewed: large vehicle/setpiece or scripted control; outside furniture/light template scope; exact mesh/animation absent
lostschool_3:staticprop:45,lostschool_3,models/props_vehicles/train_orecar.mdl,"[621.0, -1996.0, 23.0]","[0.0, 1.5, 0.0]",owner-reviewed: large vehicle/setpiece or scripted control; outside furniture/light template scope; exact mesh/animation absent
lostschool_3:staticprop:46,lostschool_3,models/props_downtown/railing04_256.mdl,"[2294.0, -2074.0, 150.0]","[0.0, 270.0, 0.0]",owner-reviewed: access/structural or breakable geometry; preserve verified native NAV and passage layout; Source collision/damage model absent
lostschool_3:staticprop:47,lostschool_3,models/props_downtown/railing04_256.mdl,"[2547.0, -2074.0, 150.0]","[0.0, 270.0, 0.0]",owner-reviewed: access/structural or breakable geometry; preserve verified native NAV and passage layout; Source collision/damage model absent
lostschool_3:staticprop:48,lostschool_3,models/props_downtown/railing04_256.mdl,"[2800.0, -2074.0, 150.0]","[0.0, 270.0, 0.0]",owner-reviewed: access/structural or breakable geometry; preserve verified native NAV and passage layout; Source collision/damage model absent
lostschool_3:staticprop:49,lostschool_3,models/props_downtown/railing04_256.mdl,"[3055.0, -2074.0, 150.0]","[0.0, 270.0, 0.0]",owner-reviewed: access/structural or breakable geometry; preserve verified native NAV and passage layout; Source collision/damage model absent
lostschool_3:staticprop:50,lostschool_3,models/props_downtown/railing04_256.mdl,"[3308.0, -2074.0, 150.0]","[0.0, 270.0, 0.0]",owner-reviewed: access/structural or breakable geometry; preserve verified native NAV and passage layout; Source collision/damage model absent
lostschool_3:staticprop:51,lostschool_3,models/props_downtown/railing04_256.mdl,"[3561.0, -2074.0, 150.0]","[0.0, 270.0, 0.0]",owner-reviewed: access/structural or breakable geometry; preserve verified native NAV and passage layout; Source collision/damage model absent
lostschool_3:staticprop:52,lostschool_3,models/props_downtown/railing04_256.mdl,"[3811.0, -2074.0, 150.0]","[0.0, 270.0, 0.0]",owner-reviewed: access/structural or breakable geometry; preserve verified native NAV and passage layout; Source collision/damage model absent
lostschool_3:staticprop:53,lostschool_3,models/props_downtown/railing04_256.mdl,"[4064.0, -2074.0, 150.0]","[0.0, 270.0, 0.0]",owner-reviewed: access/structural or breakable geometry; preserve verified native NAV and passage layout; Source collision/damage model absent
lostschool_3:staticprop:54,lostschool_3,models/props_downtown/railing04_256.mdl,"[4317.0, -2074.0, 150.0]","[0.0, 270.0, 0.0]",owner-reviewed: access/structural or breakable geometry; preserve verified native NAV and passage layout; Source collision/damage model absent
lostschool_3:staticprop:55,lostschool_3,models/props_downtown/railing04_256.mdl,"[-242.9980010986328, -2076.0, 152.0]","[0.0, 270.0, 0.0]",owner-reviewed: access/structural or breakable geometry; preserve verified native NAV and passage layout; Source collision/damage model absent
lostschool_3:staticprop:56,lostschool_3,models/props_downtown/railing04_256.mdl,"[11.479999542236328, -2076.0, 152.0]","[0.0, 270.0, 0.0]",owner-reviewed: access/structural or breakable geometry; preserve verified native NAV and passage layout; Source collision/damage model absent
lostschool_3:staticprop:57,lostschool_3,models/props_downtown/railing04_256.mdl,"[266.0, -2076.0, 150.0]","[0.0, 270.0, 0.0]",owner-reviewed: access/structural or breakable geometry; preserve verified native NAV and passage layout; Source collision/damage model absent
lostschool_3:staticprop:58,lostschool_3,models/props_misc/fairground_tent_closed.mdl,"[1571.0, -2438.0, -43.0]","[0.0, 0.0, 0.0]",owner-reviewed: large foliage/tent geometry; exact silhouette/base-game mesh absent
lostschool_3:staticprop:59,lostschool_3,models/props_misc/fairground_tent_board.mdl,"[1570.0, -2571.0, -43.0]","[0.0, 0.0, 0.0]",owner-reviewed: large foliage/tent geometry; exact silhouette/base-game mesh absent
lostschool_3:staticprop:60,lostschool_3,models/props_misc/fairground_tent_open.mdl,"[430.0, -2160.0, -62.0]","[0.0, 0.0, 0.0]",owner-reviewed: large foliage/tent geometry; exact silhouette/base-game mesh absent
lostschool_3:staticprop:61,lostschool_3,models/props_misc/triage_tent.mdl,"[950.0, -2276.0, -60.0]","[0.0, 0.0, 0.0]",owner-reviewed: large foliage/tent geometry; exact silhouette/base-game mesh absent
lostschool_3:staticprop:62,lostschool_3,models/props_downtown/sign_donotenter.mdl,"[1140.0, -2061.0, 130.0]","[0.0, 89.5, 0.0]",owner-reviewed: large foliage/tent geometry; exact silhouette/base-game mesh absent
lostschool_3:staticprop:63,lostschool_3,models/props_misc/triage_tent.mdl,"[1113.0, -3114.0, -41.0]","[0.0, 0.0, 0.0]",owner-reviewed: large foliage/tent geometry; exact silhouette/base-game mesh absent
lostschool_3:staticprop:64,lostschool_3,models/props_misc/fairground_tent_closed.mdl,"[1017.0, -2537.0, -62.0]","[0.0, 0.0, 0.0]",owner-reviewed: large foliage/tent geometry; exact silhouette/base-game mesh absent
lostschool_3:staticprop:65,lostschool_3,models/props_misc/fairground_tent_closed.mdl,"[889.0, -2531.0, -62.0]","[0.0, 0.0, 0.0]",owner-reviewed: large foliage/tent geometry; exact silhouette/base-game mesh absent
lostschool_3:staticprop:66,lostschool_3,models/props_misc/fairground_tent_closed.mdl,"[887.0, -2661.0, -40.0]","[0.0, 0.0, 0.0]",owner-reviewed: large foliage/tent geometry; exact silhouette/base-game mesh absent
lostschool_3:staticprop:67,lostschool_3,models/props_misc/fairground_tent_closed.mdl,"[1015.0, -2661.0, -40.0]","[0.0, 0.0, 0.0]",owner-reviewed: large foliage/tent geometry; exact silhouette/base-game mesh absent
lostschool_3:staticprop:68,lostschool_3,models/props_misc/fairground_tent_board.mdl,"[1933.0, -4580.0, -63.0]","[0.0, 0.0, 0.0]",owner-reviewed: large foliage/tent geometry; exact silhouette/base-game mesh absent
lostschool_3:staticprop:69,lostschool_3,models/props_misc/fairground_tent_closed.mdl,"[1934.0, -4447.0, -63.0]","[0.0, 0.0, 0.0]",owner-reviewed: large foliage/tent geometry; exact silhouette/base-game mesh absent
lostschool_3:staticprop:70,lostschool_3,models/props_downtown/railing03_128.mdl,"[3292.909912109375, -5953.0, 397.0]","[0.0, 270.0, 0.0]",owner-reviewed: access/structural or breakable geometry; preserve verified native NAV and passage layout; Source collision/damage model absent
lostschool_3:staticprop:71,lostschool_3,models/props_downtown/railing03_128.mdl,"[3420.93994140625, -5953.0, 397.0]","[0.0, 270.0, 0.0]",owner-reviewed: access/structural or breakable geometry; preserve verified native NAV and passage layout; Source collision/damage model absent
lostschool_3:staticprop:72,lostschool_3,models/props_downtown/railing03_128.mdl,"[3676.9599609375, -5953.0, 397.0]","[0.0, 270.0, 0.0]",owner-reviewed: access/structural or breakable geometry; preserve verified native NAV and passage layout; Source collision/damage model absent
lostschool_3:staticprop:73,lostschool_3,models/props_downtown/railing03_128.mdl,"[3548.93994140625, -5953.0, 397.0]","[0.0, 270.0, 0.0]",owner-reviewed: access/structural or breakable geometry; preserve verified native NAV and passage layout; Source collision/damage model absent
lostschool_3:staticprop:74,lostschool_3,models/props_downtown/railing03_128.mdl,"[3164.93994140625, -5953.0, 397.0]","[0.0, 270.0, 0.0]",owner-reviewed: access/structural or breakable geometry; preserve verified native NAV and passage layout; Source collision/damage model absent
lostschool_3:staticprop:75,lostschool_3,models/props_downtown/railing03_128.mdl,"[3036.909912109375, -5953.0, 397.0]","[0.0, 270.0, 0.0]",owner-reviewed: access/structural or breakable geometry; preserve verified native NAV and passage layout; Source collision/damage model absent
lostschool_3:staticprop:76,lostschool_3,models/props_downtown/railing03_128.mdl,"[2908.909912109375, -5953.0, 397.0]","[0.0, 270.0, 0.0]",owner-reviewed: access/structural or breakable geometry; preserve verified native NAV and passage layout; Source collision/damage model absent
lostschool_3:staticprop:77,lostschool_3,models/props_downtown/railing03_128.mdl,"[2780.889892578125, -5953.0, 397.0]","[0.0, 270.0, 0.0]",owner-reviewed: access/structural or breakable geometry; preserve verified native NAV and passage layout; Source collision/damage model absent
lostschool_3:staticprop:78,lostschool_3,models/props_downtown/railing03_128.mdl,"[4188.97998046875, -5953.0, 397.0]","[0.0, 270.0, 0.0]",owner-reviewed: access/structural or breakable geometry; preserve verified native NAV and passage layout; Source collision/damage model absent
lostschool_3:staticprop:79,lostschool_3,models/props_downtown/railing03_128.mdl,"[4060.9599609375, -5953.0, 397.0]","[0.0, 270.0, 0.0]",owner-reviewed: access/structural or breakable geometry; preserve verified native NAV and passage layout; Source collision/damage model absent
lostschool_3:staticprop:80,lostschool_3,models/props_downtown/railing03_128.mdl,"[3932.9599609375, -5953.0, 397.0]","[0.0, 270.0, 0.0]",owner-reviewed: access/structural or breakable geometry; preserve verified native NAV and passage layout; Source collision/damage model absent
lostschool_3:staticprop:81,lostschool_3,models/props_downtown/railing03_128.mdl,"[3804.93994140625, -5953.0, 397.0]","[0.0, 270.0, 0.0]",owner-reviewed: access/structural or breakable geometry; preserve verified native NAV and passage layout; Source collision/damage model absent
lostschool_3:staticprop:82,lostschool_3,models/props_downtown/railing03_128.mdl,"[4316.9599609375, -5953.0, 397.0]","[0.0, 270.0, 0.0]",owner-reviewed: access/structural or breakable geometry; preserve verified native NAV and passage layout; Source collision/damage model absent
lostschool_3:staticprop:83,lostschool_3,models/props_downtown/railing03_128.mdl,"[4444.97998046875, -5953.0, 397.0]","[0.0, 270.0, 0.0]",owner-reviewed: access/structural or breakable geometry; preserve verified native NAV and passage layout; Source collision/damage model absent
lostschool_3:staticprop:84,lostschool_3,models/props_downtown/railing03_128.mdl,"[4572.97998046875, -5953.0, 397.0]","[0.0, 270.0, 0.0]",owner-reviewed: access/structural or breakable geometry; preserve verified native NAV and passage layout; Source collision/damage model absent
lostschool_3:staticprop:85,lostschool_3,models/props_downtown/railing03_128.mdl,"[4701.0, -5953.0, 397.0]","[0.0, 270.0, 0.0]",owner-reviewed: access/structural or breakable geometry; preserve verified native NAV and passage layout; Source collision/damage model absent
lostschool_3:staticprop:86,lostschool_3,models/props_downtown/railing03_128.mdl,"[2012.8499755859375, -5953.0, 397.0]","[0.0, 270.0, 0.0]",owner-reviewed: access/structural or breakable geometry; preserve verified native NAV and passage layout; Source collision/damage model absent
lostschool_3:staticprop:87,lostschool_3,models/props_downtown/railing03_128.mdl,"[1884.8499755859375, -5953.0, 397.0]","[0.0, 270.0, 0.0]",owner-reviewed: access/structural or breakable geometry; preserve verified native NAV and passage layout; Source collision/damage model absent
lostschool_3:staticprop:88,lostschool_3,models/props_downtown/railing03_128.mdl,"[1756.8299560546875, -5953.0, 397.0]","[0.0, 270.0, 0.0]",owner-reviewed: access/structural or breakable geometry; preserve verified native NAV and passage layout; Source collision/damage model absent
lostschool_3:staticprop:89,lostschool_3,models/props_downtown/railing03_128.mdl,"[2524.8701171875, -5953.0, 397.0]","[0.0, 270.0, 0.0]",owner-reviewed: access/structural or breakable geometry; preserve verified native NAV and passage layout; Source collision/damage model absent
lostschool_3:staticprop:90,lostschool_3,models/props_downtown/railing03_128.mdl,"[2652.889892578125, -5953.0, 397.0]","[0.0, 270.0, 0.0]",owner-reviewed: access/structural or breakable geometry; preserve verified native NAV and passage layout; Source collision/damage model absent
lostschool_3:staticprop:91,lostschool_3,models/props_downtown/railing03_128.mdl,"[1628.8499755859375, -5953.0, 397.0]","[0.0, 270.0, 0.0]",owner-reviewed: access/structural or breakable geometry; preserve verified native NAV and passage layout; Source collision/damage model absent
lostschool_3:staticprop:92,lostschool_3,models/props_downtown/railing03_128.mdl,"[1500.8299560546875, -5953.0, 397.0]","[0.0, 270.0, 0.0]",owner-reviewed: access/structural or breakable geometry; preserve verified native NAV and passage layout; Source collision/damage model absent
lostschool_3:staticprop:93,lostschool_3,models/props_downtown/railing03_128.mdl,"[1372.8299560546875, -5953.0, 397.0]","[0.0, 270.0, 0.0]",owner-reviewed: access/structural or breakable geometry; preserve verified native NAV and passage layout; Source collision/damage model absent
lostschool_3:staticprop:94,lostschool_3,models/props_downtown/railing03_128.mdl,"[1244.81005859375, -5953.0, 397.0]","[0.0, 270.0, 0.0]",owner-reviewed: access/structural or breakable geometry; preserve verified native NAV and passage layout; Source collision/damage model absent
lostschool_3:staticprop:95,lostschool_3,models/props_downtown/railing03_128.mdl,"[1116.8299560546875, -5953.0, 397.0]","[0.0, 270.0, 0.0]",owner-reviewed: access/structural or breakable geometry; preserve verified native NAV and passage layout; Source collision/damage model absent
lostschool_3:staticprop:96,lostschool_3,models/props_downtown/railing03_128.mdl,"[988.8070068359375, -5953.0, 397.0]","[0.0, 270.0, 0.0]",owner-reviewed: access/structural or breakable geometry; preserve verified native NAV and passage layout; Source collision/damage model absent
lostschool_3:staticprop:97,lostschool_3,models/props_downtown/railing03_128.mdl,"[860.8070068359375, -5953.0, 397.0]","[0.0, 270.0, 0.0]",owner-reviewed: access/structural or breakable geometry; preserve verified native NAV and passage layout; Source collision/damage model absent
lostschool_3:staticprop:98,lostschool_3,models/props_downtown/railing03_128.mdl,"[732.7849731445312, -5953.0, 397.0]","[0.0, 270.0, 0.0]",owner-reviewed: access/structural or breakable geometry; preserve verified native NAV and passage layout; Source collision/damage model absent
lostschool_3:staticprop:99,lostschool_3,models/props_downtown/railing03_128.mdl,"[92.87110137939453, -5953.0, 397.0]","[0.0, 270.0, 0.0]",owner-reviewed: access/structural or breakable geometry; preserve verified native NAV and passage layout; Source collision/damage model absent
lostschool_3:staticprop:100,lostschool_3,models/props_downtown/railing03_128.mdl,"[-35.15039825439453, -5953.0, 397.0]","[0.0, 270.0, 0.0]",owner-reviewed: access/structural or breakable geometry; preserve verified native NAV and passage layout; Source collision/damage model absent
lostschool_3:staticprop:101,lostschool_3,models/props_downtown/railing03_128.mdl,"[-163.14999389648438, -5953.0, 397.0]","[0.0, 270.0, 0.0]",owner-reviewed: access/structural or breakable geometry; preserve verified native NAV and passage layout; Source collision/damage model absent
lostschool_3:staticprop:102,lostschool_3,models/props_downtown/railing03_128.mdl,"[-291.1719970703125, -5953.0, 397.0]","[0.0, 270.0, 0.0]",owner-reviewed: access/structural or breakable geometry; preserve verified native NAV and passage layout; Source collision/damage model absent
lostschool_3:staticprop:103,lostschool_3,models/props_downtown/railing03_128.mdl,"[220.85000610351562, -5953.0, 397.0]","[0.0, 270.0, 0.0]",owner-reviewed: access/structural or breakable geometry; preserve verified native NAV and passage layout; Source collision/damage model absent
lostschool_3:staticprop:104,lostschool_3,models/props_downtown/railing03_128.mdl,"[348.8710021972656, -5953.0, 397.0]","[0.0, 270.0, 0.0]",owner-reviewed: access/structural or breakable geometry; preserve verified native NAV and passage layout; Source collision/damage model absent
lostschool_3:staticprop:105,lostschool_3,models/props_downtown/railing03_128.mdl,"[476.8710021972656, -5953.0, 397.0]","[0.0, 270.0, 0.0]",owner-reviewed: access/structural or breakable geometry; preserve verified native NAV and passage layout; Source collision/damage model absent
lostschool_3:staticprop:106,lostschool_3,models/props_downtown/railing03_128.mdl,"[604.8930053710938, -5953.0, 397.0]","[0.0, 270.0, 0.0]",owner-reviewed: access/structural or breakable geometry; preserve verified native NAV and passage layout; Source collision/damage model absent
lostschool_3:staticprop:107,lostschool_3,models/props_downtown/railing03_128.mdl,"[-419.1499938964844, -5953.0, 397.0]","[0.0, 270.0, 0.0]",owner-reviewed: access/structural or breakable geometry; preserve verified native NAV and passage layout; Source collision/damage model absent
lostschool_3:staticprop:108,lostschool_3,models/props_downtown/railing03_128.mdl,"[-547.1719970703125, -5953.0, 397.0]","[0.0, 270.0, 0.0]",owner-reviewed: access/structural or breakable geometry; preserve verified native NAV and passage layout; Source collision/damage model absent
lostschool_3:staticprop:109,lostschool_3,models/props_downtown/railing03_128.mdl,"[-675.1719970703125, -5953.0, 397.0]","[0.0, 270.0, 0.0]",owner-reviewed: access/structural or breakable geometry; preserve verified native NAV and passage layout; Source collision/damage model absent
lostschool_3:staticprop:110,lostschool_3,models/props_downtown/railing03_128.mdl,"[-803.1929931640625, -5953.0, 397.0]","[0.0, 270.0, 0.0]",owner-reviewed: access/structural or breakable geometry; preserve verified native NAV and passage layout; Source collision/damage model absent
lostschool_3:staticprop:111,lostschool_3,models/props_downtown/railing03_128.mdl,"[-931.1719970703125, -5953.0, 397.0]","[0.0, 270.0, 0.0]",owner-reviewed: access/structural or breakable geometry; preserve verified native NAV and passage layout; Source collision/damage model absent
lostschool_3:staticprop:112,lostschool_3,models/props_downtown/railing03_128.mdl,"[-1059.18994140625, -5953.0, 397.0]","[0.0, 270.0, 0.0]",owner-reviewed: access/structural or breakable geometry; preserve verified native NAV and passage layout; Source collision/damage model absent
lostschool_3:staticprop:113,lostschool_3,models/props_downtown/railing03_128.mdl,"[-1187.18994140625, -5953.0, 397.0]","[0.0, 270.0, 0.0]",owner-reviewed: access/structural or breakable geometry; preserve verified native NAV and passage layout; Source collision/damage model absent
lostschool_3:staticprop:114,lostschool_3,models/props_downtown/railing03_128.mdl,"[-1315.2099609375, -5953.0, 397.0]","[0.0, 270.0, 0.0]",owner-reviewed: access/structural or breakable geometry; preserve verified native NAV and passage layout; Source collision/damage model absent
lostschool_3:staticprop:115,lostschool_3,models/props_misc/fairground_tent_open.mdl,"[393.0, -4701.0, -59.75]","[0.0, 0.0, 0.0]",owner-reviewed: large foliage/tent geometry; exact silhouette/base-game mesh absent
lostschool_3:staticprop:122,lostschool_3,models/props_exteriors/guardrail512_bent.mdl,"[718.2999877929688, -4651.0, 304.0]","[0.0, 0.0, 0.0]",owner-reviewed: access/structural or breakable geometry; preserve verified native NAV and passage layout; Source collision/damage model absent
lostschool_3:staticprop:123,lostschool_3,models/props_exteriors/guardrail512.mdl,"[1230.0, -4651.0, 304.0]","[0.0, 0.0, 0.0]",owner-reviewed: access/structural or breakable geometry; preserve verified native NAV and passage layout; Source collision/damage model absent
lostschool_3:staticprop:124,lostschool_3,models/props_exteriors/guardrail512.mdl,"[2253.699951171875, -4651.0, 304.0]","[0.0, 0.0, 0.0]",owner-reviewed: access/structural or breakable geometry; preserve verified native NAV and passage layout; Source collision/damage model absent
lostschool_3:staticprop:125,lostschool_3,models/props_exteriors/guardrail128b.mdl,"[2574.0, -4651.0, 304.0]","[0.0, 0.0, 0.0]",owner-reviewed: access/structural or breakable geometry; preserve verified native NAV and passage layout; Source collision/damage model absent
lostschool_3:staticprop:126,lostschool_3,models/props_exteriors/guardrail128b.mdl,"[2702.0, -4651.0, 304.0]","[0.0, 0.0, 0.0]",owner-reviewed: access/structural or breakable geometry; preserve verified native NAV and passage layout; Source collision/damage model absent
lostschool_3:staticprop:127,lostschool_3,models/props_exteriors/guardrail128b.mdl,"[2830.0, -4651.0, 304.0]","[0.0, 0.0, 0.0]",owner-reviewed: access/structural or breakable geometry; preserve verified native NAV and passage layout; Source collision/damage model absent
lostschool_3:staticprop:128,lostschool_3,models/props_exteriors/guardrail512.mdl,"[2849.0, -4899.0, 298.0]","[0.0, 90.0, -80.5]",owner-reviewed: access/structural or breakable geometry; preserve verified native NAV and passage layout; Source collision/damage model absent
lostschool_3:staticprop:129,lostschool_3,models/props_exteriors/guardrail512.mdl,"[2864.0, -5411.0, 304.0]","[0.0, 90.0, 0.0]",owner-reviewed: access/structural or breakable geometry; preserve verified native NAV and passage layout; Source collision/damage model absent
lostschool_3:staticprop:130,lostschool_3,models/props_exteriors/guardrail512.mdl,"[488.0, -5413.0, 304.0]","[0.0, 90.0, 0.0]",owner-reviewed: access/structural or breakable geometry; preserve verified native NAV and passage layout; Source collision/damage model absent
lostschool_3:staticprop:137,lostschool_3,models/props_misc/triage_tent.mdl,"[1114.0, -3492.0, -41.0]","[0.0, 0.0, 0.0]",owner-reviewed: large foliage/tent geometry; exact silhouette/base-game mesh absent
lostschool_3:staticprop:138,lostschool_3,models/props_misc/triage_tent.mdl,"[568.0, -3500.0, -41.0]","[0.0, 181.0, 0.0]",owner-reviewed: large foliage/tent geometry; exact silhouette/base-game mesh absent
lostschool_3:staticprop:139,lostschool_3,models/props_misc/triage_tent.mdl,"[564.0, -3121.0, -41.0]","[0.0, 181.0, 0.0]",owner-reviewed: large foliage/tent geometry; exact silhouette/base-game mesh absent
lostschool_3:staticprop:142,lostschool_3,models/props_misc/fairground_tent_closed.mdl,"[2061.0, -4446.0, -63.0]","[0.0, 0.0, 0.0]",owner-reviewed: large foliage/tent geometry; exact silhouette/base-game mesh absent
lostschool_3:staticprop:143,lostschool_3,models/props_misc/fairground_tent_board.mdl,"[2060.0, -4579.0, -63.0]","[0.0, 0.0, 0.0]",owner-reviewed: large foliage/tent geometry; exact silhouette/base-game mesh absent
lostschool_3:staticprop:144,lostschool_3,models/props_misc/fairground_tent_closed.mdl,"[1378.0, -4444.0, -63.0]","[0.0, 0.0, 0.0]",owner-reviewed: large foliage/tent geometry; exact silhouette/base-game mesh absent
lostschool_3:staticprop:145,lostschool_3,models/props_misc/fairground_tent_board.mdl,"[1504.0, -4575.0, -4.0]","[0.0, 0.0, 0.0]",owner-reviewed: large foliage/tent geometry; exact silhouette/base-game mesh absent
lostschool_3:staticprop:146,lostschool_3,models/props_misc/fairground_tent_closed.mdl,"[1505.0, -4443.0, -63.0]","[0.0, 0.0, 0.0]",owner-reviewed: large foliage/tent geometry; exact silhouette/base-game mesh absent
lostschool_3:staticprop:147,lostschool_3,models/props_misc/fairground_tent_board.mdl,"[1377.0, -4576.0, -4.0]","[0.0, 0.0, 0.0]",owner-reviewed: large foliage/tent geometry; exact silhouette/base-game mesh absent
lostschool_3:staticprop:148,lostschool_3,models/props_misc/fairground_tent_open.mdl,"[264.0, -4702.0, -59.75]","[0.0, 0.0, 0.0]",owner-reviewed: large foliage/tent geometry; exact silhouette/base-game mesh absent
lostschool_3:staticprop:150,lostschool_3,models/props_vehicles/hmmwv.mdl,"[2296.0, -3033.0, -37.71110153198242]","[0.0, 115.0, 0.0]",owner-reviewed: large vehicle/setpiece or scripted control; outside furniture/light template scope; exact mesh/animation absent
lostschool_3:staticprop:151,lostschool_3,models/props_vehicles/hmmwv.mdl,"[2246.0, -2848.0, -37.0]","[0.0, 85.0, 0.0]",owner-reviewed: large vehicle/setpiece or scripted control; outside furniture/light template scope; exact mesh/animation absent
lostschool_3:staticprop:152,lostschool_3,models/props_vehicles/ambulance.mdl,"[489.0, -2761.0, -38.749000549316406]","[-0.006949429865926504, 80.53800201416016, -0.7338610291481018]",owner-reviewed: large vehicle/setpiece or scripted control; outside furniture/light template scope; exact mesh/animation absent
lostschool_3:staticprop:153,lostschool_3,models/props_vehicles/hmmwv_glass.mdl,"[2299.0, -3033.0, -39.0]","[0.0, 110.5, 0.0]",owner-reviewed: large vehicle/setpiece or scripted control; outside furniture/light template scope; exact mesh/animation absent
lostschool_3:staticprop:154,lostschool_3,models/props_vehicles/army_truck.mdl,"[2376.0, -2731.0, -37.62099838256836]","[0.0, 85.0, 0.0]",owner-reviewed: large vehicle/setpiece or scripted control; outside furniture/light template scope; exact mesh/animation absent
lostschool_3:staticprop:155,lostschool_3,models/props_vehicles/ambulance.mdl,"[1141.0, -3779.0, -37.095001220703125]","[-0.006949429865926504, 264.5379943847656, -0.7338610291481018]",owner-reviewed: large vehicle/setpiece or scripted control; outside furniture/light template scope; exact mesh/animation absent
lostschool_3:staticprop:156,lostschool_3,models/props_vehicles/hmmwv.mdl,"[1816.3900146484375, -3115.419921875, -37.71110153198242]","[0.0, 101.0, 0.0]",owner-reviewed: large vehicle/setpiece or scripted control; outside furniture/light template scope; exact mesh/animation absent
lostschool_3:staticprop:157,lostschool_3,models/props_vehicles/semi_trailer.mdl,"[1778.3199462890625, -3472.659912109375, -39.22949981689453]","[0.0017895899945870042, 281.4830017089844, 0.0]",owner-reviewed: access/structural or breakable geometry; preserve verified native NAV and passage layout; Source collision/damage model absent
lostschool_3:staticprop:158,lostschool_3,models/props_vehicles/utility_truck.mdl,"[2313.0, -2555.0, -55.0]","[0.8671740293502808, 175.0760040283203, 9.9627103805542]",owner-reviewed: large vehicle/setpiece or scripted control; outside furniture/light template scope; exact mesh/animation absent
lostschool_3:staticprop:160,lostschool_3,models/props/de_nuke/truck_nuke.mdl,"[1584.5699462890625, -2901.22998046875, -38.21549987792969]","[0.0, 299.96099853515625, 0.0]",owner-reviewed model group; outside requested bed/table/cabinet/chair/lighting scope; exact mesh or interactive state unavailable
lostschool_3:staticprop:163,lostschool_3,models/props_vehicles/utility_truck.mdl,"[2332.0, -2380.0, -59.0]","[0.0, 220.0, 0.0]",owner-reviewed: large vehicle/setpiece or scripted control; outside furniture/light template scope; exact mesh/animation absent
lostschool_3:staticprop:164,lostschool_3,models/props_vehicles/longnose_truck.mdl,"[2060.0, -3408.0, -38.31399917602539]","[0.0, 284.99798583984375, 0.0]",owner-reviewed: large vehicle/setpiece or scripted control; outside furniture/light template scope; exact mesh/animation absent
lostschool_3:staticprop:165,lostschool_3,models/props_vehicles/bus01_2.mdl,"[-238.0, -3055.0, -52.0]","[-4.325660228729248, 16.03190040588379, -1.2416000366210938]",owner-reviewed: large vehicle/setpiece or scripted control; outside furniture/light template scope; exact mesh/animation absent
lostschool_3:staticprop:166,lostschool_3,models/props_vehicles/airport_fuel_truck.mdl,"[-252.0, -3373.0, -58.2495002746582]","[0.0, 45.000999450683594, 0.0]",owner-reviewed: large vehicle/setpiece or scripted control; outside furniture/light template scope; exact mesh/animation absent
lostschool_3:staticprop:167,lostschool_3,models/props_vehicles/bus01_2.mdl,"[-81.0, -3128.0, -41.0]","[0.0, 15.984999656677246, 0.0]",owner-reviewed: large vehicle/setpiece or scripted control; outside furniture/light template scope; exact mesh/animation absent
lostschool_3:staticprop:168,lostschool_3,models/props_vehicles/bus01_2.mdl,"[28.0, -3198.0, -41.0]","[0.0, 15.984999656677246, 0.0]",owner-reviewed: large vehicle/setpiece or scripted control; outside furniture/light template scope; exact mesh/animation absent
lostschool_3:staticprop:169,lostschool_3,models/props_vehicles/airport_fuel_truck.mdl,"[32.0, -3461.0, -42.0]","[0.0, 45.000999450683594, 0.0]",owner-reviewed: large vehicle/setpiece or scripted control; outside furniture/light template scope; exact mesh/animation absent
lostschool_3:staticprop:171,lostschool_3,models/props_vehicles/hmmwv_glass.mdl,"[2496.27001953125, -3378.199951171875, -39.0]","[0.0, 216.0, 0.0]",owner-reviewed: large vehicle/setpiece or scripted control; outside furniture/light template scope; exact mesh/animation absent
lostschool_3:staticprop:172,lostschool_3,models/props_vehicles/hmmwv.mdl,"[2497.080078125, -3381.090087890625, -37.71110153198242]","[0.0, 220.5, 0.0]",owner-reviewed: large vehicle/setpiece or scripted control; outside furniture/light template scope; exact mesh/animation absent
lostschool_3:staticprop:173,lostschool_3,models/props_vehicles/hmmwv_glass.mdl,"[2482.199951171875, -3610.110107421875, -39.0]","[0.0, 216.0, 0.0]",owner-reviewed: large vehicle/setpiece or scripted control; outside furniture/light template scope; exact mesh/animation absent
lostschool_3:staticprop:174,lostschool_3,models/props_vehicles/hmmwv.mdl,"[2483.0, -3613.0, -37.71110153198242]","[0.0, 220.5, 0.0]",owner-reviewed: large vehicle/setpiece or scripted control; outside furniture/light template scope; exact mesh/animation absent
lostschool_3:staticprop:175,lostschool_3,models/props_vehicles/longnose_truck.mdl,"[3470.0, -2910.0, 10.0]","[88.89080047607422, 25.813800811767578, 115.93900299072266]",owner-reviewed: large vehicle/setpiece or scripted control; outside furniture/light template scope; exact mesh/animation absent
lostschool_3:staticprop:176,lostschool_3,models/props_vehicles/semi_trailer.mdl,"[3280.0, -2887.52001953125, 65.0]","[78.5062026977539, 2.4687399864196777, 92.518798828125]",owner-reviewed: access/structural or breakable geometry; preserve verified native NAV and passage layout; Source collision/damage model absent
lostschool_3:staticprop:178,lostschool_3,models/props_fortifications/concrete_barrier001_96_reference.mdl,"[3381.0, -4520.0, -60.0]","[0.0, 195.5, 0.0]",owner-reviewed: access/structural or breakable geometry; preserve verified native NAV and passage layout; Source collision/damage model absent
lostschool_3:staticprop:179,lostschool_3,models/props_fortifications/concrete_barrier001_96_reference.mdl,"[3334.419921875, -4347.0, -59.0]","[0.0, 195.5, 0.0]",owner-reviewed: access/structural or breakable geometry; preserve verified native NAV and passage layout; Source collision/damage model absent
lostschool_3:staticprop:182,lostschool_3,models/props_vehicles/hmmwv.mdl,"[2682.0, -4740.0, -56.89939880371094]","[0.0, 308.5, 0.0]",owner-reviewed: large vehicle/setpiece or scripted control; outside furniture/light template scope; exact mesh/animation absent
lostschool_3:staticprop:183,lostschool_3,models/props_fortifications/concrete_barrier001_96_reference.mdl,"[3280.0, -4149.0, -41.0]","[0.0, 169.5, 0.0]",owner-reviewed: access/structural or breakable geometry; preserve verified native NAV and passage layout; Source collision/damage model absent
lostschool_3:staticprop:184,lostschool_3,models/props_fortifications/concrete_barrier001_96_reference.mdl,"[3133.0, -3952.06005859375, -41.0]","[0.0, 260.5, 0.0]",owner-reviewed: access/structural or breakable geometry; preserve verified native NAV and passage layout; Source collision/damage model absent
lostschool_3:staticprop:187,lostschool_3,models/props_fortifications/concrete_barrier001_96_reference.mdl,"[3406.0, -4717.0, -60.0]","[0.0, 195.5, 0.0]",owner-reviewed: access/structural or breakable geometry; preserve verified native NAV and passage layout; Source collision/damage model absent
lostschool_3:staticprop:188,lostschool_3,models/props_fortifications/concrete_barrier001_96_reference.mdl,"[3485.0, -4590.0, -60.0]","[0.0, 195.5, 0.0]",owner-reviewed: access/structural or breakable geometry; preserve verified native NAV and passage layout; Source collision/damage model absent
lostschool_3:staticprop:193,lostschool_3,models/props_fortifications/concrete_barrier001_96_reference.mdl,"[-159.0, -4364.0, -55.44919967651367]","[0.0, 176.5, 0.0]",owner-reviewed: access/structural or breakable geometry; preserve verified native NAV and passage layout; Source collision/damage model absent
lostschool_3:staticprop:194,lostschool_3,models/props_fortifications/concrete_barrier001_96_reference.mdl,"[-167.0, -4588.0, -59.75]","[0.0, 180.0, 0.0]",owner-reviewed: access/structural or breakable geometry; preserve verified native NAV and passage layout; Source collision/damage model absent
lostschool_3:staticprop:195,lostschool_3,models/props_fortifications/concrete_barrier001_96_reference.mdl,"[-138.0, -4730.0, -59.75]","[0.0, 195.5, 0.0]",owner-reviewed: access/structural or breakable geometry; preserve verified native NAV and passage layout; Source collision/damage model absent
lostschool_3:staticprop:197,lostschool_3,models/props_vehicles/hmmwv.mdl,"[2655.0, -4623.0, -56.89939880371094]","[0.0, 308.5, 0.0]",owner-reviewed: large vehicle/setpiece or scripted control; outside furniture/light template scope; exact mesh/animation absent
lostschool_3:staticprop:198,lostschool_3,models/props_vehicles/army_truck.mdl,"[2625.0, -4488.0, -57.422000885009766]","[0.0, 311.0, 0.0]",owner-reviewed: large vehicle/setpiece or scripted control; outside furniture/light template scope; exact mesh/animation absent
lostschool_3:staticprop:206,lostschool_3,models/props_street/police_barricade_368in.mdl,"[4953.0, -5923.0, -58.23540115356445]","[0.0, 90.0, 0.0]",owner-reviewed: access/structural or breakable geometry; preserve verified native NAV and passage layout; Source collision/damage model absent
lostschool_3:staticprop:207,lostschool_3,models/props_street/police_barricade3.mdl,"[5134.0, -5640.0, -58.237300872802734]","[0.0, 179.64100646972656, 0.0]",owner-reviewed: access/structural or breakable geometry; preserve verified native NAV and passage layout; Source collision/damage model absent
lostschool_3:staticprop:208,lostschool_3,models/props_street/police_barricade2.mdl,"[5132.0, -5851.0, -58.237300872802734]","[0.0, 179.5, 0.0]",owner-reviewed: access/structural or breakable geometry; preserve verified native NAV and passage layout; Source collision/damage model absent
lostschool_3:staticprop:209,lostschool_3,models/props_vehicles/semi_trailer.mdl,"[4964.0, -5340.0, -58.22959899902344]","[0.0017895899945870042, 20.482999801635742, 0.0]",owner-reviewed: access/structural or breakable geometry; preserve verified native NAV and passage layout; Source collision/damage model absent
lostschool_3:staticprop:210,lostschool_3,models/props_vehicles/longnose_truck.mdl,"[4863.0, -5052.0, -57.3140983581543]","[0.0, 5.997970104217529, 0.0]",owner-reviewed: large vehicle/setpiece or scripted control; outside furniture/light template scope; exact mesh/animation absent
lostschool_3:staticprop:211,lostschool_3,models/props_street/police_barricade3.mdl,"[5138.0, -5220.0, -58.237300872802734]","[0.0, 179.64100646972656, 0.0]",owner-reviewed: access/structural or breakable geometry; preserve verified native NAV and passage layout; Source collision/damage model absent
lostschool_3:staticprop:212,lostschool_3,models/props_street/police_barricade2.mdl,"[5136.0, -5431.0, -58.237300872802734]","[0.0, 179.5, 0.0]",owner-reviewed: access/structural or breakable geometry; preserve verified native NAV and passage layout; Source collision/damage model absent
lostschool_3:staticprop:213,lostschool_3,models/props_street/police_barricade3.mdl,"[5146.0, -4380.0, -58.237300872802734]","[0.0, 179.64100646972656, 0.0]",owner-reviewed: access/structural or breakable geometry; preserve verified native NAV and passage layout; Source collision/damage model absent
lostschool_3:staticprop:214,lostschool_3,models/props_street/police_barricade2.mdl,"[5144.0, -4591.0, -58.237300872802734]","[0.0, 179.5, 0.0]",owner-reviewed: access/structural or breakable geometry; preserve verified native NAV and passage layout; Source collision/damage model absent
lostschool_3:staticprop:215,lostschool_3,models/props_street/police_barricade3.mdl,"[5142.0, -4800.0, -58.237300872802734]","[0.0, 179.64100646972656, 0.0]",owner-reviewed: access/structural or breakable geometry; preserve verified native NAV and passage layout; Source collision/damage model absent
lostschool_3:staticprop:216,lostschool_3,models/props_street/police_barricade2.mdl,"[5140.0, -5011.0, -58.237300872802734]","[0.0, 179.5, 0.0]",owner-reviewed: access/structural or breakable geometry; preserve verified native NAV and passage layout; Source collision/damage model absent
lostschool_3:staticprop:217,lostschool_3,models/props_vehicles/longnose_truck.mdl,"[5023.35009765625, -4413.93017578125, -57.3140983581543]","[0.0, 342.49798583984375, 0.0]",owner-reviewed: large vehicle/setpiece or scripted control; outside furniture/light template scope; exact mesh/animation absent
lostschool_3:staticprop:218,lostschool_3,models/props_vehicles/semi_trailer.mdl,"[4972.919921875, -4693.9501953125, -58.22959899902344]","[0.0017895899945870042, 355.9830017089844, 0.0]",owner-reviewed: access/structural or breakable geometry; preserve verified native NAV and passage layout; Source collision/damage model absent
lostschool_3:staticprop:219,lostschool_3,models/props_street/police_barricade3.mdl,"[5157.0, -3120.0, -58.237300872802734]","[0.0, 179.64100646972656, 0.0]",owner-reviewed: access/structural or breakable geometry; preserve verified native NAV and passage layout; Source collision/damage model absent
lostschool_3:staticprop:220,lostschool_3,models/props_street/police_barricade2.mdl,"[5159.0, -2911.0, -58.237300872802734]","[0.0, 179.5, 0.0]",owner-reviewed: access/structural or breakable geometry; preserve verified native NAV and passage layout; Source collision/damage model absent
lostschool_3:staticprop:221,lostschool_3,models/props_street/police_barricade3.mdl,"[5161.0, -2700.0, -58.237300872802734]","[0.0, 179.64100646972656, 0.0]",owner-reviewed: access/structural or breakable geometry; preserve verified native NAV and passage layout; Source collision/damage model absent
lostschool_3:staticprop:222,lostschool_3,models/props_street/police_barricade2.mdl,"[5155.0, -3331.0, -58.237300872802734]","[0.0, 179.5, 0.0]",owner-reviewed: access/structural or breakable geometry; preserve verified native NAV and passage layout; Source collision/damage model absent
lostschool_3:staticprop:223,lostschool_3,models/props_street/police_barricade3.mdl,"[5153.0, -3540.0, -58.237300872802734]","[0.0, 179.64100646972656, 0.0]",owner-reviewed: access/structural or breakable geometry; preserve verified native NAV and passage layout; Source collision/damage model absent
lostschool_3:staticprop:224,lostschool_3,models/props_street/police_barricade2.mdl,"[5151.0, -3751.0, -58.237300872802734]","[0.0, 179.5, 0.0]",owner-reviewed: access/structural or breakable geometry; preserve verified native NAV and passage layout; Source collision/damage model absent
lostschool_3:staticprop:225,lostschool_3,models/props_street/police_barricade3.mdl,"[5149.0, -3960.0, -58.237300872802734]","[0.0, 179.64100646972656, 0.0]",owner-reviewed: access/structural or breakable geometry; preserve verified native NAV and passage layout; Source collision/damage model absent
lostschool_3:staticprop:226,lostschool_3,models/props_street/police_barricade2.mdl,"[5147.0, -4171.0, -58.237300872802734]","[0.0, 179.5, 0.0]",owner-reviewed: access/structural or breakable geometry; preserve verified native NAV and passage layout; Source collision/damage model absent
lostschool_3:staticprop:227,lostschool_3,models/props_street/police_barricade3.mdl,"[5165.0, -2279.0, -58.237300872802734]","[0.0, 179.64100646972656, 0.0]",owner-reviewed: access/structural or breakable geometry; preserve verified native NAV and passage layout; Source collision/damage model absent
lostschool_3:staticprop:228,lostschool_3,models/props_street/police_barricade2.mdl,"[5163.0, -2490.0, -58.237300872802734]","[0.0, 179.5, 0.0]",owner-reviewed: access/structural or breakable geometry; preserve verified native NAV and passage layout; Source collision/damage model absent
lostschool_3:staticprop:229,lostschool_3,models/props_street/police_barricade3.mdl,"[5177.0, -1998.0, -58.237300872802734]","[0.0, 179.64100646972656, 0.0]",owner-reviewed: access/structural or breakable geometry; preserve verified native NAV and passage layout; Source collision/damage model absent
lostschool_3:staticprop:230,lostschool_3,models/props_downtown/railing04_256.mdl,"[4826.0, -2074.0, 150.0]","[0.0, 270.0, 0.0]",owner-reviewed: access/structural or breakable geometry; preserve verified native NAV and passage layout; Source collision/damage model absent
lostschool_3:staticprop:231,lostschool_3,models/props_downtown/railing04_256.mdl,"[4573.0, -2074.0, 150.0]","[0.0, 270.0, 0.0]",owner-reviewed: access/structural or breakable geometry; preserve verified native NAV and passage layout; Source collision/damage model absent
lostschool_3:staticprop:232,lostschool_3,models/props_downtown/railing04_256.mdl,"[5082.0, -2074.0, 150.0]","[0.0, 270.0, 0.0]",owner-reviewed: access/structural or breakable geometry; preserve verified native NAV and passage layout; Source collision/damage model absent
lostschool_3:staticprop:233,lostschool_3,models/props_street/police_barricade_368in.mdl,"[-1438.0, -4620.0, -58.23609924316406]","[0.0, 178.5, 0.0]",owner-reviewed: access/structural or breakable geometry; preserve verified native NAV and passage layout; Source collision/damage model absent
lostschool_3:staticprop:234,lostschool_3,models/props_street/police_barricade_368in.mdl,"[-1427.0, -4257.0, -58.23609924316406]","[0.0, 178.5, 0.0]",owner-reviewed: access/structural or breakable geometry; preserve verified native NAV and passage layout; Source collision/damage model absent
lostschool_3:staticprop:235,lostschool_3,models/props_street/police_barricade_368in.mdl,"[-1415.0, -3894.0, -58.23609924316406]","[0.0, 178.5, 0.0]",owner-reviewed: access/structural or breakable geometry; preserve verified native NAV and passage layout; Source collision/damage model absent
lostschool_3:staticprop:236,lostschool_3,models/props_street/police_barricade_368in.mdl,"[-1407.0, -3522.0, -58.23609924316406]","[0.0, 178.5, 0.0]",owner-reviewed: access/structural or breakable geometry; preserve verified native NAV and passage layout; Source collision/damage model absent
lostschool_3:staticprop:237,lostschool_3,models/props_street/police_barricade_368in.mdl,"[-1403.0, -3158.0, -58.23609924316406]","[0.0, 178.5, 0.0]",owner-reviewed: access/structural or breakable geometry; preserve verified native NAV and passage layout; Source collision/damage model absent
lostschool_3:staticprop:238,lostschool_3,models/props_street/police_barricade_368in.mdl,"[-1386.0, -2795.0, -60.0]","[0.0, 178.5, 0.0]",owner-reviewed: access/structural or breakable geometry; preserve verified native NAV and passage layout; Source collision/damage model absent
lostschool_3:staticprop:239,lostschool_3,models/props_street/police_barricade_368in.mdl,"[-1403.0, -2459.0, -58.23609924316406]","[0.0, 190.5, 0.0]",owner-reviewed: access/structural or breakable geometry; preserve verified native NAV and passage layout; Source collision/damage model absent
lostschool_3:staticprop:240,lostschool_3,models/props_street/police_barricade_368in.mdl,"[-1433.0, -2263.0, -58.23609924316406]","[0.0, 155.0, 0.0]",owner-reviewed: access/structural or breakable geometry; preserve verified native NAV and passage layout; Source collision/damage model absent
lostschool_3:staticprop:241,lostschool_3,models/props_misc/fairground_tent_open.mdl,"[301.0, -2160.0, -62.0]","[0.0, 0.0, 0.0]",owner-reviewed: large foliage/tent geometry; exact silhouette/base-game mesh absent
lostschool_3:staticprop:242,lostschool_3,models/props_vehicles/army_truck.mdl,"[-596.0, -3766.989990234375, -59.0]","[0.0, 311.0, 0.0]",owner-reviewed: large vehicle/setpiece or scripted control; outside furniture/light template scope; exact mesh/animation absent
lostschool_3:staticprop:244,lostschool_3,models/props_vehicles/hmmwv.mdl,"[-569.0, -3901.989990234375, -58.80970001220703]","[0.0, 308.5, 0.0]",owner-reviewed: large vehicle/setpiece or scripted control; outside furniture/light template scope; exact mesh/animation absent
lostschool_3:staticprop:245,lostschool_3,models/props_vehicles/hmmwv.mdl,"[-542.0, -4018.989990234375, -58.80970001220703]","[0.0, 308.5, 0.0]",owner-reviewed: large vehicle/setpiece or scripted control; outside furniture/light template scope; exact mesh/animation absent
lostschool_3:staticprop:246,lostschool_3,models/props_vehicles/utility_truck.mdl,"[-655.8519897460938, -3107.3701171875, -55.94609832763672]","[0.0, 220.0, 0.0]",owner-reviewed: large vehicle/setpiece or scripted control; outside furniture/light template scope; exact mesh/animation absent
lostschool_3:staticprop:247,lostschool_3,models/props_misc/triage_tent.mdl,"[-1178.989990234375, -2655.199951171875, -59.75]","[0.0, 149.5, 0.0]",owner-reviewed: large foliage/tent geometry; exact silhouette/base-game mesh absent
lostschool_3:staticprop:248,lostschool_3,models/props_misc/triage_tent.mdl,"[-988.0, -2329.0, -59.75]","[0.0, 149.5, 0.0]",owner-reviewed: large foliage/tent geometry; exact silhouette/base-game mesh absent
lostschool_3:staticprop:249,lostschool_3,models/props_misc/fairground_tent_closed.mdl,"[-1322.8800048828125, -3021.050048828125, -59.75]","[0.0, 270.5, 0.0]",owner-reviewed: large foliage/tent geometry; exact silhouette/base-game mesh absent
lostschool_3:staticprop:250,lostschool_3,models/props_misc/fairground_tent_closed.mdl,"[-1318.0, -2893.0, -59.75]","[0.0, 270.5, 0.0]",owner-reviewed: large foliage/tent geometry; exact silhouette/base-game mesh absent
lostschool_3:staticprop:251,lostschool_3,models/props_vehicles/ambulance.mdl,"[-488.0, -2387.0, -57.749000549316406]","[-0.006949429865926504, 264.5379943847656, -0.7338610291481018]",owner-reviewed: large vehicle/setpiece or scripted control; outside furniture/light template scope; exact mesh/animation absent
lostschool_3:staticprop:257,lostschool_3,models/props_misc/fairground_tent_closed.mdl,"[-847.8829956054688, -3157.0, -59.75]","[0.0, 270.5, 0.0]",owner-reviewed: large foliage/tent geometry; exact silhouette/base-game mesh absent
lostschool_3:staticprop:258,lostschool_3,models/props_misc/fairground_tent_closed.mdl,"[-843.0, -3028.949951171875, -59.75]","[0.0, 270.5, 0.0]",owner-reviewed: large foliage/tent geometry; exact silhouette/base-game mesh absent
lostschool_3:staticprop:259,lostschool_3,models/props_foliage/mall_tree_large01.mdl,"[-1603.0, -4707.35009765625, -60.0]","[0.0, 0.0, 0.0]",owner-reviewed: large foliage/tent geometry; exact silhouette/base-game mesh absent
lostschool_3:staticprop:260,lostschool_3,models/props_foliage/mall_tree_medium01.mdl,"[-1624.0, -4300.0, -60.0]","[0.0, 0.0, 0.0]",owner-reviewed: large foliage/tent geometry; exact silhouette/base-game mesh absent
lostschool_3:staticprop:261,lostschool_3,models/props_foliage/tree_city01.mdl,"[-1610.0, -3885.0, -60.0]","[0.0, 0.0, 0.0]",owner-reviewed: large foliage/tent geometry; exact silhouette/base-game mesh absent
lostschool_3:staticprop:262,lostschool_3,models/props_foliage/trees_dryleaves01.mdl,"[-1596.0, -3456.0, -60.0]","[0.0, 0.0, 0.0]",owner-reviewed: large foliage/tent geometry; exact silhouette/base-game mesh absent
lostschool_3:staticprop:263,lostschool_3,models/props_foliage/mall_tree_large01.mdl,"[-1603.0, -3110.0, -60.0]","[0.0, 0.0, 0.0]",owner-reviewed: large foliage/tent geometry; exact silhouette/base-game mesh absent
lostschool_3:staticprop:264,lostschool_3,models/props_foliage/mall_tree_large01.mdl,"[-1617.0, -2675.0, -60.0]","[0.0, 0.0, 0.0]",owner-reviewed: large foliage/tent geometry; exact silhouette/base-game mesh absent
lostschool_3:staticprop:265,lostschool_3,models/props_foliage/tree_pine04_tallcluster.mdl,"[-1745.0, -2339.0, -60.0]","[0.0, 0.0, 0.0]",owner-reviewed: large foliage/tent geometry; exact silhouette/base-game mesh absent
lostschool_3:staticprop:266,lostschool_3,models/props_foliage/mall_tree_large01.mdl,"[-1872.0, -2668.0, -60.0]","[0.0, 0.0, 0.0]",owner-reviewed: large foliage/tent geometry; exact silhouette/base-game mesh absent
lostschool_3:staticprop:267,lostschool_3,models/props_foliage/mall_tree_large01.mdl,"[-1803.0, -2979.0, -60.0]","[0.0, 0.0, 0.0]",owner-reviewed: large foliage/tent geometry; exact silhouette/base-game mesh absent
lostschool_3:staticprop:268,lostschool_3,models/props_foliage/tree_pine04_tencluster.mdl,"[-1663.0, -4147.0, -60.0]","[0.0, 340.5, 0.0]",owner-reviewed: large foliage/tent geometry; exact silhouette/base-game mesh absent
lostschool_3:staticprop:269,lostschool_3,models/props_foliage/mall_tree_large01.mdl,"[-1761.0, -3705.0, -60.0]","[0.0, 0.0, 0.0]",owner-reviewed: large foliage/tent geometry; exact silhouette/base-game mesh absent
lostschool_3:staticprop:270,lostschool_3,models/props_foliage/mall_tree_large01.mdl,"[-1920.0, -4092.0, -60.0]","[0.0, 0.0, 0.0]",owner-reviewed: large foliage/tent geometry; exact silhouette/base-game mesh absent
lostschool_3:staticprop:271,lostschool_3,models/props_foliage/mall_tree_large01.mdl,"[-1975.0, -3774.0, -60.0]","[0.0, 0.0, 0.0]",owner-reviewed: large foliage/tent geometry; exact silhouette/base-game mesh absent
lostschool_3:staticprop:272,lostschool_3,models/props_foliage/mall_tree_large01.mdl,"[-1892.0, -4379.0, -60.0]","[0.0, 0.0, 0.0]",owner-reviewed: large foliage/tent geometry; exact silhouette/base-game mesh absent
lostschool_3:staticprop:273,lostschool_3,models/props_foliage/mall_tree_large01.mdl,"[-1875.0, -4736.0, -60.0]","[0.0, 0.0, 0.0]",owner-reviewed: large foliage/tent geometry; exact silhouette/base-game mesh absent
lostschool_3:staticprop:274,lostschool_3,models/props_foliage/tree_pine04_tallcluster.mdl,"[-1693.0, -3195.0, -60.0]","[0.0, 346.0, 0.0]",owner-reviewed: large foliage/tent geometry; exact silhouette/base-game mesh absent
lostschool_3:staticprop:275,lostschool_3,models/props_foliage/mall_tree_large01.mdl,"[-1629.0, -2311.0, -60.0]","[0.0, 0.0, 0.0]",owner-reviewed: large foliage/tent geometry; exact silhouette/base-game mesh absent
lostschool_3:staticprop:276,lostschool_3,models/props_misc/triage_tent.mdl,"[728.0, -4483.0, -59.75]","[0.0, 289.0, 0.0]",owner-reviewed: large foliage/tent geometry; exact silhouette/base-game mesh absent
lostschool_3:staticprop:279,lostschool_3,models/props_vehicles/airport_fuel_truck.mdl,"[3486.0, -3226.260009765625, -58.2495002746582]","[0.0, 45.000999450683594, 0.0]",owner-reviewed: large vehicle/setpiece or scripted control; outside furniture/light template scope; exact mesh/animation absent
lostschool_3:staticprop:280,lostschool_3,models/props_vehicles/airport_catering_truck.mdl,"[3516.0, -3561.0, -59.0]","[0.0, 250.5, 0.0]",owner-reviewed: large vehicle/setpiece or scripted control; outside furniture/light template scope; exact mesh/animation absent
lostschool_3:staticprop:281,lostschool_3,models/props_vehicles/airport_catering_truck.mdl,"[3585.0, -3774.0, -59.0]","[0.0, 250.5, 0.0]",owner-reviewed: large vehicle/setpiece or scripted control; outside furniture/light template scope; exact mesh/animation absent
lostschool_3:staticprop:282,lostschool_3,models/props_vehicles/airport_catering_truck.mdl,"[2053.0, -3655.0, -38.16910171508789]","[0.0, 12.0, 0.0]",owner-reviewed: large vehicle/setpiece or scripted control; outside furniture/light template scope; exact mesh/animation absent
lostschool_3:staticprop:283,lostschool_3,models/props_vehicles/airport_catering_truck.mdl,"[1947.0, -3721.0, -38.16910171508789]","[0.0, 12.0, 0.0]",owner-reviewed: large vehicle/setpiece or scripted control; outside furniture/light template scope; exact mesh/animation absent
lostschool_3:staticprop:284,lostschool_3,models/props_misc/triage_tent.mdl,"[4530.0, -4047.0, -59.75]","[0.0, 347.0, 0.0]",owner-reviewed: large foliage/tent geometry; exact silhouette/base-game mesh absent
lostschool_3:staticprop:285,lostschool_3,models/props_misc/triage_tent.mdl,"[4614.06005859375, -3678.469970703125, -59.75]","[0.0, 347.0, 0.0]",owner-reviewed: large foliage/tent geometry; exact silhouette/base-game mesh absent
lostschool_3:staticprop:286,lostschool_3,models/props_misc/fairground_tent_closed.mdl,"[4790.58984375, -3323.93994140625, -59.75]","[0.0, 76.5, 0.0]",owner-reviewed: large foliage/tent geometry; exact silhouette/base-game mesh absent
lostschool_3:staticprop:287,lostschool_3,models/props_misc/fairground_tent_closed.mdl,"[4754.8798828125, -3447.0, -59.75]","[0.0, 76.5, 0.0]",owner-reviewed: large foliage/tent geometry; exact silhouette/base-game mesh absent
lostschool_3:staticprop:294,lostschool_3,models/props_misc/fairground_tent_board.mdl,"[4696.0, -3164.8798828125, -59.75]","[0.0, 255.5, 0.0]",owner-reviewed: large foliage/tent geometry; exact silhouette/base-game mesh absent
lostschool_3:staticprop:295,lostschool_3,models/props_misc/fairground_tent_board.mdl,"[4726.830078125, -3041.669921875, -59.75]","[0.0, 255.5, 0.0]",owner-reviewed: large foliage/tent geometry; exact silhouette/base-game mesh absent
lostschool_3:staticprop:296,lostschool_3,models/props_misc/fairground_tent_closed.mdl,"[4824.509765625, -3199.14990234375, -59.75]","[0.0, 255.5, 0.0]",owner-reviewed: large foliage/tent geometry; exact silhouette/base-game mesh absent
lostschool_3:staticprop:297,lostschool_3,models/props_misc/fairground_tent_closed.mdl,"[4855.33984375, -3075.93994140625, -59.75]","[0.0, 255.5, 0.0]",owner-reviewed: large foliage/tent geometry; exact silhouette/base-game mesh absent
lostschool_3:staticprop:298,lostschool_3,models/props_vehicles/longnose_truck.mdl,"[4550.22021484375, -4435.64990234375, -57.3140983581543]","[0.0, 16.49799919128418, 0.0]",owner-reviewed: large vehicle/setpiece or scripted control; outside furniture/light template scope; exact mesh/animation absent
lostschool_3:staticprop:299,lostschool_3,models/props_vehicles/semi_trailer.mdl,"[4682.0, -4656.0, -58.22959899902344]","[0.0017895899945870042, 45.983001708984375, 0.0]",owner-reviewed: access/structural or breakable geometry; preserve verified native NAV and passage layout; Source collision/damage model absent
lostschool_3:staticprop:300,lostschool_3,models/props_misc/fairground_tent_closed.mdl,"[4958.740234375, -2846.6298828125, -59.75]","[0.0, 161.5, 0.0]",owner-reviewed: large foliage/tent geometry; exact silhouette/base-game mesh absent
lostschool_3:staticprop:301,lostschool_3,models/props_misc/fairground_tent_closed.mdl,"[5078.22998046875, -2892.929931640625, -59.75]","[0.0, 161.5, 0.0]",owner-reviewed: large foliage/tent geometry; exact silhouette/base-game mesh absent
lostschool_3:staticprop:302,lostschool_3,models/props_misc/fairground_tent_board.mdl,"[4672.0, -2885.550048828125, -59.75]","[0.0, 340.5, 0.0]",owner-reviewed: large foliage/tent geometry; exact silhouette/base-game mesh absent
lostschool_3:staticprop:303,lostschool_3,models/props_misc/fairground_tent_closed.mdl,"[4717.33984375, -2760.510009765625, -59.75]","[0.0, 340.5, 0.0]",owner-reviewed: large foliage/tent geometry; exact silhouette/base-game mesh absent
lostschool_3:staticprop:304,lostschool_3,models/props_misc/fairground_tent_closed.mdl,"[4837.39013671875, -2801.9599609375, -59.75]","[0.0, 340.5, 0.0]",owner-reviewed: large foliage/tent geometry; exact silhouette/base-game mesh absent
lostschool_3:staticprop:305,lostschool_3,models/props_misc/fairground_tent_board.mdl,"[4792.0498046875, -2927.0, -59.75]","[0.0, 340.5, 0.0]",owner-reviewed: large foliage/tent geometry; exact silhouette/base-game mesh absent
lostschool_3:staticprop:306,lostschool_3,models/props_vehicles/semi_trailer.mdl,"[4499.0, -2573.0, -58.22959899902344]","[0.0017895899945870042, 19.982999801635742, 0.0]",owner-reviewed: access/structural or breakable geometry; preserve verified native NAV and passage layout; Source collision/damage model absent
lostschool_3:staticprop:307,lostschool_3,models/props_vehicles/longnose_truck.mdl,"[4413.0, -2283.0, -57.3140983581543]","[0.0, 6.497980117797852, 0.0]",owner-reviewed: large vehicle/setpiece or scripted control; outside furniture/light template scope; exact mesh/animation absent
lostschool_3:staticprop:308,lostschool_3,models/props_vehicles/hmmwv.mdl,"[4000.0, -2835.0, -56.894500732421875]","[0.0, 99.5, 0.0]",owner-reviewed: large vehicle/setpiece or scripted control; outside furniture/light template scope; exact mesh/animation absent
lostschool_3:staticprop:309,lostschool_3,models/props_vehicles/hmmwv.mdl,"[4218.0, -2886.0, -59.0]","[0.0, 115.0, 0.0]",owner-reviewed: large vehicle/setpiece or scripted control; outside furniture/light template scope; exact mesh/animation absent
lostschool_3:staticprop:310,lostschool_3,models/props_vehicles/hmmwv_glass.mdl,"[4194.0, -2886.0, -58.894500732421875]","[0.0, 110.5, 0.0]",owner-reviewed: large vehicle/setpiece or scripted control; outside furniture/light template scope; exact mesh/animation absent
lostschool_3:staticprop:311,lostschool_3,models/props_vehicles/hmmwv.mdl,"[3913.0, -2167.0, -56.894500732421875]","[0.0, 91.0, 0.0]",owner-reviewed: large vehicle/setpiece or scripted control; outside furniture/light template scope; exact mesh/animation absent
lostschool_3:staticprop:312,lostschool_3,models/props_vehicles/hmmwv.mdl,"[4001.0, -2299.0, -59.0]","[0.0, 127.5, 0.0]",owner-reviewed: large vehicle/setpiece or scripted control; outside furniture/light template scope; exact mesh/animation absent
lostschool_3:staticprop:313,lostschool_3,models/props_vehicles/hmmwv.mdl,"[3573.0, -2439.0, -59.0]","[0.0, 160.5, 0.0]",owner-reviewed: large vehicle/setpiece or scripted control; outside furniture/light template scope; exact mesh/animation absent
lostschool_3:staticprop:314,lostschool_3,models/props_vehicles/hmmwv.mdl,"[3697.0, -2167.0, -56.894500732421875]","[0.0, 91.0, 0.0]",owner-reviewed: large vehicle/setpiece or scripted control; outside furniture/light template scope; exact mesh/animation absent
lostschool_3:staticprop:315,lostschool_3,models/props_fortifications/sandbags_line2.mdl,"[1785.0, -4676.97021484375, 292.47698974609375]","[0.0, 272.0, 0.0]",owner-reviewed model group; outside requested bed/table/cabinet/chair/lighting scope; exact mesh or interactive state unavailable
lostschool_3:staticprop:316,lostschool_3,models/props_fortifications/sandbags_line2.mdl,"[1641.0899658203125, -4682.0, 292.47698974609375]","[0.0, 92.0, 0.0]",owner-reviewed model group; outside requested bed/table/cabinet/chair/lighting scope; exact mesh or interactive state unavailable
lostschool_3:staticprop:317,lostschool_3,models/props_vehicles/helicopter_news_downed.mdl,"[3774.0, -4336.2900390625, -60.0]","[0.0, 0.0, 0.0]",owner-reviewed: large vehicle/setpiece or scripted control; outside furniture/light template scope; exact mesh/animation absent
lostschool_3:staticprop:318,lostschool_3,models/props_vehicles/pickup_load03.mdl,"[2530.52001953125, -5087.0, 265.0]","[0.0, 0.0, 0.0]",owner-reviewed: large vehicle/setpiece or scripted control; outside furniture/light template scope; exact mesh/animation absent
lostschool_3:staticprop:319,lostschool_3,models/props_vehicles/pickup_load02.mdl,"[2424.0, -5086.0, 247.0]","[0.0, 0.0, 0.0]",owner-reviewed: large vehicle/setpiece or scripted control; outside furniture/light template scope; exact mesh/animation absent
lostschool_3:staticprop:320,lostschool_3,models/props_vehicles/pickup_load01.mdl,"[2518.0, -5002.0, 247.0]","[0.0, 0.0, 0.0]",owner-reviewed: large vehicle/setpiece or scripted control; outside furniture/light template scope; exact mesh/animation absent
lostschool_3:staticprop:321,lostschool_3,models/props_vehicles/pickup_load01.mdl,"[1393.0, -3406.0, -74.0]","[0.0, 0.0, 0.0]",owner-reviewed: large vehicle/setpiece or scripted control; outside furniture/light template scope; exact mesh/animation absent
lostschool_3:staticprop:322,lostschool_3,models/props_vehicles/pickup_load01.mdl,"[1091.0, -2137.0, -87.0]","[0.0, 0.0, 0.0]",owner-reviewed: large vehicle/setpiece or scripted control; outside furniture/light template scope; exact mesh/animation absent
lostschool_3:staticprop:323,lostschool_3,models/props_vehicles/pickup_load03.mdl,"[1091.0, -2416.0, -87.0]","[0.0, 0.0, 0.0]",owner-reviewed: large vehicle/setpiece or scripted control; outside furniture/light template scope; exact mesh/animation absent
lostschool_3:staticprop:324,lostschool_3,models/props_vehicles/pickup_load01.mdl,"[867.0, -2226.0, -87.0]","[0.0, 267.0, 0.0]",owner-reviewed: large vehicle/setpiece or scripted control; outside furniture/light template scope; exact mesh/animation absent
lostschool_3:staticprop:332,lostschool_3,models/props_vehicles/helicopter_news_downed.mdl,"[-971.0, -4376.0, -59.33789825439453]","[0.0, 344.0, 0.0]",owner-reviewed: large vehicle/setpiece or scripted control; outside furniture/light template scope; exact mesh/animation absent
lostschool_3:staticprop:345,lostschool_3,models/props_vehicles/pickup_load01.mdl,"[2334.0, -5040.0, 279.0]","[0.0, 178.0, 0.0]",owner-reviewed: large vehicle/setpiece or scripted control; outside furniture/light template scope; exact mesh/animation absent
lostschool_3:staticprop:346,lostschool_3,models/props_vehicles/pickup_load02.mdl,"[2268.0, -5005.330078125, 247.0]","[0.0, 178.0, 0.0]",owner-reviewed: large vehicle/setpiece or scripted control; outside furniture/light template scope; exact mesh/animation absent
lostschool_3:staticprop:347,lostschool_3,models/props_vehicles/pickup_load03.mdl,"[2267.0, -5109.0, 247.0]","[0.0, 272.0, 0.0]",owner-reviewed: large vehicle/setpiece or scripted control; outside furniture/light template scope; exact mesh/animation absent
lostschool_3:staticprop:348,lostschool_3,models/deadbodies/bodies128_a.mdl,"[2452.610107421875, -4051.0, -41.0]","[0.0, 0.0, 0.0]",owner-reviewed: compound corpse/setpiece mesh; generic furniture boxes would misrepresent it; exact Source mesh absent
lostschool_3:staticprop:349,lostschool_3,models/deadbodies/bodies_oval_192.mdl,"[2761.2099609375, -3718.0, -41.0]","[0.0, 0.0, 0.0]",owner-reviewed: compound corpse/setpiece mesh; generic furniture boxes would misrepresent it; exact Source mesh absent
lostschool_3:staticprop:350,lostschool_3,models/deadbodies/cemetary/barricade_a.mdl,"[2728.409912109375, -3211.0, -42.0]","[0.0, 0.0, 0.0]",owner-reviewed: compound corpse/setpiece mesh; generic furniture boxes would misrepresent it; exact Source mesh absent
lostschool_3:staticprop:351,lostschool_3,models/deadbodies/cemetary/barricade_c.mdl,"[2890.0, -3977.0, -43.0]","[0.0, 0.0, 0.0]",owner-reviewed: compound corpse/setpiece mesh; generic furniture boxes would misrepresent it; exact Source mesh absent
lostschool_3:staticprop:352,lostschool_3,models/deadbodies/bodieshall128.mdl,"[2646.530029296875, -4042.0, -40.0]","[0.0, 0.0, 0.0]",owner-reviewed: compound corpse/setpiece mesh; generic furniture boxes would misrepresent it; exact Source mesh absent
lostschool_3:staticprop:353,lostschool_3,models/deadbodies/bodies_oval_128.mdl,"[1685.0, -4073.0, -41.0]","[0.0, 0.0, 0.0]",owner-reviewed: compound corpse/setpiece mesh; generic furniture boxes would misrepresent it; exact Source mesh absent
lostschool_3:staticprop:354,lostschool_3,models/deadbodies/bodieshall96.mdl,"[376.14898681640625, -3982.0, -39.0]","[0.0, 0.0, 0.0]",owner-reviewed: compound corpse/setpiece mesh; generic furniture boxes would misrepresent it; exact Source mesh absent
lostschool_3:staticprop:355,lostschool_3,models/deadbodies/cemetary/barricade_b.mdl,"[-665.6389770507812, -3350.0, -61.0]","[0.0, 0.0, 0.0]",owner-reviewed: compound corpse/setpiece mesh; generic furniture boxes would misrepresent it; exact Source mesh absent
lostschool_3:staticprop:356,lostschool_3,models/deadbodies/cemetary/corner_b.mdl,"[-780.0, -3370.7900390625, -60.0]","[0.0, 0.0, 0.0]",owner-reviewed: compound corpse/setpiece mesh; generic furniture boxes would misrepresent it; exact Source mesh absent
lostschool_3:staticprop:357,lostschool_3,models/deadbodies/cemetary/corner_c.mdl,"[2152.0, -3211.070068359375, -41.0]","[0.0, 0.0, 0.0]",owner-reviewed: compound corpse/setpiece mesh; generic furniture boxes would misrepresent it; exact Source mesh absent
lostschool_3:staticprop:358,lostschool_3,models/deadbodies/cemetary/oval_128_a.mdl,"[1986.0, -2895.0, -41.0]","[0.0, 0.0, 0.0]",owner-reviewed: compound corpse/setpiece mesh; generic furniture boxes would misrepresent it; exact Source mesh absent
lostschool_3:staticprop:359,lostschool_3,models/deadbodies/cemetary/oval_128_a.mdl,"[1763.0, -2688.0, -41.0]","[0.0, 234.0, 0.0]",owner-reviewed: compound corpse/setpiece mesh; generic furniture boxes would misrepresent it; exact Source mesh absent
lostschool_3:staticprop:360,lostschool_3,models/deadbodies/cemetary/oval_128_b.mdl,"[1571.9100341796875, -3230.0, -42.0]","[0.0, 0.0, 0.0]",owner-reviewed: compound corpse/setpiece mesh; generic furniture boxes would misrepresent it; exact Source mesh absent
lostschool_3:staticprop:361,lostschool_3,models/deadbodies/cemetary/oval_128_c.mdl,"[1400.0, -3051.419921875, -41.0]","[0.0, 0.0, 0.0]",owner-reviewed: compound corpse/setpiece mesh; generic furniture boxes would misrepresent it; exact Source mesh absent
lostschool_3:staticprop:362,lostschool_3,models/deadbodies/cemetary/oval_192_a.mdl,"[1333.0, -2892.510009765625, -42.0]","[0.0, 0.0, 0.0]",owner-reviewed: compound corpse/setpiece mesh; generic furniture boxes would misrepresent it; exact Source mesh absent
lostschool_3:staticprop:363,lostschool_3,models/deadbodies/cemetary/oval_192_b.mdl,"[75.0, -2844.4599609375, -42.0]","[0.0, 0.0, 0.0]",owner-reviewed: compound corpse/setpiece mesh; generic furniture boxes would misrepresent it; exact Source mesh absent
lostschool_3:staticprop:364,lostschool_3,models/deadbodies/cemetary/oval_192_c.mdl,"[-308.0, -2820.219970703125, -60.0]","[0.0, 0.0, 0.0]",owner-reviewed: compound corpse/setpiece mesh; generic furniture boxes would misrepresent it; exact Source mesh absent
lostschool_3:staticprop:365,lostschool_3,models/deadbodies/cemetary/wall_192_a.mdl,"[-484.0, -2846.0, -58.0]","[0.0, 227.0, 0.0]",owner-reviewed: compound corpse/setpiece mesh; generic furniture boxes would misrepresent it; exact Source mesh absent
lostschool_3:staticprop:366,lostschool_3,models/deadbodies/cemetary/wall_192_b.mdl,"[-402.0, -4575.0, -60.0]","[0.0, 35.0, 0.0]",owner-reviewed: compound corpse/setpiece mesh; generic furniture boxes would misrepresent it; exact Source mesh absent
lostschool_3:staticprop:367,lostschool_3,models/deadbodies/cemetary/wall_192_c.mdl,"[341.1830139160156, -4479.0, -60.0]","[0.0, 0.0, 0.0]",owner-reviewed: compound corpse/setpiece mesh; generic furniture boxes would misrepresent it; exact Source mesh absent
lostschool_3:staticprop:368,lostschool_3,models/deadbodies/deepswamp/barricade_b.mdl,"[969.1079711914062, -4074.0, -40.0]","[0.0, 0.0, 0.0]",owner-reviewed: compound corpse/setpiece mesh; generic furniture boxes would misrepresent it; exact Source mesh absent
lostschool_3:staticprop:369,lostschool_3,models/deadbodies/deepswamp/barricade_c.mdl,"[223.21499633789062, -3342.0, -42.0]","[0.0, 0.0, 0.0]",owner-reviewed: compound corpse/setpiece mesh; generic furniture boxes would misrepresent it; exact Source mesh absent
lostschool_3:staticprop:370,lostschool_3,models/deadbodies/deepswamp/corner_b.mdl,"[252.0, -2094.0, -60.0]","[0.0, 0.0, 0.0]",owner-reviewed: compound corpse/setpiece mesh; generic furniture boxes would misrepresent it; exact Source mesh absent
lostschool_3:staticprop:372,lostschool_3,models/props_fortifications/sandbags_line2.mdl,"[2597.0, -4345.0, -59.52259826660156]","[0.0, 65.0, 0.0]",owner-reviewed model group; outside requested bed/table/cabinet/chair/lighting scope; exact mesh or interactive state unavailable
lostschool_3:staticprop:386,lostschool_3,models/props_vehicles/pickup_load01.mdl,"[639.0, -3602.43994140625, -68.0]","[0.0, 357.0, 0.0]",owner-reviewed: large vehicle/setpiece or scripted control; outside furniture/light template scope; exact mesh/animation absent
lostschool_3:staticprop:387,lostschool_3,models/props_vehicles/pickup_load01.mdl,"[452.22198486328125, -3637.219970703125, -69.0]","[0.0, 179.0, 0.0]",owner-reviewed: large vehicle/setpiece or scripted control; outside furniture/light template scope; exact mesh/animation absent
lostschool_3:staticprop:388,lostschool_3,models/props_vehicles/pickup_load02.mdl,"[702.2420043945312, -3638.25, -69.0]","[0.0, 357.0, 0.0]",owner-reviewed: large vehicle/setpiece or scripted control; outside furniture/light template scope; exact mesh/animation absent
lostschool_3:staticprop:401,lostschool_3,models/props_fairgrounds/lighting_board.mdl,"[1140.0, -3486.0, -3.0]","[0.0, 181.5, 0.0]",owner-reviewed model group; outside requested bed/table/cabinet/chair/lighting scope; exact mesh or interactive state unavailable
lostschool_3:staticprop:406,lostschool_3,models/props_vehicles/utility_truck.mdl,"[-1168.0, -2722.0, -60.0]","[0.0, 173.0, 0.0]",owner-reviewed: large vehicle/setpiece or scripted control; outside furniture/light template scope; exact mesh/animation absent
lostschool_3:entity:1105,lostschool_3,models/props_vehicles/cara_95sedan_glass.mdl,"[-43.4734, 339.279, 320.036]","[7.97605, 332.208, -4.18281]",owner-reviewed: large vehicle/setpiece or scripted control; outside furniture/light template scope; exact mesh/animation absent
lostschool_3:entity:1109,lostschool_3,models/props_vehicles/cara_95sedan.mdl,"[-43.5495, 339.75, 318.023]","[7.97605, 332.208, -4.18281]",owner-reviewed: large vehicle/setpiece or scripted control; outside furniture/light template scope; exact mesh/animation absent
lostschool_3:entity:316,lostschool_3,models/props_interiors/computer_monitor.mdl,"[809.0, -329.0, 95.0]","[0.0, 0.0, 0.0]",owner-reviewed model group; outside requested bed/table/cabinet/chair/lighting scope; exact mesh or interactive state unavailable
lostschool_3:entity:343,lostschool_3,models/props_interiors/computer_monitor.mdl,"[810.0, -247.0, 95.0]","[0.0, 0.0, 0.0]",owner-reviewed model group; outside requested bed/table/cabinet/chair/lighting scope; exact mesh or interactive state unavailable
lostschool_3:entity:373,lostschool_3,models/props_interiors/computer_keyboard.mdl,"[827.0, -330.0, 96.0]","[0.0, 0.0, 0.0]",owner-reviewed model group; outside requested bed/table/cabinet/chair/lighting scope; exact mesh or interactive state unavailable
lostschool_3:entity:400,lostschool_3,models/props_interiors/computer_keyboard.mdl,"[827.0, -248.0, 96.0]","[0.0, 0.0, 0.0]",owner-reviewed model group; outside requested bed/table/cabinet/chair/lighting scope; exact mesh or interactive state unavailable
lostschool_3:entity:404,lostschool_3,models/props/cs_office/computer_mouse.mdl,"[825.0, -312.0, 96.0]","[0.0, 0.0, 0.0]",owner-reviewed model group; outside requested bed/table/cabinet/chair/lighting scope; exact mesh or interactive state unavailable
lostschool_3:entity:427,lostschool_3,models/props/cs_office/computer_mouse.mdl,"[829.0, -232.0, 96.0]","[0.0, 0.0, 0.0]",owner-reviewed model group; outside requested bed/table/cabinet/chair/lighting scope; exact mesh or interactive state unavailable
lostschool_3:entity:597,lostschool_3,models/props_doors/doormainmetalwindow01.mdl,"[1031.0, -700.0, 82.0]","[0.0, 90.0, 0.0]",owner-reviewed: separate opening/control geometry; preserve native room/checkpoint door behaviour; no static fake closed doors
lostschool_3:entity:1697,lostschool_3,models/props_doors/doormainmetalwindow01.mdl,"[1030.07, -968.0, 82.646]","[0.0, 90.0, 0.0]",owner-reviewed: separate opening/control geometry; preserve native room/checkpoint door behaviour; no static fake closed doors
lostschool_3:entity:2901,lostschool_3,models/props_doors/doormainmetalwindow01.mdl,"[1421.0, -968.0, 84.0]","[0.0, 90.0, 0.0]",owner-reviewed: separate opening/control geometry; preserve native room/checkpoint door behaviour; no static fake closed doors
lostschool_3:entity:4117,lostschool_3,models/props_downtown/metal_door_112_static.mdl,"[1438.0, -888.0, 250.0]","[0.0, 0.0, 0.0]",owner-reviewed: separate opening/control geometry; preserve native room/checkpoint door behaviour; no static fake closed doors
lostschool_3:entity:4151,lostschool_3,models/props_downtown/metal_door_112_static.mdl,"[1437.46, -778.153, 250.0]","[0.0, 180.5, 0.0]",owner-reviewed: separate opening/control geometry; preserve native room/checkpoint door behaviour; no static fake closed doors
lostschool_3:entity:4625,lostschool_3,models/c5_bridge_destruction/bridge_busses.mdl,"[1931.0, 469.0, -442.0]","[0.0, 90.0, 2.5]",owner-reviewed: large vehicle/setpiece or scripted control; outside furniture/light template scope; exact mesh/animation absent
lostschool_3:entity:4747,lostschool_3,models/props_c17/handrail04_long.mdl,"[1523.0, -988.0, 271.0]","[0.0, 270.0, 0.0]",owner-reviewed: access/structural or breakable geometry; preserve verified native NAV and passage layout; Source collision/damage model absent
lostschool_3:entity:4782,lostschool_3,models/props_c17/handrail04_long.mdl,"[1648.0, -988.0, 271.0]","[0.0, 270.0, 0.0]",owner-reviewed: access/structural or breakable geometry; preserve verified native NAV and passage layout; Source collision/damage model absent
lostschool_3:entity:4806,lostschool_3,models/props_downtown/metal_door_112_static.mdl,"[2173.46, -829.153, 250.0]","[0.0, 180.5, 0.0]",owner-reviewed: separate opening/control geometry; preserve native room/checkpoint door behaviour; no static fake closed doors
lostschool_3:entity:4811,lostschool_3,models/props_downtown/metal_door_112_static.mdl,"[2174.0, -939.0, 250.0]","[0.0, 0.0, 0.0]",owner-reviewed: separate opening/control geometry; preserve native room/checkpoint door behaviour; no static fake closed doors
lostschool_3:entity:5045,lostschool_3,models/props_vehicles/car005a_physics.mdl,"[2024.0, -349.535, 101.0]","[0.0, 0.0, 0.0]",owner-reviewed: large vehicle/setpiece or scripted control; outside furniture/light template scope; exact mesh/animation absent
lostschool_3:entity:5068,lostschool_3,models/props_vehicles/car005a_physics.mdl,"[1861.0, -323.0, 101.0]","[0.0, 75.0, 0.0]",owner-reviewed: large vehicle/setpiece or scripted control; outside furniture/light template scope; exact mesh/animation absent
lostschool_3:entity:5080,lostschool_3,models/props_vehicles/police_car_rural.mdl,"[1747.0, -186.0, 38.0]","[0.0, 0.0, 0.0]",owner-reviewed: large vehicle/setpiece or scripted control; outside furniture/light template scope; exact mesh/animation absent
lostschool_3:entity:5283,lostschool_3,models/props_vehicles/police_car_rural.mdl,"[1986.0, -1191.0, 38.0]","[0.0, 0.0, 0.0]",owner-reviewed: large vehicle/setpiece or scripted control; outside furniture/light template scope; exact mesh/animation absent
lostschool_3:entity:5287,lostschool_3,models/props_vehicles/car005a_physics.mdl,"[1799.0, -1072.0, 101.0]","[0.0, 0.0, 0.0]",owner-reviewed: large vehicle/setpiece or scripted control; outside furniture/light template scope; exact mesh/animation absent
lostschool_3:entity:14580,lostschool_3,models/destruction_tanker/pre_destruction_tanker_trailer.mdl,"[2649.0, -1819.0, 33.0]","[0.0, 0.0, 0.0]",owner-reviewed: access/structural or breakable geometry; preserve verified native NAV and passage layout; Source collision/damage model absent
lostschool_3:entity:14670,lostschool_3,models/props_vehicles/car005a_physics.mdl,"[2646.0, -1844.0, 50.0309]","[0.0, 0.0, 0.0]",owner-reviewed: large vehicle/setpiece or scripted control; outside furniture/light template scope; exact mesh/animation absent
lostschool_3:entity:15234,lostschool_3,models/props_vehicles/car005a_physics.mdl,"[1576.0, -2318.0, -15.0]","[0.0, 0.0, 0.0]",owner-reviewed: large vehicle/setpiece or scripted control; outside furniture/light template scope; exact mesh/animation absent
lostschool_3:entity:15246,lostschool_3,models/props_vehicles/car005a_physics.mdl,"[1599.0, -2152.0, -26.0]","[0.0, 0.0, 0.0]",owner-reviewed: large vehicle/setpiece or scripted control; outside furniture/light template scope; exact mesh/animation absent
lostschool_3:entity:15254,lostschool_3,models/props_vehicles/police_car_rural.mdl,"[1568.0, -2290.0, 37.0]","[0.0, 0.0, -23.5]",owner-reviewed: large vehicle/setpiece or scripted control; outside furniture/light template scope; exact mesh/animation absent
lostschool_3:entity:53295,lostschool_3,models/c1_chargerexit/mall_directory_dest.mdl,"[1980.0, -5922.0, 291.051]","[0.0, 0.0, 0.0]",owner-reviewed model group; outside requested bed/table/cabinet/chair/lighting scope; exact mesh or interactive state unavailable
lostschool_3:entity:55340,lostschool_3,models/props_vehicles/cara_82hatchback.mdl,"[1996.59, -2375.87, -32.9915]","[0.0, 214.5, 0.0]",owner-reviewed: large vehicle/setpiece or scripted control; outside furniture/light template scope; exact mesh/animation absent
lostschool_3:entity:55344,lostschool_3,models/props_vehicles/cara_82hatchback.mdl,"[2097.0, -2465.0, -32.9915]","[0.0, 214.5, 0.0]",owner-reviewed: large vehicle/setpiece or scripted control; outside furniture/light template scope; exact mesh/animation absent
lostschool_3:entity:55364,lostschool_3,models/props_fortifications/orange_cone001_reference.mdl,"[2033.99, -2242.61, -36.7415]","[0.0, 135.0, 0.0]",owner-reviewed model group; outside requested bed/table/cabinet/chair/lighting scope; exact mesh or interactive state unavailable
lostschool_3:entity:55368,lostschool_3,models/props_fortifications/orange_cone001_reference.mdl,"[2056.0, -2207.0, -35.2415]","[0.0, 195.0, 0.0]",owner-reviewed model group; outside requested bed/table/cabinet/chair/lighting scope; exact mesh or interactive state unavailable
lostschool_3:entity:55506,lostschool_3,models/props_fortifications/orange_cone001_reference.mdl,"[2033.99, -2135.0, -17.0]","[0.0, 135.0, 0.0]",owner-reviewed model group; outside requested bed/table/cabinet/chair/lighting scope; exact mesh or interactive state unavailable
lostschool_3:entity:55510,lostschool_3,models/props_fortifications/orange_cone001_reference.mdl,"[2136.0, -2158.0, -17.0]","[-39.2581, 155.954, -54.8123]",owner-reviewed model group; outside requested bed/table/cabinet/chair/lighting scope; exact mesh or interactive state unavailable
lostschool_3:entity:55518,lostschool_3,models/props_fortifications/orange_cone001_reference.mdl,"[2114.0, -2225.0, -17.0]","[-39.2581, 266.954, -54.8123]",owner-reviewed model group; outside requested bed/table/cabinet/chair/lighting scope; exact mesh or interactive state unavailable
lostschool_3:entity:55526,lostschool_3,models/props_fortifications/orange_cone001_reference.mdl,"[2077.0, -2165.0, -17.0]","[-39.2581, 266.954, -54.8123]",owner-reviewed model group; outside requested bed/table/cabinet/chair/lighting scope; exact mesh or interactive state unavailable
lostschool_3:entity:56978,lostschool_3,models/props_vehicles/cara_95sedan_wrecked.mdl,"[3020.0, -4693.0, -62.0]","[0.0, 95.5, 0.0]",owner-reviewed: large vehicle/setpiece or scripted control; outside furniture/light template scope; exact mesh/animation absent
lostschool_3:entity:61787,lostschool_3,models/props_vehicles/cara_95sedan_wrecked.mdl,"[-697.0, -4092.0, 171.0]","[48.7686, 9.81851, -77.0407]",owner-reviewed: large vehicle/setpiece or scripted control; outside furniture/light template scope; exact mesh/animation absent
lostschool_3:entity:61856,lostschool_3,models/props_vehicles/car005a_physics.mdl,"[-924.0, -3530.0, 187.0]","[0.0, 0.0, 0.0]",owner-reviewed: large vehicle/setpiece or scripted control; outside furniture/light template scope; exact mesh/animation absent
lostschool_3:entity:61860,lostschool_3,models/props_vehicles/car005a_physics.mdl,"[-933.538, -3441.0, 124.0]","[0.0, 0.0, 69.5]",owner-reviewed: large vehicle/setpiece or scripted control; outside furniture/light template scope; exact mesh/animation absent
lostschool_3:entity:61864,lostschool_3,models/props_vehicles/police_car_rural.mdl,"[-937.538, -3654.0, 95.0]","[0.0, 0.0, -23.5]",owner-reviewed: large vehicle/setpiece or scripted control; outside furniture/light template scope; exact mesh/animation absent
lostschool_3:entity:61900,lostschool_3,models/props_vehicles/police_car_rural.mdl,"[-937.538, -3439.0, 208.0]","[0.0, 0.0, -23.5]",owner-reviewed: large vehicle/setpiece or scripted control; outside furniture/light template scope; exact mesh/animation absent
lostschool_3:entity:69218,lostschool_3,models/props_vehicles/cara_82hatchback.mdl,"[3815.32, -3336.0, 50.0]","[0.0, 278.0, 0.0]",owner-reviewed: large vehicle/setpiece or scripted control; outside furniture/light template scope; exact mesh/animation absent
lostschool_3:entity:69222,lostschool_3,models/props_vehicles/cara_82hatchback.mdl,"[3915.73, -3391.31, -59.9179]","[0.0, 214.5, 0.0]",owner-reviewed: large vehicle/setpiece or scripted control; outside furniture/light template scope; exact mesh/animation absent
lostschool_3:entity:69361,lostschool_3,models/w_models/weapons/50cal.mdl,"[1711.0, -4705.0, 315.0]","[0.0, 92.0, 0.0]",owner-reviewed model group; outside requested bed/table/cabinet/chair/lighting scope; exact mesh or interactive state unavailable
lostschool_3:entity:69667,lostschool_3,models/infected/common_male_ceda.mdl,"[788.0, -3113.01, -31.0]","[-15.5126, 165.459, 3.96825]",owner-reviewed: animated Source actor model; gameplay infected/director/boss uses actual entities; no extra static combat target
lostschool_3:entity:69675,lostschool_3,models/infected/common_male_fallen_survivor.mdl,"[2353.09, -4692.27, -47.9342]","[0.0, 90.0, 25.5]",owner-reviewed: animated Source actor model; gameplay infected/director/boss uses actual entities; no extra static combat target
lostschool_3:entity:69679,lostschool_3,models/infected/common_male_fallen_survivor.mdl,"[1541.41, -4896.24, 304.066]","[0.0, 90.0, 25.5]",owner-reviewed: animated Source actor model; gameplay infected/director/boss uses actual entities; no extra static combat target
lostschool_3:entity:69683,lostschool_3,models/infected/common_male_fallen_survivor.mdl,"[2628.33, -2800.76, -28.9342]","[0.0, 90.0, 25.5]",owner-reviewed: animated Source actor model; gameplay infected/director/boss uses actual entities; no extra static combat target
lostschool_3:entity:69687,lostschool_3,models/infected/common_male_riot.mdl,"[1261.94, -1774.08, 23.2224]","[0.0, 90.0, 0.0]",owner-reviewed: animated Source actor model; gameplay infected/director/boss uses actual entities; no extra static combat target
lostschool_3:entity:69695,lostschool_3,models/infected/common_male_riot.mdl,"[832.878, -3689.33, -40.7777]","[0.0, 90.0, 0.0]",owner-reviewed: animated Source actor model; gameplay infected/director/boss uses actual entities; no extra static combat target
lostschool_3:entity:69699,lostschool_3,models/infected/common_male_riot.mdl,"[518.029, -4688.34, -59.7776]","[0.0, 90.0, 0.0]",owner-reviewed: animated Source actor model; gameplay infected/director/boss uses actual entities; no extra static combat target
lostschool_3:entity:69703,lostschool_3,models/infected/common_male_riot.mdl,"[1729.76, -4809.99, -59.7776]","[0.0, 90.0, 0.0]",owner-reviewed: animated Source actor model; gameplay infected/director/boss uses actual entities; no extra static combat target
lostschool_3:entity:69715,lostschool_3,models/infected/common_male_ceda.mdl,"[-905.96, -2566.78, -55.6734]","[-15.5126, 165.459, 3.96825]",owner-reviewed: animated Source actor model; gameplay infected/director/boss uses actual entities; no extra static combat target
lostschool_3:entity:69719,lostschool_3,models/infected/common_male_ceda.mdl,"[809.593, -3435.77, -36.6734]","[-15.5126, 165.459, 3.96825]",owner-reviewed: animated Source actor model; gameplay infected/director/boss uses actual entities; no extra static combat target
lostschool_3:entity:69731,lostschool_3,models/infected/common_male_fallen_survivor.mdl,"[-434.958, -4339.64, -47.9342]","[0.0, 90.0, 25.5]",owner-reviewed: animated Source actor model; gameplay infected/director/boss uses actual entities; no extra static combat target
lostschool_3:entity:69735,lostschool_3,models/infected/common_male_fallen_survivor.mdl,"[3258.75, -4597.21, -47.9342]","[0.0, 90.0, 25.5]",owner-reviewed: animated Source actor model; gameplay infected/director/boss uses actual entities; no extra static combat target
lostschool_3:entity:69739,lostschool_3,models/infected/common_male_fallen_survivor.mdl,"[4143.69, -4175.81, -47.9342]","[0.0, 90.0, 25.5]",owner-reviewed: animated Source actor model; gameplay infected/director/boss uses actual entities; no extra static combat target
lostschool_3:entity:69743,lostschool_3,models/infected/common_military_male01.mdl,"[3874.62, -3786.33, -59.7776]","[0.0, 120.0, 0.0]",owner-reviewed: animated Source actor model; gameplay infected/director/boss uses actual entities; no extra static combat target
lostschool_3:entity:69759,lostschool_3,models/props_street/trashbin01.mdl,"[2533.0, -2017.0, 25.023]","[0.0, 90.0, 0.0]",owner-reviewed model group; outside requested bed/table/cabinet/chair/lighting scope; exact mesh or interactive state unavailable
lostschool_3:entity:69789,lostschool_3,models/props_street/trashbin01.mdl,"[1447.47, -2029.86, 24.7791]","[0.0, 90.0, 0.0]",owner-reviewed model group; outside requested bed/table/cabinet/chair/lighting scope; exact mesh or interactive state unavailable
lostschool_3:entity:69793,lostschool_3,models/props_street/trashbin01.mdl,"[1108.09, -2044.23, 24.7791]","[0.0, 90.0, 0.0]",owner-reviewed model group; outside requested bed/table/cabinet/chair/lighting scope; exact mesh or interactive state unavailable
lostschool_3:entity:69797,lostschool_3,models/props_street/trashbin01.mdl,"[1509.26, -1324.15, 30.7791]","[0.0, 90.0, 0.0]",owner-reviewed model group; outside requested bed/table/cabinet/chair/lighting scope; exact mesh or interactive state unavailable
lostschool_3:entity:70294,lostschool_3,models/props_vehicles/car005a_physics.mdl,"[467.0, -3893.0, 36.7302]","[0.0, 0.0, 69.5]",owner-reviewed: large vehicle/setpiece or scripted control; outside furniture/light template scope; exact mesh/animation absent
lostschool_3:entity:70298,lostschool_3,models/props_vehicles/police_car_rural.mdl,"[358.949, -4106.0, 257.0]","[0.0, 0.0, -23.5]",owner-reviewed: large vehicle/setpiece or scripted control; outside furniture/light template scope; exact mesh/animation absent
lostschool_3:entity:70302,lostschool_3,models/props_vehicles/car005a_physics.mdl,"[372.487, -3997.0, 131.0]","[0.0, 0.0, 0.0]",owner-reviewed: large vehicle/setpiece or scripted control; outside furniture/light template scope; exact mesh/animation absent
lostschool_3:entity:70306,lostschool_3,models/props_vehicles/police_car_rural.mdl,"[358.949, -3893.0, 81.0]","[0.0, 0.0, 32.0]",owner-reviewed: large vehicle/setpiece or scripted control; outside furniture/light template scope; exact mesh/animation absent
lostschool_3:entity:74468,lostschool_3,models/props_vehicles/helicopter_rescue.mdl,"[1348.0, 159.0, 1715.0]","[0.0, 269.5, 0.0]",owner-reviewed: large vehicle/setpiece or scripted control; outside furniture/light template scope; exact mesh/animation absent
lostschool_3:entity:78945,lostschool_3,models/infected/common_male_jimmy.mdl,"[792.0, -3285.0, 8.0]","[2.74509, 159.032, 56.9691]",owner-reviewed: animated Source actor model; gameplay infected/director/boss uses actual entities; no extra static combat target
lostschool_3:entity:78996,lostschool_3,models/infected/common_male_jimmy.mdl,"[-1192.5, -2642.69, -36.4366]","[2.74509, 159.032, 56.9691]",owner-reviewed: animated Source actor model; gameplay infected/director/boss uses actual entities; no extra static combat target
lostschool_3:entity:79000,lostschool_3,models/infected/common_male_jimmy.mdl,"[732.212, -4507.86, -36.4366]","[2.74509, 159.032, 56.9691]",owner-reviewed: animated Source actor model; gameplay infected/director/boss uses actual entities; no extra static combat target
lostschool_3:entity:79004,lostschool_3,models/infected/common_male_roadcrew.mdl,"[2431.54, -4444.44, -36.4366]","[2.74509, 159.032, 56.9691]",owner-reviewed: animated Source actor model; gameplay infected/director/boss uses actual entities; no extra static combat target
lostschool_3:entity:79027,lostschool_3,models/infected/common_male_roadcrew.mdl,"[1888.1, -913.103, 274.563]","[2.74509, 159.032, 56.9691]",owner-reviewed: animated Source actor model; gameplay infected/director/boss uses actual entities; no extra static combat target
lostschool_3:entity:79282,lostschool_3,models/props_unique/skybox_cityscape_highrise.mdl,"[12411.0, -11254.0, 953.0]","[0.0, 180.5, 0.0]",owner-reviewed: skybox scale/origin cannot be inferred as ordinary room furniture
lostschool_3:entity:84704,lostschool_3,models/props_foliage/tree_pine_card_cluster_02_skybox.mdl,"[11196.0, -11822.0, 950.0]","[0.0, 0.0, 0.0]",owner-reviewed: skybox scale/origin cannot be inferred as ordinary room furniture
lostschool_3:entity:84763,lostschool_3,models/props_foliage/tree_pine_card_cluster_02_skybox.mdl,"[11098.0, -11719.0, 950.0]","[0.0, 269.5, 0.0]",owner-reviewed: skybox scale/origin cannot be inferred as ordinary room furniture
lostschool_3:entity:84783,lostschool_3,models/props_vehicles/c130.mdl,"[4605.0, -50.0, 1268.09]","[0.0, 237.5, 0.0]",owner-reviewed: large vehicle/setpiece or scripted control; outside furniture/light template scope; exact mesh/animation absent
lostschool_3:entity:84842,lostschool_3,models/props_unique/skybox_cityscape_highrise.mdl,"[12293.0, -10717.0, 953.0]","[0.0, 89.5, 0.0]",owner-reviewed: skybox scale/origin cannot be inferred as ordinary room furniture
lostschool_3:entity:84886,lostschool_3,models/props_unique/skybox_cityscape_highrise.mdl,"[10158.0, -12727.0, 953.0]","[0.0, 269.0, 0.0]",owner-reviewed: skybox scale/origin cannot be inferred as ordinary room furniture
lostschool_3:entity:84910,lostschool_3,models/props_unique/skybox_cityscape_highrise.mdl,"[9330.0, -11836.0, 953.0]","[0.0, 271.0, 0.0]",owner-reviewed: skybox scale/origin cannot be inferred as ordinary room furniture
lostschool_3:entity:84943,lostschool_3,models/props_foliage/tree_pine_card_cluster_02_skybox.mdl,"[11195.0, -11462.0, 950.0]","[0.0, 0.0, 0.0]",owner-reviewed: skybox scale/origin cannot be inferred as ordinary room furniture
lostschool_3:entity:84955,lostschool_3,models/f18/f18_placeholder.mdl,"[11791.0, -11200.0, 1106.0]","[0.0, 90.0, 0.0]",owner-reviewed: large vehicle/setpiece or scripted control; outside furniture/light template scope; exact mesh/animation absent
lostschool_3:entity:84987,lostschool_3,models/f18/f18_placeholder.mdl,"[11763.0, -11163.0, 1106.0]","[0.0, 90.0, 0.0]",owner-reviewed: large vehicle/setpiece or scripted control; outside furniture/light template scope; exact mesh/animation absent
lostschool_3:entity:84991,lostschool_3,models/f18/f18_placeholder.mdl,"[11822.0, -11163.0, 1106.0]","[0.0, 90.0, 0.0]",owner-reviewed: large vehicle/setpiece or scripted control; outside furniture/light template scope; exact mesh/animation absent
lostschool_3:entity:84999,lostschool_3,models/f18/f18_placeholder.mdl,"[11740.0, -11117.0, 1106.0]","[0.0, 90.0, 0.0]",owner-reviewed: large vehicle/setpiece or scripted control; outside furniture/light template scope; exact mesh/animation absent
lostschool_3:entity:85003,lostschool_3,models/f18/f18_placeholder.mdl,"[11843.0, -11120.0, 1106.0]","[0.0, 90.0, 0.0]",owner-reviewed: large vehicle/setpiece or scripted control; outside furniture/light template scope; exact mesh/animation absent
lostschool_3:entity:85194,lostschool_3,models/props_vehicles/c130.mdl,"[6229.0, -40.0, 1268.09]","[0.0, 237.5, 0.0]",owner-reviewed: large vehicle/setpiece or scripted control; outside furniture/light template scope; exact mesh/animation absent
lostschool_3:entity:85198,lostschool_3,models/props_vehicles/c130.mdl,"[4506.0, 1191.0, 1268.09]","[0.0, 237.5, 0.0]",owner-reviewed: large vehicle/setpiece or scripted control; outside furniture/light template scope; exact mesh/animation absent
lostschool_3:entity:85341,lostschool_3,models/f18/f18_placeholder.mdl,"[11143.4, -11667.5, 1192.0]","[0.0, 179.0, 0.0]",owner-reviewed: large vehicle/setpiece or scripted control; outside furniture/light template scope; exact mesh/animation absent
lostschool_3:entity:85357,lostschool_3,models/f18/f18_placeholder.mdl,"[11118.0, -11642.0, 1192.0]","[0.0, 179.0, 0.0]",owner-reviewed: large vehicle/setpiece or scripted control; outside furniture/light template scope; exact mesh/animation absent
lostschool_3:entity:85361,lostschool_3,models/f18/f18_placeholder.mdl,"[11117.0, -11694.0, 1192.0]","[0.0, 179.0, 0.0]",owner-reviewed: large vehicle/setpiece or scripted control; outside furniture/light template scope; exact mesh/animation absent
lostschool_3:entity:85365,lostschool_3,models/f18/f18_placeholder.mdl,"[12097.0, -12345.0, 1181.0]","[0.0, 317.5, 0.0]",owner-reviewed: large vehicle/setpiece or scripted control; outside furniture/light template scope; exact mesh/animation absent
lostschool_3:entity:85401,lostschool_3,models/f18/f18_placeholder.mdl,"[12101.0, -12378.0, 1181.0]","[0.0, 317.5, 0.0]",owner-reviewed: large vehicle/setpiece or scripted control; outside furniture/light template scope; exact mesh/animation absent
lostschool_3:entity:85405,lostschool_3,models/f18/f18_placeholder.mdl,"[12132.0, -12350.0, 1181.0]","[0.0, 317.5, 0.0]",owner-reviewed: large vehicle/setpiece or scripted control; outside furniture/light template scope; exact mesh/animation absent
lostschool_3:entity:85409,lostschool_3,models/f18/f18_placeholder.mdl,"[12170.0, -12355.0, 1181.0]","[0.0, 317.5, 0.0]",owner-reviewed: large vehicle/setpiece or scripted control; outside furniture/light template scope; exact mesh/animation absent
lostschool_3:entity:85413,lostschool_3,models/f18/f18_placeholder.mdl,"[12113.0, -12419.0, 1181.0]","[0.0, 317.5, 0.0]",owner-reviewed: large vehicle/setpiece or scripted control; outside furniture/light template scope; exact mesh/animation absent
lostschool_3:entity:88795,lostschool_3,models/infected/common_male_jimmy.mdl,"[1202.62, -3474.19, -17.4366]","[2.74509, 159.032, 56.9691]",owner-reviewed: animated Source actor model; gameplay infected/director/boss uses actual entities; no extra static combat target
lostschool_3:entity:88904,lostschool_3,models/props_downtown/phone_book.mdl,"[1147.0, -3519.0, 4.0]","[0.0, 319.5, 0.0]",owner-reviewed model group; outside requested bed/table/cabinet/chair/lighting scope; exact mesh or interactive state unavailable
lostschool_3:entity:89182,lostschool_3,models/infected/common_male_jimmy.mdl,"[4612.45, -3732.94, -36.4366]","[2.74509, 159.032, 56.9691]",owner-reviewed: animated Source actor model; gameplay infected/director/boss uses actual entities; no extra static combat target
lostschool_3:entity:114440,lostschool_3,models/props_vehicles/police_car_rural.mdl,"[-52.0, 522.0, 300.0]","[0.0, 22.5, 0.0]",owner-reviewed: large vehicle/setpiece or scripted control; outside furniture/light template scope; exact mesh/animation absent
lostschool_3:entity:114444,lostschool_3,models/props_vehicles/car005a_physics.mdl,"[77.0, 459.435, 325.0]","[0.0, 75.0, 0.0]",owner-reviewed: large vehicle/setpiece or scripted control; outside furniture/light template scope; exact mesh/animation absent
lostschool_3:entity:114448,lostschool_3,models/props_vehicles/car005a_physics.mdl,"[223.0, 432.9, 325.0]","[0.0, 0.0, 0.0]",owner-reviewed: large vehicle/setpiece or scripted control; outside furniture/light template scope; exact mesh/animation absent
lostschool_3:entity:114497,lostschool_3,models/infected/hulk_dlc3.mdl,"[44.0, 384.0, 344.0]","[0.0, 326.5, 0.0]",owner-reviewed: animated Source actor model; gameplay infected/director/boss uses actual entities; no extra static combat target
lostschool_3:entity:118315,lostschool_3,models/props_doors/shackwall01_dmg03.mdl,"[1377.0, -2077.0, 33.0]","[0.0, 89.0, 0.0]",owner-reviewed: separate opening/control geometry; preserve native room/checkpoint door behaviour; no static fake closed doors
lostschool_3:entity:118357,lostschool_3,models/props_doors/shackwall01_dmg03.mdl,"[1314.0, -2076.0, 33.0]","[0.0, 273.0, 0.0]",owner-reviewed: separate opening/control geometry; preserve native room/checkpoint door behaviour; no static fake closed doors
lostschool_3:entity:118369,lostschool_3,models/props_doors/shackwall01_dmg02.mdl,"[1250.0, -2079.0, 33.0]","[0.0, 270.5, 0.0]",owner-reviewed: separate opening/control geometry; preserve native room/checkpoint door behaviour; no static fake closed doors
lostschool_3:entity:118373,lostschool_3,models/props_doors/shackwall01_dmg02.mdl,"[1190.0, -2081.0, 33.0]","[0.0, 283.0, 0.0]",owner-reviewed: separate opening/control geometry; preserve native room/checkpoint door behaviour; no static fake closed doors
lostschool_3:entity:118485,lostschool_3,models/infected/common_military_male01.mdl,"[1150.39, -1757.15, 24.2224]","[0.0, 120.0, 0.0]",owner-reviewed: animated Source actor model; gameplay infected/director/boss uses actual entities; no extra static combat target
lostschool_3:entity:118489,lostschool_3,models/infected/common_military_male01.mdl,"[1336.51, -1616.42, 24.2224]","[0.0, 120.0, 0.0]",owner-reviewed: animated Source actor model; gameplay infected/director/boss uses actual entities; no extra static combat target
lostschool_3:entity:121326,lostschool_3,models/props_interiors/computer_monitor.mdl,"[1400.69, -1100.99, 73.3315]","[0.0, 271.0, 0.0]",owner-reviewed model group; outside requested bed/table/cabinet/chair/lighting scope; exact mesh or interactive state unavailable
lostschool_3:entity:121330,lostschool_3,models/props_interiors/computer_keyboard.mdl,"[1400.0, -1119.0, 74.3315]","[0.0, 271.0, 0.0]",owner-reviewed model group; outside requested bed/table/cabinet/chair/lighting scope; exact mesh or interactive state unavailable
lostschool_3:entity:121334,lostschool_3,models/props/cs_office/computer_mouse.mdl,"[1417.96, -1116.69, 74.3315]","[0.0, 271.0, 0.0]",owner-reviewed model group; outside requested bed/table/cabinet/chair/lighting scope; exact mesh or interactive state unavailable
lostschool_3:entity:121362,lostschool_3,models/props_interiors/computer_monitor.mdl,"[1309.69, -1100.99, 73.3315]","[0.0, 271.0, 0.0]",owner-reviewed model group; outside requested bed/table/cabinet/chair/lighting scope; exact mesh or interactive state unavailable
lostschool_3:entity:121366,lostschool_3,models/props_interiors/computer_keyboard.mdl,"[1309.0, -1119.0, 74.3315]","[0.0, 271.0, 0.0]",owner-reviewed model group; outside requested bed/table/cabinet/chair/lighting scope; exact mesh or interactive state unavailable
lostschool_3:entity:121370,lostschool_3,models/props/cs_office/computer_mouse.mdl,"[1326.96, -1116.69, 74.3315]","[0.0, 271.0, 0.0]",owner-reviewed model group; outside requested bed/table/cabinet/chair/lighting scope; exact mesh or interactive state unavailable
lostschool_3:entity:121374,lostschool_3,models/props_interiors/computer_monitor.mdl,"[1217.69, -1232.99, 73.3315]","[0.0, 271.0, 0.0]",owner-reviewed model group; outside requested bed/table/cabinet/chair/lighting scope; exact mesh or interactive state unavailable
lostschool_3:entity:121378,lostschool_3,models/props_interiors/computer_keyboard.mdl,"[1217.0, -1251.0, 74.3315]","[0.0, 271.0, 0.0]",owner-reviewed model group; outside requested bed/table/cabinet/chair/lighting scope; exact mesh or interactive state unavailable
lostschool_3:entity:121382,lostschool_3,models/props/cs_office/computer_mouse.mdl,"[1234.96, -1248.69, 74.3315]","[0.0, 271.0, 0.0]",owner-reviewed model group; outside requested bed/table/cabinet/chair/lighting scope; exact mesh or interactive state unavailable
lostschool_3:entity:121386,lostschool_3,models/props_interiors/computer_monitor.mdl,"[1124.69, -1232.99, 73.3315]","[0.0, 271.0, 0.0]",owner-reviewed model group; outside requested bed/table/cabinet/chair/lighting scope; exact mesh or interactive state unavailable
lostschool_3:entity:121390,lostschool_3,models/props_interiors/computer_keyboard.mdl,"[1124.0, -1251.0, 74.3315]","[0.0, 271.0, 0.0]",owner-reviewed model group; outside requested bed/table/cabinet/chair/lighting scope; exact mesh or interactive state unavailable
lostschool_3:entity:121394,lostschool_3,models/props/cs_office/computer_mouse.mdl,"[1141.96, -1248.69, 74.3315]","[0.0, 271.0, 0.0]",owner-reviewed model group; outside requested bed/table/cabinet/chair/lighting scope; exact mesh or interactive state unavailable
lostschool_3:entity:127053,lostschool_3,models/infected/hulk_dlc3.mdl,"[2049.0, -5433.0, 919.0]","[0.0, 151.5, 0.0]",owner-reviewed: animated Source actor model; gameplay infected/director/boss uses actual entities; no extra static combat target
